{
"type": "FeatureCollection",
"name": "LivingAreaCenterInformation",
"crs": { "type": "name", "properties": { "name": "urn:ogc:def:crs:OGC:1.3:CRS84" } },
"features": [
{ "type": "Feature", "properties": { "OBJECTID": 3589, "ID": "중심지_51", "CODE": "ZON540", "ENT_NAME": "중심지", "JOSER_ID": null, "GOSI_ID": null, "LABEL": "중곡지구중심(동북권)", "GOSI_DATE": null }, "geometry": { "type": "Polygon", "coordinates": [ [ [ 127.086309725414793, 37.567989353164258 ], [ 127.08635664828239, 37.56771433789033 ], [ 127.08637778809225, 37.567590841374766 ], [ 127.086401435225724, 37.56745257675545 ], [ 127.086423912957315, 37.567321241568159 ], [ 127.086428815554299, 37.567292605539166 ], [ 127.086470217696132, 37.567050849633205 ], [ 127.08650611213082, 37.566843290171676 ], [ 127.086529052088295, 37.566710647284189 ], [ 127.086538982593098, 37.566653229160934 ], [ 127.086553577578925, 37.566568895156777 ], [ 127.086559739846479, 37.566533265641318 ], [ 127.08664329389498, 37.566043905696262 ], [ 127.086666173862412, 37.565908705802485 ], [ 127.086672256441176, 37.565872769097609 ], [ 127.086687311047243, 37.565783795545016 ], [ 127.086699386246437, 37.56571248261077 ], [ 127.086714710620683, 37.565621912306163 ], [ 127.086752228779673, 37.565400188009463 ], [ 127.08675800777695, 37.565366100344612 ], [ 127.086773635561997, 37.565273727831027 ], [ 127.086784642416973, 37.565208642384874 ], [ 127.086797234640855, 37.565134301738958 ], [ 127.086842095855317, 37.564851033672753 ], [ 127.086851816528608, 37.564789688247693 ], [ 127.086881268560177, 37.564621830806303 ], [ 127.086910754261808, 37.564453838180192 ], [ 127.086939414111214, 37.564286314653536 ], [ 127.086968343851041, 37.564117366456806 ], [ 127.086996722457442, 37.563951573008573 ], [ 127.08702549445097, 37.563783473633883 ], [ 127.087051208219165, 37.563633331366468 ], [ 127.087066296779554, 37.563545140666619 ], [ 127.087075370151453, 37.563492120814779 ], [ 127.086789273111819, 37.56346198157668 ], [ 127.086548658235131, 37.563435720992807 ], [ 127.08641549264398, 37.563421187463071 ], [ 127.08638050186569, 37.56341737170213 ], [ 127.086274966953411, 37.563405860790645 ], [ 127.086131668898915, 37.563390061116586 ], [ 127.086034935104962, 37.563379395117458 ], [ 127.085903507141424, 37.563364903914696 ], [ 127.085858759213934, 37.563360459774906 ], [ 127.085836447850113, 37.563358043040388 ], [ 127.085821584917667, 37.563356423764716 ], [ 127.085638879452063, 37.563383726995632 ], [ 127.085527289501698, 37.563422765200237 ], [ 127.085402993813545, 37.563466264112257 ], [ 127.085313307316255, 37.56349741100798 ], [ 127.085222726941169, 37.563528875617166 ], [ 127.085088011265469, 37.563576561270388 ], [ 127.084975877382504, 37.563615536268635 ], [ 127.08484887663883, 37.563659666299365 ], [ 127.084818634044566, 37.563670184158475 ], [ 127.084706358480688, 37.563709231980312 ], [ 127.08460351870292, 37.563744927684553 ], [ 127.084467002591964, 37.563792604884888 ], [ 127.084381456128114, 37.563822163323664 ], [ 127.084275068876579, 37.56385893520946 ], [ 127.084085872847893, 37.563924309159916 ], [ 127.084030914982776, 37.5639082099704 ], [ 127.083964578883808, 37.563786542644102 ], [ 127.083901694184263, 37.563671204117767 ], [ 127.083849849367269, 37.563576123798299 ], [ 127.083836262411197, 37.563551193902597 ], [ 127.083771723817662, 37.563437309750185 ], [ 127.083759272004968, 37.563415334297467 ], [ 127.083559804094236, 37.563051382581484 ], [ 127.083460093554109, 37.562869452072015 ], [ 127.083366617657035, 37.562695815258571 ], [ 127.083321228567442, 37.562617903965005 ], [ 127.083306221076825, 37.56259050447661 ], [ 127.083262365653013, 37.562510436931049 ], [ 127.083212352205607, 37.562419120277013 ], [ 127.083164368922581, 37.562331533191781 ], [ 127.083119528279653, 37.562249663391796 ], [ 127.082907207114388, 37.561862029675673 ], [ 127.082906742224395, 37.561862294886893 ], [ 127.0828450161967, 37.561897791337081 ], [ 127.082605254499697, 37.562035654388637 ], [ 127.082491044000164, 37.562101145470237 ], [ 127.082383381426794, 37.562162923485737 ], [ 127.081787006708453, 37.562367660304318 ], [ 127.081617428929903, 37.562424375591689 ], [ 127.081533341428639, 37.562452499312428 ], [ 127.081396406065622, 37.562498299199937 ], [ 127.081257589892175, 37.562544531772232 ], [ 127.081134920199617, 37.562585385202532 ], [ 127.080982551395408, 37.562636123424447 ], [ 127.080918533877067, 37.562657528037946 ], [ 127.080725579376988, 37.562722069333887 ], [ 127.080590702620867, 37.562767543449318 ], [ 127.080586673587192, 37.562768896729828 ], [ 127.080410113540097, 37.562828435951957 ], [ 127.080350701952355, 37.562848468577272 ], [ 127.080285111733289, 37.562869666669322 ], [ 127.080199234529658, 37.562897411315845 ], [ 127.080053333371993, 37.562944279685098 ], [ 127.08001657236089, 37.562956088164285 ], [ 127.079933557382887, 37.562982758537572 ], [ 127.079634673523813, 37.563078752496317 ], [ 127.079669552702569, 37.563141995051005 ], [ 127.079724392422037, 37.563241408988254 ], [ 127.079778665312418, 37.563339815968504 ], [ 127.079813649073813, 37.563403258427897 ], [ 127.07985373588248, 37.563475949744706 ], [ 127.079901002106723, 37.563561638450352 ], [ 127.079959300059457, 37.563667358698694 ], [ 127.080017429029624, 37.563772600603571 ], [ 127.08004395364101, 37.563820848933396 ], [ 127.080110940797326, 37.563942320714688 ], [ 127.080205482522544, 37.564113760047675 ], [ 127.080247486590892, 37.564189929562218 ], [ 127.080359159767553, 37.564396946392378 ], [ 127.080407310182693, 37.564484949831737 ], [ 127.080425727100248, 37.564518607470617 ], [ 127.080473867448319, 37.564606575749124 ], [ 127.080587964515772, 37.564815087268741 ], [ 127.08060999925641, 37.564855372829072 ], [ 127.08067902943867, 37.564981519928871 ], [ 127.080741321473326, 37.565093434085817 ], [ 127.080767755661128, 37.565140917363131 ], [ 127.0808308769071, 37.565254290514481 ], [ 127.08086686999259, 37.565318957306665 ], [ 127.080889472418022, 37.565359541557946 ], [ 127.080936081113379, 37.565444140066532 ], [ 127.080945527830153, 37.565461278622038 ], [ 127.080991491333364, 37.565544671117692 ], [ 127.08106225702025, 37.56567312153831 ], [ 127.081133692035777, 37.565802770677884 ], [ 127.081199218880698, 37.565921801105134 ], [ 127.081282471654703, 37.566073065894521 ], [ 127.081333335295056, 37.56616549095007 ], [ 127.081383552625738, 37.566256736124586 ], [ 127.081433917513309, 37.566348251472895 ], [ 127.081484136534272, 37.566440848083047 ], [ 127.08155876210445, 37.566578414474158 ], [ 127.081587157670981, 37.566627914439643 ], [ 127.081602865186014, 37.566656680452013 ], [ 127.081651348675607, 37.566745403913529 ], [ 127.08170154483318, 37.566837289560446 ], [ 127.081750879179594, 37.566927597238731 ], [ 127.081839647265241, 37.567090075163797 ], [ 127.081853551675948, 37.567115510512615 ], [ 127.081897340502479, 37.567195685780909 ], [ 127.08197175024884, 37.567331134717229 ], [ 127.082053839468486, 37.56748058062265 ], [ 127.08211064693117, 37.567584001430177 ], [ 127.082218219657065, 37.567779857735403 ], [ 127.082270662280436, 37.567875344639468 ], [ 127.082353297093221, 37.568025788243901 ], [ 127.0823907564602, 37.568093652944505 ], [ 127.082391262283721, 37.568094568001939 ], [ 127.082585918424243, 37.568080544874867 ], [ 127.082739789011143, 37.568068311824028 ], [ 127.082851716565159, 37.568061395372617 ], [ 127.082936004595737, 37.568056184527883 ], [ 127.083096488007456, 37.568045252884588 ], [ 127.083121058924391, 37.568043586195657 ], [ 127.083133419641428, 37.568042740633928 ], [ 127.083160627709162, 37.568040882906274 ], [ 127.083305547273824, 37.568031024905977 ], [ 127.08339336595995, 37.568025036439181 ], [ 127.083435799399524, 37.568022149972421 ], [ 127.083470195240125, 37.568010080793151 ], [ 127.083597905213992, 37.56796526612937 ], [ 127.083635798398291, 37.567951969126575 ], [ 127.08382449812477, 37.567885767374264 ], [ 127.083899407865843, 37.567902022113678 ], [ 127.083997534197636, 37.567923316033422 ], [ 127.084082526118948, 37.567941762924825 ], [ 127.084147378786241, 37.567955845048978 ], [ 127.084246410998304, 37.567977327335143 ], [ 127.084357772783477, 37.568001494842356 ], [ 127.084460167728082, 37.56802372240967 ], [ 127.084534201434579, 37.568039789054716 ], [ 127.084550029407879, 37.568043219699092 ], [ 127.084616703930607, 37.568057687708723 ], [ 127.084703813337015, 37.568076583156042 ], [ 127.084816059662998, 37.568100947824583 ], [ 127.084892222023981, 37.568117463237087 ], [ 127.084922791148045, 37.568124099948307 ], [ 127.085036915916447, 37.568148868524268 ], [ 127.085119203528066, 37.568166712919449 ], [ 127.085218315591561, 37.568188248392083 ], [ 127.085271075743833, 37.568199707585109 ], [ 127.085316793667303, 37.568209631063439 ], [ 127.085413698010854, 37.568230636355821 ], [ 127.085535383140467, 37.568455922970976 ], [ 127.085681955452756, 37.568455818578229 ], [ 127.086233902244302, 37.568455423834131 ], [ 127.086274351914341, 37.568217078066347 ], [ 127.08628609285357, 37.568120797262686 ], [ 127.086299050852475, 37.568048735042595 ], [ 127.086309725414793, 37.567989353164258 ] ] ] } },
{ "type": "Feature", "properties": { "OBJECTID": 3590, "ID": "중심지_52", "CODE": "ZON540", "ENT_NAME": "중심지", "JOSER_ID": null, "GOSI_ID": null, "LABEL": "신대방지구중심(서남권)", "GOSI_DATE": null }, "geometry": { "type": "Polygon", "coordinates": [ [ [ 126.932363724476232, 37.499938608435158 ], [ 126.93224278982224, 37.499825957811417 ], [ 126.932181216934424, 37.49977297000337 ], [ 126.932072445698836, 37.499678373342604 ], [ 126.932020091544118, 37.499635635222191 ], [ 126.931930773683476, 37.499575619386469 ], [ 126.931806064403162, 37.499498096023245 ], [ 126.931758312775713, 37.499480130756211 ], [ 126.931552477573589, 37.499375240915022 ], [ 126.931551787202466, 37.499375815343356 ], [ 126.931406382859734, 37.499311192411227 ], [ 126.931268189758626, 37.499250833509407 ], [ 126.931211359313906, 37.499218859300399 ], [ 126.931157297004233, 37.499201663091021 ], [ 126.931079524514473, 37.49916791939706 ], [ 126.931009864521002, 37.499141884032355 ], [ 126.930931732970947, 37.499129311693991 ], [ 126.930897141481864, 37.499115246254227 ], [ 126.930832714262152, 37.4990926917677 ], [ 126.930724414124512, 37.499064939232291 ], [ 126.930447268394573, 37.498996251886098 ], [ 126.930280696486705, 37.498954759684885 ], [ 126.930255650209475, 37.49895211186184 ], [ 126.930188077263224, 37.498943801717623 ], [ 126.930096453035247, 37.498933051508985 ], [ 126.929984111821611, 37.498921739078199 ], [ 126.92995448653015, 37.498918054072199 ], [ 126.929911722496428, 37.49891230681915 ], [ 126.929744671080087, 37.498899699590432 ], [ 126.929635697931303, 37.498890506221414 ], [ 126.929615853842677, 37.498887710059968 ], [ 126.92955068697087, 37.498882325657327 ], [ 126.929354551566533, 37.498867791841697 ], [ 126.929262787533375, 37.49886151886475 ], [ 126.929171023534806, 37.498855225994603 ], [ 126.929129803650483, 37.498854905218415 ], [ 126.928986460493107, 37.498860536843779 ], [ 126.928766258815315, 37.498859248173524 ], [ 126.928652943974583, 37.498861007368916 ], [ 126.928306812099279, 37.498867785136824 ], [ 126.928002330471742, 37.498943398888869 ], [ 126.92762786454692, 37.499058851714068 ], [ 126.927502643050786, 37.49909320229316 ], [ 126.927353074728288, 37.499126544557534 ], [ 126.927335892722837, 37.499130624304279 ], [ 126.927285479806898, 37.499140602734848 ], [ 126.927039277543386, 37.499185876137126 ], [ 126.926976954517968, 37.499186411669051 ], [ 126.926915968081033, 37.49918477840729 ], [ 126.926788631289838, 37.499185105183294 ], [ 126.926683865410823, 37.499175443233767 ], [ 126.926638826611864, 37.499171511570744 ], [ 126.926579464409556, 37.499162808127139 ], [ 126.92657924279078, 37.499162775550609 ], [ 126.926451105012532, 37.499145389622939 ], [ 126.926437602820045, 37.49914494856371 ], [ 126.926369144530597, 37.499128858252398 ], [ 126.926266235578282, 37.499105772233342 ], [ 126.926160493559877, 37.499077350405386 ], [ 126.926091940346268, 37.499054565452553 ], [ 126.925554231657429, 37.498877345889383 ], [ 126.925484767475453, 37.498849955894478 ], [ 126.924995084901681, 37.498688424037567 ], [ 126.924910480278712, 37.498659582298799 ], [ 126.924837699901886, 37.498635316237902 ], [ 126.924719078098121, 37.498596270992749 ], [ 126.924637547927986, 37.498569097904337 ], [ 126.924527291858411, 37.498532851005955 ], [ 126.924430072036131, 37.498499252437583 ], [ 126.924329878048283, 37.498465732935784 ], [ 126.924255956275999, 37.498441078340754 ], [ 126.924209223222718, 37.498424748702227 ], [ 126.924197070782512, 37.498420542095324 ], [ 126.924129929369641, 37.498400640122057 ], [ 126.924000505117689, 37.498332115407706 ], [ 126.923965864183799, 37.498345607655672 ], [ 126.923845797957, 37.498304470266852 ], [ 126.923777822781673, 37.498281792468774 ], [ 126.923581085028388, 37.498218322635175 ], [ 126.92347832661315, 37.49818300773066 ], [ 126.923379874629731, 37.498149839962032 ], [ 126.923280176402784, 37.498118959822932 ], [ 126.92318031205518, 37.498084799853707 ], [ 126.923046541235166, 37.498043138994085 ], [ 126.922879332338496, 37.497989544526291 ], [ 126.922762473599775, 37.497953462772927 ], [ 126.922524836876121, 37.497877043583998 ], [ 126.92253621241197, 37.497824171566904 ], [ 126.922537822332004, 37.497792351165607 ], [ 126.922386876609309, 37.497787500096138 ], [ 126.922001155354181, 37.497764734167951 ], [ 126.921626449679636, 37.497751795317392 ], [ 126.921442998301913, 37.49774535512077 ], [ 126.921436361865574, 37.497743791894614 ], [ 126.921346801834773, 37.497740514589005 ], [ 126.921272339435191, 37.497736544691826 ], [ 126.921090099905655, 37.497728455942422 ], [ 126.92066258740681, 37.497712144379008 ], [ 126.920070319549708, 37.49768700514479 ], [ 126.920012556201499, 37.497790544137295 ], [ 126.91992649503284, 37.497949429937989 ], [ 126.919999102258174, 37.498047688928693 ], [ 126.920135464706789, 37.498231884021124 ], [ 126.920213889671828, 37.498336363774136 ], [ 126.920243808087847, 37.498507186691668 ], [ 126.920245200076835, 37.498568852002208 ], [ 126.920248079390774, 37.49867726214827 ], [ 126.920253286407274, 37.498860474804133 ], [ 126.920258775545093, 37.499054697851633 ], [ 126.920263422491033, 37.499222566103569 ], [ 126.920267706702901, 37.499380802426039 ], [ 126.920274124227916, 37.499605425785738 ], [ 126.920279877285736, 37.499817101330684 ], [ 126.920285965063471, 37.500033002780846 ], [ 126.92034590210956, 37.500032980906923 ], [ 126.920349039527579, 37.50003893866257 ], [ 126.920357948217074, 37.500062334703848 ], [ 126.920442283223821, 37.500277641145473 ], [ 126.920487891648463, 37.500393144397336 ], [ 126.920511192289524, 37.5004520226043 ], [ 126.92065836620904, 37.500452546894742 ], [ 126.921093418788843, 37.500444023079865 ], [ 126.921276706475922, 37.500440480645707 ], [ 126.921607103494139, 37.500434361557332 ], [ 126.921759279105842, 37.500431905554443 ], [ 126.922019334364009, 37.500425908993783 ], [ 126.922434212486067, 37.500416456655522 ], [ 126.922842508241686, 37.500407448976226 ], [ 126.92317014621112, 37.500400756049977 ], [ 126.923583711650579, 37.500391848413315 ], [ 126.923846865358712, 37.500385768783623 ], [ 126.923936061590794, 37.500383124395334 ], [ 126.924013450962661, 37.500380805564085 ], [ 126.924197066324055, 37.500377258813955 ], [ 126.924295579253467, 37.500376395218311 ], [ 126.924425227443351, 37.500373785904635 ], [ 126.924469513816732, 37.50037317508604 ], [ 126.9246109004375, 37.500370780453039 ], [ 126.924734159014747, 37.500368220700629 ], [ 126.924832956354265, 37.500365689994545 ], [ 126.925011336717674, 37.500361057382577 ], [ 126.925375446545019, 37.500353399864494 ], [ 126.925804505003114, 37.50034417908806 ], [ 126.926417011175801, 37.500329108899763 ], [ 126.926485661218095, 37.500324197027567 ], [ 126.926608511354871, 37.500322818972137 ], [ 126.926621765551161, 37.500322672403584 ], [ 126.926790577094977, 37.500319310456327 ], [ 126.926806760636993, 37.500318825142422 ], [ 126.92692109565705, 37.500316933213654 ], [ 126.926946541464218, 37.500316181627028 ], [ 126.927022504714913, 37.500314906884654 ], [ 126.927091716260733, 37.500313914357776 ], [ 126.927093616854705, 37.500313212776248 ], [ 126.927248256895368, 37.500311255814374 ], [ 126.92729452263508, 37.500310275771689 ], [ 126.927493642277838, 37.500306643537471 ], [ 126.927634045535825, 37.50030350585142 ], [ 126.927908423022828, 37.500302866223855 ], [ 126.927957774484923, 37.500268927516643 ], [ 126.927992595136601, 37.500245325011264 ], [ 126.927997937545527, 37.500240626925724 ], [ 126.928126693806334, 37.500305476158978 ], [ 126.928460318909018, 37.50031622642306 ], [ 126.928496384132814, 37.500310458903321 ], [ 126.928503778810651, 37.500142265070529 ], [ 126.928566601163581, 37.500140750557534 ], [ 126.928666562894406, 37.500138217364203 ], [ 126.928764986610673, 37.500135683139206 ], [ 126.928766128692388, 37.500147459893292 ], [ 126.928987093860968, 37.500146667727357 ], [ 126.929067409079579, 37.500147203546724 ], [ 126.929212580224601, 37.500148319621282 ], [ 126.929366649578455, 37.500149051720641 ], [ 126.929447279084044, 37.500149697395535 ], [ 126.929712885629982, 37.500150574517541 ], [ 126.92982345000317, 37.500150980440189 ], [ 126.930047742012647, 37.500150435182874 ], [ 126.930114166921044, 37.500151751161653 ], [ 126.930296746636216, 37.500013689637484 ], [ 126.930530722524338, 37.500025750666289 ], [ 126.930577772801442, 37.499902915158728 ], [ 126.930596337762978, 37.499907330385788 ], [ 126.930612447357305, 37.499913171318113 ], [ 126.930818662620112, 37.50001094512632 ], [ 126.930953083029394, 37.500079670767882 ], [ 126.931086120115594, 37.500152532816394 ], [ 126.931221561086375, 37.500230910255681 ], [ 126.931359981880462, 37.500315715229796 ], [ 126.931469932968156, 37.500382137210501 ], [ 126.931502168828573, 37.500400554708598 ], [ 126.9316907842897, 37.500516473477454 ], [ 126.931733700481772, 37.500542130439861 ], [ 126.93176308674532, 37.500560412835299 ], [ 126.93187605749489, 37.500627423669442 ], [ 126.932051736502842, 37.500450479092152 ], [ 126.932104267396682, 37.500388432972827 ], [ 126.932206402986083, 37.500285490786723 ], [ 126.932324428578724, 37.500168898679917 ], [ 126.932350610051529, 37.500142875152839 ], [ 126.93242936197295, 37.500060405982367 ], [ 126.932455690335274, 37.500034438379281 ], [ 126.932449464252883, 37.50002889359839 ], [ 126.932450087817188, 37.500027182065665 ], [ 126.932363724476232, 37.499938608435158 ] ] ] } },
{ "type": "Feature", "properties": { "OBJECTID": 3591, "ID": "중심지_53", "CODE": "ZON510", "ENT_NAME": "중심지", "JOSER_ID": null, "GOSI_ID": null, "LABEL": "영등포여의도도심(서남권)", "GOSI_DATE": null }, "geometry": { "type": "Polygon", "coordinates": [ [ [ 126.918885014194672, 37.532990816527366 ], [ 126.919265061460649, 37.532884278056031 ], [ 126.91928213384378, 37.532905057843465 ], [ 126.919583472752478, 37.53281658249368 ], [ 126.920037018826278, 37.53268353121257 ], [ 126.920253479285847, 37.532616502275744 ], [ 126.920695966435176, 37.532475719334208 ], [ 126.921206310926351, 37.53231462744877 ], [ 126.921560367954029, 37.532204225667066 ], [ 126.921724480826725, 37.532154935179754 ], [ 126.922025486309551, 37.532065921773565 ], [ 126.922611811251087, 37.531890855454861 ], [ 126.924453831179591, 37.531346502044364 ], [ 126.924584338947568, 37.531308186775561 ], [ 126.924715900546516, 37.531268115109739 ], [ 126.925202944193302, 37.531118784767109 ], [ 126.925591720110134, 37.530999356333027 ], [ 126.925969055647599, 37.530881081580759 ], [ 126.926402823929294, 37.530726819791354 ], [ 126.92670580395496, 37.530620496603909 ], [ 126.926837110846478, 37.530572556731862 ], [ 126.927218991159165, 37.530430584710643 ], [ 126.927295206957353, 37.530399341114418 ], [ 126.927529261196227, 37.530306217082568 ], [ 126.927952540600259, 37.53013513947564 ], [ 126.928140249562006, 37.530046039824924 ], [ 126.928354968922235, 37.529939432276834 ], [ 126.928884856957026, 37.529656333655112 ], [ 126.929241411081463, 37.529454099030836 ], [ 126.929550841160449, 37.529277810276589 ], [ 126.929667295965757, 37.529211378806195 ], [ 126.929967059235352, 37.529038533879621 ], [ 126.930147127485071, 37.5289247751925 ], [ 126.930230263915135, 37.528870080997748 ], [ 126.930490106829481, 37.528702220158472 ], [ 126.930646063285948, 37.528602321511066 ], [ 126.931020923022089, 37.52834062683926 ], [ 126.931301977037293, 37.528121699491997 ], [ 126.931567695870484, 37.527919511869612 ], [ 126.932448286648949, 37.527253465491569 ], [ 126.93275874792289, 37.52702019898561 ], [ 126.932878927472132, 37.526931439846457 ], [ 126.933016669721752, 37.526824472662824 ], [ 126.933367878202446, 37.526551962822069 ], [ 126.933783667960952, 37.526230655071991 ], [ 126.93422737155035, 37.525886981039299 ], [ 126.934970912087621, 37.525317081698347 ], [ 126.93543186241655, 37.524966799497015 ], [ 126.935770041032441, 37.524710466005068 ], [ 126.936132680005457, 37.524435530522517 ], [ 126.936474239387749, 37.524175601891038 ], [ 126.936871340071406, 37.523877022958978 ], [ 126.937266039024948, 37.523578828796786 ], [ 126.937474605111021, 37.523421312993904 ], [ 126.937172010728801, 37.523420067344148 ], [ 126.93717381056824, 37.523418707822202 ], [ 126.937297954251434, 37.523324702495991 ], [ 126.937943850693316, 37.522839595769781 ], [ 126.938539212975712, 37.5223877412962 ], [ 126.938907300143043, 37.522105853409101 ], [ 126.939247696505134, 37.521846213357968 ], [ 126.939559894367292, 37.521607902103938 ], [ 126.939833492327082, 37.521398356663326 ], [ 126.940067549203476, 37.521221135749691 ], [ 126.940165221943317, 37.521146773316353 ], [ 126.940357907241733, 37.520999605548973 ], [ 126.940556803025203, 37.520823464656267 ], [ 126.940613828346812, 37.52076597452573 ], [ 126.940751901504697, 37.520586026749505 ], [ 126.940819062553473, 37.520472013275928 ], [ 126.940891324537318, 37.52031672777678 ], [ 126.940939109869305, 37.520088232802621 ], [ 126.940967221548462, 37.519904245907192 ], [ 126.940971997991284, 37.5198167346567 ], [ 126.940973042360127, 37.519714174865577 ], [ 126.940949840208589, 37.519534162070094 ], [ 126.940908057211374, 37.519334831395355 ], [ 126.940840079150064, 37.519160057397784 ], [ 126.940751777582889, 37.519022988582286 ], [ 126.940670465355069, 37.518901852902424 ], [ 126.9405679358334, 37.518776786886733 ], [ 126.940482339120123, 37.518680876742458 ], [ 126.940340758925672, 37.518546131665964 ], [ 126.940051007572379, 37.518342932836326 ], [ 126.939876675310956, 37.518243417104756 ], [ 126.939657562490567, 37.518155635666915 ], [ 126.939373810793498, 37.518073811455068 ], [ 126.939170861109417, 37.518043061641066 ], [ 126.938542945179535, 37.517946718431574 ], [ 126.938286557758815, 37.517905595164045 ], [ 126.93756588266767, 37.51779059150418 ], [ 126.937185355867101, 37.517731901231429 ], [ 126.936791158966699, 37.517667480918774 ], [ 126.93641901416531, 37.517610027133593 ], [ 126.936182587810251, 37.517575884005161 ], [ 126.935656760964719, 37.517485249135291 ], [ 126.935563375002715, 37.517470312577494 ], [ 126.935164597374325, 37.517408542215094 ], [ 126.935065485006419, 37.517396971771447 ], [ 126.934702893463751, 37.517348059393335 ], [ 126.934246112381146, 37.517298407541247 ], [ 126.933867039072041, 37.51726420548281 ], [ 126.933357242954358, 37.517213744962369 ], [ 126.93288786457164, 37.51717431590162 ], [ 126.932389359443775, 37.517135156252358 ], [ 126.932060377742587, 37.517110095778811 ], [ 126.93149173245348, 37.517069611663281 ], [ 126.930836287764336, 37.517024937332586 ], [ 126.93013258237967, 37.51697565315007 ], [ 126.929370436947139, 37.516921031239569 ], [ 126.929146249445992, 37.516904288742346 ], [ 126.928412744342921, 37.516886105463001 ], [ 126.928255485198179, 37.51689413501628 ], [ 126.928018759674544, 37.516905872094291 ], [ 126.927635708537238, 37.516941582868604 ], [ 126.927232308076398, 37.516999813513117 ], [ 126.927138825262361, 37.517016387071479 ], [ 126.926743003373034, 37.517085261577407 ], [ 126.926605419352498, 37.517110807737083 ], [ 126.926198535856514, 37.517211469546446 ], [ 126.926138162208105, 37.517227054303511 ], [ 126.925925158490742, 37.517291852957634 ], [ 126.925786596533129, 37.517333038824916 ], [ 126.925586921551158, 37.517404656940961 ], [ 126.925255429401503, 37.517524501085362 ], [ 126.92504974710296, 37.517607088541098 ], [ 126.924842006842496, 37.517688512016882 ], [ 126.924672261833692, 37.517758697402677 ], [ 126.924398248830826, 37.517870656759513 ], [ 126.92386483331498, 37.518085239838548 ], [ 126.923256095894601, 37.518327259997854 ], [ 126.922745075402815, 37.51852685125818 ], [ 126.922269017645675, 37.518714786858126 ], [ 126.921574456178163, 37.519002051776923 ], [ 126.921295108186214, 37.519112126225323 ], [ 126.920954671232636, 37.519247521386042 ], [ 126.920619201403412, 37.519380621425213 ], [ 126.920251137080697, 37.519527816687059 ], [ 126.919852829488548, 37.519690243745544 ], [ 126.91963206793055, 37.519803868618204 ], [ 126.919500925392214, 37.519869721488952 ], [ 126.91933059998351, 37.519954657069619 ], [ 126.918516711172288, 37.520498284673131 ], [ 126.917551229005028, 37.521497369158659 ], [ 126.915179991653275, 37.520252047489116 ], [ 126.915838833151341, 37.519703874179555 ], [ 126.9170643696268, 37.518851297773075 ], [ 126.917052916972096, 37.518591961424775 ], [ 126.916650161075808, 37.517246846517921 ], [ 126.912332592653769, 37.516710778788294 ], [ 126.912217595791915, 37.516712374968066 ], [ 126.912084429855952, 37.516700354045305 ], [ 126.910522739211061, 37.516447860068574 ], [ 126.909931880382757, 37.516268611601632 ], [ 126.909385952104572, 37.516059596588264 ], [ 126.909618352507678, 37.515684315471916 ], [ 126.909281747887562, 37.515618495746253 ], [ 126.909124722748857, 37.515540896381715 ], [ 126.908810659834543, 37.51539761719188 ], [ 126.908212464613214, 37.515111079043294 ], [ 126.9077339092008, 37.514884231092246 ], [ 126.907457238395949, 37.514758856438689 ], [ 126.906978695040181, 37.514526045336915 ], [ 126.906537495596851, 37.514346899527098 ], [ 126.905535455638244, 37.513940827779578 ], [ 126.905154085366874, 37.513785564847893 ], [ 126.904480946825103, 37.513618141184125 ], [ 126.903774098408931, 37.513540642166703 ], [ 126.892766224214284, 37.509561602221922 ], [ 126.893016978261485, 37.509027071327964 ], [ 126.893528415430822, 37.508248149636216 ], [ 126.893890713979729, 37.507509465324375 ], [ 126.892829120434442, 37.507010855507367 ], [ 126.891924528119574, 37.506589858628878 ], [ 126.890553186827375, 37.505829149447237 ], [ 126.88915970929942, 37.507338172253611 ], [ 126.888717554298992, 37.507055259443796 ], [ 126.887380755871661, 37.508239410101432 ], [ 126.887478818632843, 37.508309558223928 ], [ 126.886416420120028, 37.508941344859899 ], [ 126.890718151115266, 37.51219350585032 ], [ 126.89046778732947, 37.512454763333885 ], [ 126.887220907158465, 37.513998474181861 ], [ 126.887823630466684, 37.515137957157009 ], [ 126.8881183626536, 37.515789948816668 ], [ 126.888410941398945, 37.516425683646723 ], [ 126.8884978662458, 37.516615075061878 ], [ 126.888776410107525, 37.517223243025988 ], [ 126.888805906856703, 37.517210558126919 ], [ 126.888776882572387, 37.517224982398496 ], [ 126.889484635522237, 37.51995779016417 ], [ 126.890066662301351, 37.52240740834312 ], [ 126.891449665927922, 37.527860791920865 ], [ 126.893130902681989, 37.529757455801757 ], [ 126.897105271137903, 37.527732995246062 ], [ 126.902834593408841, 37.526033485971524 ], [ 126.905312444965077, 37.525518950466257 ], [ 126.906113868627841, 37.525446782145266 ], [ 126.909015731636089, 37.525192005145456 ], [ 126.909569134776305, 37.525167213909583 ], [ 126.910649308182784, 37.525619060694474 ], [ 126.910658603951561, 37.525649764728321 ], [ 126.91255377988459, 37.52657432034988 ], [ 126.913393024258724, 37.526951547117186 ], [ 126.912780169050095, 37.52757207243716 ], [ 126.912471121085417, 37.528227691516491 ], [ 126.912357260802452, 37.528517040961503 ], [ 126.912254091513546, 37.528777161106198 ], [ 126.912246160600219, 37.52882492581525 ], [ 126.912386604009683, 37.528909545122751 ], [ 126.912228331883981, 37.529222809304848 ], [ 126.91208475509832, 37.529317566328224 ], [ 126.911885365167365, 37.529737350422998 ], [ 126.91153439269732, 37.530649483938028 ], [ 126.911680709772781, 37.530725215726797 ], [ 126.911646687001024, 37.530765491292108 ], [ 126.911680016374788, 37.53082227925271 ], [ 126.911385091221362, 37.531070368412408 ], [ 126.911328081277631, 37.531183904152947 ], [ 126.911240589126521, 37.531412761772053 ], [ 126.911238107312684, 37.531472513771433 ], [ 126.911261427730651, 37.531498146843283 ], [ 126.911030867310231, 37.532013374783595 ], [ 126.910975983149129, 37.532136219226764 ], [ 126.910967271567927, 37.532351486922138 ], [ 126.910949899024644, 37.532768101977837 ], [ 126.910984585751649, 37.532909683644483 ], [ 126.911089448982722, 37.533166592139828 ], [ 126.911195267198508, 37.533326446261555 ], [ 126.911331327972761, 37.533458113281689 ], [ 126.911420615512043, 37.533525521668494 ], [ 126.911684188938594, 37.53366352035718 ], [ 126.911865321258915, 37.53373300744493 ], [ 126.91205537509714, 37.533807132117865 ], [ 126.912371202513143, 37.533875377901637 ], [ 126.912565506124125, 37.533896679726354 ], [ 126.912866364764156, 37.533908591822971 ], [ 126.913080465756266, 37.53389353456182 ], [ 126.913375683734358, 37.533872401714618 ], [ 126.913746875635738, 37.533840981212357 ], [ 126.914174631124069, 37.533804961272551 ], [ 126.914610183912274, 37.533766882246375 ], [ 126.914771650005008, 37.53375320674462 ], [ 126.915000154238214, 37.53372714644275 ], [ 126.915431650254163, 37.533684015851797 ], [ 126.915645314886817, 37.533663691820905 ], [ 126.915901883812708, 37.533621882793035 ], [ 126.916106358753865, 37.533593802723054 ], [ 126.91658680161774, 37.533527025192896 ], [ 126.916740074263302, 37.533504493352105 ], [ 126.91702243212606, 37.533457654834486 ], [ 126.917369486392658, 37.533387273748559 ], [ 126.917490777234406, 37.533361961102003 ], [ 126.91789320606145, 37.533256470107837 ], [ 126.918244004855282, 37.533164492288421 ], [ 126.918522315418073, 37.533092464561662 ], [ 126.918885014194672, 37.532990816527366 ] ] ] } },
{ "type": "Feature", "properties": { "OBJECTID": 3592, "ID": "중심지_58", "CODE": "ZON540", "ENT_NAME": "중심지", "JOSER_ID": null, "GOSI_ID": null, "LABEL": "신풍지구중심(서남권)", "GOSI_DATE": null }, "geometry": { "type": "Polygon", "coordinates": [ [ [ 126.908136296280048, 37.500508465840994 ], [ 126.908293780014489, 37.500493975119952 ], [ 126.908330510309042, 37.50050399707029 ], [ 126.908386484430537, 37.500499031657192 ], [ 126.908374874515999, 37.500750454197501 ], [ 126.908370838701117, 37.500858508642992 ], [ 126.908364973237937, 37.500991923844161 ], [ 126.908430535897153, 37.50097024344285 ], [ 126.908494658934998, 37.50095125495541 ], [ 126.909216023323694, 37.500733517868717 ], [ 126.909118995898069, 37.500629638005982 ], [ 126.909027230514781, 37.500532402539349 ], [ 126.909317388207839, 37.500455522802682 ], [ 126.909363396261796, 37.500443629481033 ], [ 126.90970647034149, 37.500355364491348 ], [ 126.90971409437725, 37.500353874758623 ], [ 126.909757376297321, 37.500342438674046 ], [ 126.90977138128801, 37.500338719417549 ], [ 126.909807586565094, 37.500472986374852 ], [ 126.909842242374779, 37.500524217008881 ], [ 126.909889228225694, 37.500535778129532 ], [ 126.90996783406608, 37.500519422878583 ], [ 126.910029624683446, 37.500529886285932 ], [ 126.910061543391407, 37.500535172829657 ], [ 126.910088565851552, 37.500540031205439 ], [ 126.910121068429163, 37.500530209343481 ], [ 126.910197443230842, 37.500507129864936 ], [ 126.910217673505954, 37.50049901038642 ], [ 126.91028228993116, 37.500473480960856 ], [ 126.910307267439904, 37.500458120205053 ], [ 126.910360745294639, 37.50042263511429 ], [ 126.910390455264789, 37.500384248473623 ], [ 126.910507211850728, 37.500353614429777 ], [ 126.910564915982306, 37.50033932398366 ], [ 126.910573067157813, 37.500360080251511 ], [ 126.910590453574898, 37.500356281509973 ], [ 126.9106397282209, 37.500345562403893 ], [ 126.910682475639575, 37.50033646816496 ], [ 126.910714793935369, 37.500329267001881 ], [ 126.910709639568168, 37.500317864509483 ], [ 126.910678353914847, 37.500228794786246 ], [ 126.910673180421881, 37.500214519894428 ], [ 126.910804468641643, 37.500211862818539 ], [ 126.910835172401832, 37.500211779171067 ], [ 126.910852554860725, 37.500211214972104 ], [ 126.910937554529113, 37.500209568275416 ], [ 126.910987654139873, 37.500208580439235 ], [ 126.911049256475806, 37.500206285032029 ], [ 126.911084462649399, 37.500204978508606 ], [ 126.911101438613926, 37.500203892283764 ], [ 126.911169391815932, 37.500205520116275 ], [ 126.911198084491588, 37.500203857188254 ], [ 126.911231457731304, 37.500203288939446 ], [ 126.911323843245356, 37.500200683540655 ], [ 126.911463025269512, 37.500197825430398 ], [ 126.9114975068956, 37.500197157940462 ], [ 126.911541905636611, 37.500197145811519 ], [ 126.911624461648429, 37.500196253598169 ], [ 126.911669811770068, 37.500195044718126 ], [ 126.91170810565292, 37.500193406987606 ], [ 126.911722197257674, 37.500192805020035 ], [ 126.911728474011582, 37.500192540392099 ], [ 126.911788486461091, 37.500195765610364 ], [ 126.911834118525164, 37.500195206501267 ], [ 126.91285526075626, 37.500134146236533 ], [ 126.913107359730773, 37.500125395454369 ], [ 126.913104157401222, 37.499669472513176 ], [ 126.913089752190515, 37.499481528756995 ], [ 126.91298866651249, 37.499284983110591 ], [ 126.912831157473605, 37.499010120776013 ], [ 126.912503100822605, 37.499112858198593 ], [ 126.912155971452663, 37.499150738118544 ], [ 126.911818433955219, 37.499173368593169 ], [ 126.911725788945816, 37.499195429444889 ], [ 126.911686329769566, 37.499197904224324 ], [ 126.911548973950019, 37.499207161079759 ], [ 126.911524070889229, 37.499208161142278 ], [ 126.911453260742647, 37.499213224854444 ], [ 126.911407070522699, 37.499217630655039 ], [ 126.911358358587279, 37.499221919185366 ], [ 126.911260922785999, 37.499230998933811 ], [ 126.911239490207251, 37.499233072874858 ], [ 126.911224617815321, 37.499234222896469 ], [ 126.911178360723952, 37.499237792429824 ], [ 126.911162794968959, 37.499241870158748 ], [ 126.911101837895544, 37.499244275140661 ], [ 126.911051362600816, 37.499247866623939 ], [ 126.911002143831112, 37.499250415692018 ], [ 126.910960785223281, 37.499252483324454 ], [ 126.91084105194399, 37.499258689467929 ], [ 126.910831167121046, 37.499259492779473 ], [ 126.91077439330131, 37.499262691880112 ], [ 126.910741132494522, 37.499264143966116 ], [ 126.910682356777372, 37.499267541506015 ], [ 126.910640568047938, 37.49926991503515 ], [ 126.910595759422975, 37.499272663743817 ], [ 126.91056460278817, 37.499273496611458 ], [ 126.91043342517726, 37.499279540360966 ], [ 126.910406123673525, 37.499281320405387 ], [ 126.910372275244555, 37.499282403425951 ], [ 126.910333947281941, 37.499284526335877 ], [ 126.910220876081212, 37.49928964678417 ], [ 126.910091890575998, 37.49929711632705 ], [ 126.90993956949626, 37.499299889658509 ], [ 126.909790776327753, 37.499312244949181 ], [ 126.909754595970369, 37.499315208168163 ], [ 126.909659445791902, 37.499323008952821 ], [ 126.909569747297226, 37.499330093105009 ], [ 126.909549569948922, 37.499332140686391 ], [ 126.909460380636816, 37.499338972872323 ], [ 126.909363704580542, 37.49934606854989 ], [ 126.909319710082642, 37.499348827320482 ], [ 126.909232836320243, 37.499357859578041 ], [ 126.909225381873554, 37.499359458433304 ], [ 126.909130992024359, 37.499365024909828 ], [ 126.90889458609557, 37.499380164889971 ], [ 126.908862648425654, 37.499381537295498 ], [ 126.908717879512565, 37.499385828651796 ], [ 126.90872943152975, 37.499417733973807 ], [ 126.908427914563134, 37.499446931501048 ], [ 126.908250590595188, 37.499466929864553 ], [ 126.908152067497568, 37.499476781048564 ], [ 126.907917435562567, 37.499501733249382 ], [ 126.907773964172478, 37.499517233799047 ], [ 126.907568320073153, 37.499539280058769 ], [ 126.907370411687253, 37.499560836576009 ], [ 126.907167106379262, 37.499584387767243 ], [ 126.907032907558929, 37.499600157011962 ], [ 126.906812321205365, 37.499624478540262 ], [ 126.906755260601614, 37.499630540654245 ], [ 126.906646985921938, 37.499642744277409 ], [ 126.906547024742551, 37.499653718314626 ], [ 126.906501602484028, 37.499658503035334 ], [ 126.906347114185067, 37.499675209338513 ], [ 126.906247740632523, 37.499686454796283 ], [ 126.906074170210502, 37.499706325877582 ], [ 126.905986898612824, 37.499716318593158 ], [ 126.905921128167392, 37.499723879730361 ], [ 126.90587696161198, 37.499728267886567 ], [ 126.905786455768322, 37.499738158725862 ], [ 126.905673656859364, 37.499750664129991 ], [ 126.905641421456281, 37.499754764547248 ], [ 126.905727711137345, 37.499876117941902 ], [ 126.90577498851232, 37.499941973298739 ], [ 126.905802419580283, 37.500318301106468 ], [ 126.904893088476015, 37.501670364712147 ], [ 126.905083935350419, 37.501766330987969 ], [ 126.906531416636298, 37.50235870976838 ], [ 126.906623171657003, 37.502320352334415 ], [ 126.906516763741564, 37.502115541132362 ], [ 126.906496283227995, 37.501748403969046 ], [ 126.906553304357431, 37.501614952525379 ], [ 126.90663728160807, 37.5014600663321 ], [ 126.906766121920128, 37.501321903452471 ], [ 126.906915901947031, 37.501186142140554 ], [ 126.907092651739234, 37.501019410557049 ], [ 126.907389149946823, 37.500802712906541 ], [ 126.907568814335889, 37.50069558035549 ], [ 126.90777244565335, 37.500564627935233 ], [ 126.907881791472931, 37.500546858665402 ], [ 126.907881832297605, 37.500546768597928 ], [ 126.907910157456641, 37.500539812812143 ], [ 126.908002865848232, 37.50052356825077 ], [ 126.908032071669808, 37.500518654795037 ], [ 126.90810278374019, 37.500511791061136 ], [ 126.908136296280048, 37.500508465840994 ] ] ] } },
{ "type": "Feature", "properties": { "OBJECTID": 3593, "ID": "중심지_59", "CODE": "ZON540", "ENT_NAME": "중심지", "JOSER_ID": null, "GOSI_ID": null, "LABEL": "오류지구중심(서남권)", "GOSI_DATE": null }, "geometry": { "type": "Polygon", "coordinates": [ [ [ 126.846700785077488, 37.494336097302941 ], [ 126.845638432042023, 37.494073229718964 ], [ 126.843125972636685, 37.493367581247874 ], [ 126.842506844715416, 37.494213604662725 ], [ 126.841537946090838, 37.493988210196868 ], [ 126.841389210064861, 37.494129765535902 ], [ 126.841311372417962, 37.494100278447476 ], [ 126.841241683653962, 37.494072766539681 ], [ 126.841118361698747, 37.494029197171564 ], [ 126.841059306366461, 37.494005186456612 ], [ 126.84099197523804, 37.493980434659235 ], [ 126.840949230887574, 37.493964726227723 ], [ 126.840662554305283, 37.493858090503977 ], [ 126.840522303949783, 37.493809777131673 ], [ 126.840316742397007, 37.493738949542625 ], [ 126.840302799296893, 37.493733893934909 ], [ 126.840286597781727, 37.49376945136612 ], [ 126.840276365870849, 37.493794936568094 ], [ 126.840247950860345, 37.493862472690694 ], [ 126.840235597037093, 37.49396498047178 ], [ 126.840213233445155, 37.494100054696894 ], [ 126.840204835616689, 37.494150778467379 ], [ 126.840188431521526, 37.494143764319148 ], [ 126.840182019212591, 37.494159855508542 ], [ 126.840176254957825, 37.494174318576896 ], [ 126.840135397037798, 37.494238404870337 ], [ 126.840231219645133, 37.494275819043914 ], [ 126.839984600279308, 37.49455039392457 ], [ 126.839879803835842, 37.494689085474192 ], [ 126.839803583399274, 37.494774919318544 ], [ 126.83968919496229, 37.494909334939507 ], [ 126.839632716477993, 37.494974931350946 ], [ 126.839587543591591, 37.495020694232487 ], [ 126.839604065976928, 37.495025357920142 ], [ 126.839683137589645, 37.495059578061614 ], [ 126.839806258708961, 37.495123267042374 ], [ 126.839929013642234, 37.49517331427586 ], [ 126.840047136627646, 37.495226651804749 ], [ 126.840142983052814, 37.495269328809663 ], [ 126.840245924347485, 37.49531514909421 ], [ 126.840341181698903, 37.495358419792822 ], [ 126.840503434624509, 37.495430549718286 ], [ 126.840580886029514, 37.495466623106175 ], [ 126.840587381678631, 37.495469676428144 ], [ 126.84086594438638, 37.495592448071839 ], [ 126.841083634583612, 37.495689402094278 ], [ 126.841181383815638, 37.495731215879921 ], [ 126.841280725669193, 37.49577394085194 ], [ 126.841397822904227, 37.495821329946892 ], [ 126.841482110911443, 37.495854781092213 ], [ 126.841631550357647, 37.495923206122512 ], [ 126.841634431222246, 37.495924490339895 ], [ 126.841845470277448, 37.496017938080193 ], [ 126.8421840577643, 37.496169043025795 ], [ 126.842257206239452, 37.496203253451931 ], [ 126.84231823048269, 37.496227661752563 ], [ 126.842535287223399, 37.4963312634098 ], [ 126.842546607823678, 37.496336666613104 ], [ 126.842577591746959, 37.496353069529093 ], [ 126.842591769620412, 37.496359701929663 ], [ 126.84268994028686, 37.496406236262402 ], [ 126.84271705327312, 37.496418975884374 ], [ 126.842810479378286, 37.496463251243398 ], [ 126.843029990195816, 37.496567953602508 ], [ 126.843075610016925, 37.49658843141362 ], [ 126.84308620720256, 37.496593184876097 ], [ 126.843238399247952, 37.496671505422015 ], [ 126.843337269069082, 37.496719354708382 ], [ 126.843370108916659, 37.49673527336148 ], [ 126.843665532569389, 37.496878494696091 ], [ 126.843747860538926, 37.496919582067839 ], [ 126.843812161572032, 37.496951672278101 ], [ 126.843907847447142, 37.496997480579111 ], [ 126.843948852742471, 37.497018527633863 ], [ 126.844017048285423, 37.497053443050881 ], [ 126.844093456262911, 37.497087187261769 ], [ 126.844124365965129, 37.497101546207638 ], [ 126.844313439654584, 37.497189356053127 ], [ 126.844408095956496, 37.497230298088148 ], [ 126.844463140793266, 37.497254121588568 ], [ 126.844486041857877, 37.497264224289253 ], [ 126.844572939567286, 37.497305731617132 ], [ 126.844729041944305, 37.497386633186657 ], [ 126.844775749583462, 37.497406516223151 ], [ 126.844904388172296, 37.497463801996922 ], [ 126.845129990908632, 37.497567498498334 ], [ 126.845242770053062, 37.497627410942115 ], [ 126.845412877363415, 37.497706582192649 ], [ 126.845465744441753, 37.497733862180198 ], [ 126.845553970970954, 37.497778578092962 ], [ 126.845609828206932, 37.497798203478531 ], [ 126.845747397773806, 37.497862895510302 ], [ 126.845763553030082, 37.497870576195112 ], [ 126.84577180038157, 37.497874371260004 ], [ 126.845884885799293, 37.497928849572382 ], [ 126.846045042091092, 37.498008430269991 ], [ 126.846505253888481, 37.498211498289535 ], [ 126.846937826090354, 37.498421906624458 ], [ 126.847906031523578, 37.498865928936176 ], [ 126.848797123227129, 37.497677036825493 ], [ 126.848823776050963, 37.49764436503937 ], [ 126.848982814574242, 37.497457424130616 ], [ 126.849057810603398, 37.497369295181365 ], [ 126.849114431676085, 37.497302712380645 ], [ 126.849227649858079, 37.497170061134391 ], [ 126.849364623666062, 37.497005417990103 ], [ 126.849375246065748, 37.496992393322572 ], [ 126.849375858269823, 37.49699162916334 ], [ 126.84942921737931, 37.496925630358199 ], [ 126.84943675125605, 37.496924962505602 ], [ 126.849606407482142, 37.49670455149618 ], [ 126.850319676210674, 37.495862861704268 ], [ 126.848422936568511, 37.495575999106059 ], [ 126.84753240101098, 37.495379162019063 ], [ 126.846792044277407, 37.495215274395861 ], [ 126.846401789133665, 37.49512888398948 ], [ 126.846700785077488, 37.494336097302941 ] ] ] } },
{ "type": "Feature", "properties": { "OBJECTID": 3594, "ID": "중심지_62", "CODE": "ZON540", "ENT_NAME": "중심지", "JOSER_ID": null, "GOSI_ID": null, "LABEL": "화곡지구중심(서남권)", "GOSI_DATE": null }, "geometry": { "type": "Polygon", "coordinates": [ [ [ 126.840110309488537, 37.542874517733878 ], [ 126.840122964858793, 37.542861777895858 ], [ 126.840229151936455, 37.542754848274178 ], [ 126.840313860965253, 37.542669550869427 ], [ 126.840405600577782, 37.542577143361463 ], [ 126.840466382306928, 37.542515868764241 ], [ 126.840496489689343, 37.542485493255541 ], [ 126.840551669401691, 37.542429860190111 ], [ 126.840637613980689, 37.542343201932908 ], [ 126.840693861833316, 37.542338053697691 ], [ 126.840759062231982, 37.542379316872072 ], [ 126.840765344984732, 37.542383289786109 ], [ 126.840855303605764, 37.542440210695666 ], [ 126.840952720296443, 37.542501863772031 ], [ 126.841036904911363, 37.542555136687007 ], [ 126.841109733176737, 37.542601222226367 ], [ 126.84112405023113, 37.54261028672363 ], [ 126.841141813790188, 37.542621528189621 ], [ 126.841217263796736, 37.542669266036611 ], [ 126.841313324985691, 37.542730106081613 ], [ 126.841411974221359, 37.542792497459658 ], [ 126.841507459572924, 37.542852903188297 ], [ 126.841591859699122, 37.542906302136004 ], [ 126.841652199316044, 37.542845080391949 ], [ 126.84166688447327, 37.542830180756951 ], [ 126.841759791953052, 37.542735963687484 ], [ 126.841817987887978, 37.542676999543737 ], [ 126.841860965931176, 37.542633360480892 ], [ 126.841966085919537, 37.5425267350859 ], [ 126.842180166204272, 37.542310975424293 ], [ 126.842223182629112, 37.542270371718011 ], [ 126.842260822649379, 37.542235850545815 ], [ 126.842333958650642, 37.542164005894683 ], [ 126.842390824161399, 37.542107698494121 ], [ 126.842420776306582, 37.542080709109101 ], [ 126.842493336546482, 37.542013429805586 ], [ 126.842537683773799, 37.541969404007205 ], [ 126.842629520698722, 37.54188276303492 ], [ 126.842641344921233, 37.541872164363518 ], [ 126.842697929603716, 37.541820010905333 ], [ 126.84271537278093, 37.541800941453914 ], [ 126.842792409614646, 37.541730056808959 ], [ 126.842725012278478, 37.541684042672344 ], [ 126.842641457295073, 37.541595226787095 ], [ 126.842542154443478, 37.54149453349708 ], [ 126.842526390447958, 37.541479502658682 ], [ 126.842424280708187, 37.541352675835682 ], [ 126.842418659528235, 37.541346209055106 ], [ 126.842395531037582, 37.541314462093496 ], [ 126.842372790474471, 37.541281211895168 ], [ 126.842361198045481, 37.541262635848383 ], [ 126.84235500047339, 37.54123988647099 ], [ 126.842341196332981, 37.541202503749091 ], [ 126.842334714938119, 37.541180204483588 ], [ 126.842324773814525, 37.541076811319513 ], [ 126.842331440584516, 37.541038519157333 ], [ 126.842396536831373, 37.540899728052864 ], [ 126.842417503440416, 37.540851868601273 ], [ 126.842441580530647, 37.540799211050476 ], [ 126.842462970980534, 37.540748883443996 ], [ 126.84251258066476, 37.540618793008008 ], [ 126.842553744075545, 37.540523100048155 ], [ 126.842587310890337, 37.540450687482114 ], [ 126.842635811536908, 37.540341813847434 ], [ 126.842667738523232, 37.540263596663941 ], [ 126.84268627983819, 37.540222743611764 ], [ 126.842740929588118, 37.540100651641872 ], [ 126.842786643778055, 37.539987638640227 ], [ 126.84279437007433, 37.539967124434327 ], [ 126.84283442286636, 37.539866582537329 ], [ 126.84288231478763, 37.539756284405023 ], [ 126.842914619383521, 37.539686518956032 ], [ 126.842970679847625, 37.539549751607005 ], [ 126.843012852033496, 37.539452672295518 ], [ 126.843019497345267, 37.539440319607401 ], [ 126.84306464424553, 37.539338342872547 ], [ 126.843068954055454, 37.539333528348998 ], [ 126.843120056190884, 37.539213710933346 ], [ 126.84316428398246, 37.539107489251997 ], [ 126.843165449190039, 37.539107589923489 ], [ 126.843178082132354, 37.539078153439341 ], [ 126.843087807323798, 37.539043398243379 ], [ 126.842909195273876, 37.538972709947039 ], [ 126.8428216473514, 37.538938057318582 ], [ 126.842731997058578, 37.538902419717331 ], [ 126.842558099795127, 37.538833674360433 ], [ 126.842410647457029, 37.538774577960815 ], [ 126.84219673826432, 37.538686316734022 ], [ 126.842074565107609, 37.538637101855272 ], [ 126.841927531356177, 37.538578392842837 ], [ 126.841876203925167, 37.538596208160044 ], [ 126.841822169317822, 37.538684378249116 ], [ 126.841773250954802, 37.538766249190616 ], [ 126.841749867071087, 37.538806978429406 ], [ 126.841725888558884, 37.538845328240228 ], [ 126.841677010086954, 37.538924314217581 ], [ 126.841605240256769, 37.539041103627305 ], [ 126.841535239345305, 37.539156002403438 ], [ 126.841475263866229, 37.539254668939606 ], [ 126.841436569879605, 37.539322272868944 ], [ 126.841399374493051, 37.539382192455953 ], [ 126.841363127794551, 37.539442905288851 ], [ 126.841255563833087, 37.539619876323314 ], [ 126.84122781371488, 37.539664500821161 ], [ 126.841197000273709, 37.539714049578137 ], [ 126.841094744669036, 37.53979480265339 ], [ 126.841094154148735, 37.539838057560765 ], [ 126.841050509950264, 37.539802373956221 ], [ 126.841022293521789, 37.539779927949951 ], [ 126.840894454965976, 37.539876384602714 ], [ 126.840832413875432, 37.539924594258721 ], [ 126.840776413527891, 37.539968152175 ], [ 126.840727034590287, 37.540010657711541 ], [ 126.84058898233809, 37.540120841145843 ], [ 126.840499175899495, 37.540210277300623 ], [ 126.840470808633285, 37.540247449573378 ], [ 126.840458417782855, 37.540263695573927 ], [ 126.840407027508618, 37.540331055688192 ], [ 126.840341725794175, 37.540416632863497 ], [ 126.840320018993907, 37.540445100698982 ], [ 126.840278772680065, 37.540499167856446 ], [ 126.840209782775617, 37.540589631403584 ], [ 126.840144344362017, 37.540675425417788 ], [ 126.840125213191754, 37.54070051801726 ], [ 126.840114966799348, 37.540713946807536 ], [ 126.840068341658679, 37.54077507031085 ], [ 126.840028388544511, 37.540827444380362 ], [ 126.839975174668666, 37.540842868655425 ], [ 126.839894873345372, 37.540821251216165 ], [ 126.839851448906643, 37.540809560879254 ], [ 126.839738715071803, 37.540779204363005 ], [ 126.839728288694587, 37.540776397005786 ], [ 126.839593299964946, 37.540740055206797 ], [ 126.839421174539396, 37.540693716240611 ], [ 126.839280158689576, 37.54065577105559 ], [ 126.839242987988456, 37.540645763128119 ], [ 126.839242347938537, 37.540645588357258 ], [ 126.838309553325729, 37.540394377781958 ], [ 126.838209931532418, 37.540629067290197 ], [ 126.838206849341077, 37.540636325019662 ], [ 126.838199024483103, 37.540654730465292 ], [ 126.838105182026794, 37.540875794964315 ], [ 126.8384557423866, 37.540970171846276 ], [ 126.838396865169315, 37.54109714835203 ], [ 126.838342602427574, 37.541224986242369 ], [ 126.838241764906826, 37.541462547324997 ], [ 126.838174160403753, 37.541621820291368 ], [ 126.838139630157798, 37.541703159976336 ], [ 126.838248711615179, 37.541732746221953 ], [ 126.838328651216003, 37.541754426446261 ], [ 126.838460067084142, 37.541790070088297 ], [ 126.83847857908566, 37.541795088040061 ], [ 126.838569307129234, 37.541819692296201 ], [ 126.838612494272581, 37.541831410706344 ], [ 126.838700406577757, 37.541855255045782 ], [ 126.838749790779261, 37.54186867581312 ], [ 126.838826733958271, 37.541889522658067 ], [ 126.838979455590703, 37.541930935287112 ], [ 126.839156897837199, 37.541979067063572 ], [ 126.839172984748899, 37.542022337663795 ], [ 126.839123428817516, 37.542072364645826 ], [ 126.839084793384188, 37.542111323533646 ], [ 126.839012908820706, 37.542183854447671 ], [ 126.838931010844362, 37.542266479752456 ], [ 126.838919194458981, 37.542278409726954 ], [ 126.838916257383275, 37.542281369944284 ], [ 126.838899383330599, 37.542298394365481 ], [ 126.838835005588024, 37.542363339248013 ], [ 126.83882733964613, 37.542371085321172 ], [ 126.838747845238572, 37.542451345101121 ], [ 126.838728703208147, 37.542470599027645 ], [ 126.838716126970226, 37.542483294677446 ], [ 126.83864125923553, 37.542558830558065 ], [ 126.838602793360096, 37.542597637250829 ], [ 126.838516279005944, 37.542684922126185 ], [ 126.838398567427717, 37.542803691332814 ], [ 126.838345268228409, 37.54285746904236 ], [ 126.838348893248323, 37.542859734637929 ], [ 126.83834414477451, 37.542858954125492 ], [ 126.838244783643148, 37.542991840931457 ], [ 126.837572659037022, 37.543677466775307 ], [ 126.837098531832055, 37.544175037608738 ], [ 126.837158232093458, 37.544256172959557 ], [ 126.838789710676892, 37.544349019800499 ], [ 126.839068940285799, 37.543982287355504 ], [ 126.839443636165697, 37.543547311773757 ], [ 126.839443920935921, 37.543545395756546 ], [ 126.839510648461513, 37.543478262568861 ], [ 126.839592297159157, 37.543396114063349 ], [ 126.839697533238152, 37.543290120657723 ], [ 126.839804946192558, 37.543181987580127 ], [ 126.839839283803187, 37.543147417614854 ], [ 126.839912358859806, 37.543073843590257 ], [ 126.840019306315142, 37.542966150260746 ], [ 126.840110309488537, 37.542874517733878 ] ] ] } },
{ "type": "Feature", "properties": { "OBJECTID": 3595, "ID": "중심지_63", "CODE": "ZON530", "ENT_NAME": "중심지", "JOSER_ID": null, "GOSI_ID": null, "LABEL": "목동지역중심(서남권)", "GOSI_DATE": null }, "geometry": { "type": "Polygon", "coordinates": [ [ [ 126.876989816488532, 37.531642884323098 ], [ 126.876906156547363, 37.53127774872307 ], [ 126.877304851682112, 37.531348748019106 ], [ 126.878409188510346, 37.531485785799916 ], [ 126.880070129119034, 37.531730660984721 ], [ 126.881623545744006, 37.53183237101787 ], [ 126.883788061249689, 37.531655757149608 ], [ 126.884551613518894, 37.531506331914073 ], [ 126.88475865966214, 37.531184711839089 ], [ 126.88484912931554, 37.530755702194114 ], [ 126.884979846622343, 37.530264879858414 ], [ 126.884907311940793, 37.530022705876362 ], [ 126.884042659299695, 37.529646396859867 ], [ 126.883360711177673, 37.529309589187882 ], [ 126.882561646508705, 37.529215815354164 ], [ 126.881986852172162, 37.529265296953191 ], [ 126.881277392346718, 37.529293183371756 ], [ 126.880702954136169, 37.529120957866901 ], [ 126.880227597559227, 37.528762887866769 ], [ 126.879707859889479, 37.528090097166363 ], [ 126.878507022949279, 37.526594157648766 ], [ 126.877565739022401, 37.525642003043842 ], [ 126.875508339863586, 37.525976320318392 ], [ 126.875504232188391, 37.525997173049952 ], [ 126.875491887489687, 37.525995939031759 ], [ 126.875457948132436, 37.525996533509591 ], [ 126.875424343303692, 37.5260000124171 ], [ 126.874135310950876, 37.526231084837029 ], [ 126.873624397292417, 37.526312974580605 ], [ 126.872219214351261, 37.52651885260665 ], [ 126.871835676913605, 37.526602314666633 ], [ 126.871825576916493, 37.526555181588506 ], [ 126.871778554913647, 37.526336369490039 ], [ 126.871772710791433, 37.526314107615711 ], [ 126.871759710377887, 37.526256457643576 ], [ 126.871704790167271, 37.52601283155844 ], [ 126.871640788932382, 37.525734983803318 ], [ 126.871634164407752, 37.525706144705332 ], [ 126.871622823849435, 37.525656938853047 ], [ 126.871609462330596, 37.525598900132465 ], [ 126.871602724860722, 37.525569969907423 ], [ 126.87159217076325, 37.525523918395827 ], [ 126.871557699922278, 37.525374494731281 ], [ 126.871545146808529, 37.5253200347383 ], [ 126.871543743293401, 37.525313941571845 ], [ 126.871528618956432, 37.525248323537397 ], [ 126.871523454062341, 37.525225883096404 ], [ 126.871411102392287, 37.524909871700444 ], [ 126.871405265685198, 37.524883466138093 ], [ 126.871389539986552, 37.524812486502611 ], [ 126.871299642380848, 37.524406812934302 ], [ 126.871278181463069, 37.52430978010873 ], [ 126.871277294712996, 37.524305787725808 ], [ 126.871232633342387, 37.524103824725003 ], [ 126.871219500527332, 37.524044705905332 ], [ 126.871191888753287, 37.523919976911628 ], [ 126.871173817714407, 37.5238383268739 ], [ 126.871146430298694, 37.523714771207672 ], [ 126.871094238612159, 37.523478562031549 ], [ 126.871088064794307, 37.523450984782173 ], [ 126.871065392615009, 37.523348247269631 ], [ 126.871061217313226, 37.52332934790185 ], [ 126.871033177825893, 37.523177697567576 ], [ 126.871026935317957, 37.523150615784743 ], [ 126.871024970517738, 37.523142082096577 ], [ 126.871011531424756, 37.523083637750929 ], [ 126.870986180287105, 37.522973345120292 ], [ 126.87095207181099, 37.522825066780477 ], [ 126.870948546365767, 37.522809791024777 ], [ 126.870790490367298, 37.522122769947998 ], [ 126.870774211432263, 37.522051843645478 ], [ 126.870598285465007, 37.521287155609812 ], [ 126.870577740748118, 37.521197664048231 ], [ 126.87056932731987, 37.521157254111749 ], [ 126.87049308050581, 37.520835820722233 ], [ 126.870437960260233, 37.520594743423104 ], [ 126.870372737858801, 37.520308964620504 ], [ 126.870302800938603, 37.520002638745446 ], [ 126.870229832652583, 37.519683606314459 ], [ 126.870221750189828, 37.519648187322751 ], [ 126.870152936983146, 37.519346818948719 ], [ 126.870150128786364, 37.519335553386412 ], [ 126.870127325311699, 37.519244617613197 ], [ 126.870097413830905, 37.519143222382155 ], [ 126.870063202557247, 37.519042633252425 ], [ 126.870024691192455, 37.518943029518013 ], [ 126.869982105824405, 37.518844503328062 ], [ 126.869919773244959, 37.518718565768566 ], [ 126.869736824696318, 37.518418870982941 ], [ 126.869725656140517, 37.518401829711564 ], [ 126.869674311609174, 37.518331674079477 ], [ 126.86962070310733, 37.518262508793164 ], [ 126.869564830169551, 37.518194600543652 ], [ 126.869506579677164, 37.518127952805308 ], [ 126.869446178028355, 37.518062473025324 ], [ 126.869383624906703, 37.517998342300146 ], [ 126.869318920314413, 37.517935560626348 ], [ 126.869252177368665, 37.51787412812719 ], [ 126.869183395913481, 37.517814133997554 ], [ 126.869112688901012, 37.517755671163087 ], [ 126.869039943221139, 37.5176987367905 ], [ 126.868965385104104, 37.517643331130024 ], [ 126.868888901270196, 37.517589546853522 ], [ 126.868810717954744, 37.5175373806075 ], [ 126.868730834990217, 37.517486926091969 ], [ 126.868649252379399, 37.517438180600557 ], [ 126.868566083074811, 37.517391234356452 ], [ 126.868481327230214, 37.517345999058932 ], [ 126.868395210913249, 37.517302564157987 ], [ 126.868307507729526, 37.517261020395864 ], [ 126.868218557022885, 37.517221365449068 ], [ 126.868128245667975, 37.517183602791022 ], [ 126.868036799894909, 37.517147729070295 ], [ 126.867944106418847, 37.517113836958728 ], [ 126.867432468099892, 37.516936302678396 ], [ 126.867049927842231, 37.51680360168654 ], [ 126.866252407226099, 37.516527436089362 ], [ 126.865556404298175, 37.516286432520388 ], [ 126.865069758482591, 37.516118106008292 ], [ 126.864395694278755, 37.51588405679388 ], [ 126.864333521908037, 37.515862450810623 ], [ 126.86379533661659, 37.515675498663512 ], [ 126.863583612612814, 37.515602000676353 ], [ 126.863073918888546, 37.515423909161967 ], [ 126.862882543383179, 37.515357460628621 ], [ 126.862592937339173, 37.515256930562423 ], [ 126.862509966723735, 37.515228181289629 ], [ 126.862452203943903, 37.515208110295447 ], [ 126.862261168538865, 37.515141843155398 ], [ 126.862245004016401, 37.515136237924658 ], [ 126.862178198346186, 37.515113003550141 ], [ 126.861887802925821, 37.515012198720711 ], [ 126.861804832851377, 37.51498344985351 ], [ 126.861623519909628, 37.514920525061761 ], [ 126.86111394624848, 37.514743685712681 ], [ 126.860857442158704, 37.514654668510509 ], [ 126.860650041937873, 37.514582666058935 ], [ 126.860052417602759, 37.514375263430836 ], [ 126.859824197639398, 37.514296063566292 ], [ 126.859789943904104, 37.5142862016191 ], [ 126.859746073793943, 37.514277408414983 ], [ 126.859701176837063, 37.514273300942001 ], [ 126.85965593117983, 37.514274146708125 ], [ 126.859610794704651, 37.514277066680449 ], [ 126.859566217977218, 37.514283048891919 ], [ 126.859522989682318, 37.514293719687657 ], [ 126.859481113232334, 37.514307274378595 ], [ 126.859441040550678, 37.514323983808502 ], [ 126.85940435294728, 37.514345023879059 ], [ 126.859371278181726, 37.514369581268284 ], [ 126.859348729980923, 37.514390276134925 ], [ 126.859341591740105, 37.514396755614193 ], [ 126.859314729612578, 37.514425734443073 ], [ 126.859292274313503, 37.51445706206173 ], [ 126.859273322847116, 37.514489745388872 ], [ 126.859219975111827, 37.514587619376023 ], [ 126.859020431129267, 37.514953453393652 ], [ 126.858944494962444, 37.515092656599514 ], [ 126.858929166341625, 37.51512345124835 ], [ 126.858917681428792, 37.515155333532 ], [ 126.858910153859043, 37.515188030587069 ], [ 126.858906584492814, 37.515221092818528 ], [ 126.858906530817734, 37.515249302026668 ], [ 126.858911774896242, 37.515287231264558 ], [ 126.85892030965033, 37.515319678312039 ], [ 126.858932804687555, 37.515351408441617 ], [ 126.858949034817769, 37.515381880782918 ], [ 126.858969000210919, 37.515411007938042 ], [ 126.858992362054607, 37.515438516494676 ], [ 126.859019007922825, 37.515464046817925 ], [ 126.859048598997191, 37.515487327297272 ], [ 126.859080909222158, 37.515508269360339 ], [ 126.859115599604024, 37.515526692397195 ], [ 126.85914385906446, 37.515536456313015 ], [ 126.859226828721901, 37.515565207946736 ], [ 126.85958368919259, 37.515688983575231 ], [ 126.859730751798423, 37.515739976340647 ], [ 126.860100952687105, 37.51586827139414 ], [ 126.860234677400655, 37.515914652485066 ], [ 126.860468328728004, 37.515995661818046 ], [ 126.860941737107439, 37.516159755948607 ], [ 126.861149616940466, 37.516231813403323 ], [ 126.861195285009742, 37.516247635084298 ], [ 126.861438207623337, 37.516331896192156 ], [ 126.861521179045738, 37.516360646214011 ], [ 126.861769980584313, 37.516446894895054 ], [ 126.861852952261927, 37.516475644683823 ], [ 126.86193999339433, 37.516505841716686 ], [ 126.862143353636, 37.516576268485501 ], [ 126.862175231000833, 37.516587389238993 ], [ 126.862226325433284, 37.516605108111321 ], [ 126.862385034971894, 37.516660076581893 ], [ 126.862892024881518, 37.5168359162763 ], [ 126.863365217838478, 37.516999910327179 ], [ 126.863398904393875, 37.517011573463172 ], [ 126.863427617099035, 37.517021517081702 ], [ 126.863510594929537, 37.517047616785021 ], [ 126.863969089948895, 37.517209286493809 ], [ 126.86405624590769, 37.517239480296631 ], [ 126.864139219342277, 37.517268229380143 ], [ 126.864395374751325, 37.517357003862543 ], [ 126.864881572647334, 37.5175264147002 ], [ 126.865213582269234, 37.517641494990698 ], [ 126.86555576690354, 37.517760099940574 ], [ 126.866022301812521, 37.517921824080041 ], [ 126.866324470959199, 37.518026594762432 ], [ 126.866762295593162, 37.518178373064231 ], [ 126.867304802757474, 37.518366397739634 ], [ 126.867345836639828, 37.518381671176371 ], [ 126.867385849753788, 37.518398474230636 ], [ 126.867425295850737, 37.518416089325335 ], [ 126.867464514929608, 37.518434153745822 ], [ 126.867503507313202, 37.518452487293658 ], [ 126.867542273157994, 37.518471002572625 ], [ 126.867580812309569, 37.518489786078405 ], [ 126.867619464593574, 37.518508571501776 ], [ 126.867657436753689, 37.518528165235431 ], [ 126.867694615506991, 37.518548660855181 ], [ 126.867730887581615, 37.518570145630022 ], [ 126.867765233322245, 37.518593519401392 ], [ 126.867798445826352, 37.51861806497562 ], [ 126.86783097885106, 37.518643059367996 ], [ 126.867862945352186, 37.518668592806435 ], [ 126.867894458923516, 37.518694397824305 ], [ 126.867925519410747, 37.518720560917359 ], [ 126.867956353363596, 37.518746904846033 ], [ 126.867986507833464, 37.518773699397009 ], [ 126.868016095781329, 37.518801032095041 ], [ 126.868045117523224, 37.518828725444799 ], [ 126.868073233389211, 37.518856958361063 ], [ 126.868100330101598, 37.518885820816017 ], [ 126.868203400335588, 37.519001445672018 ], [ 126.868388026676854, 37.519309163546737 ], [ 126.868413489137481, 37.519366675730673 ], [ 126.8684362356923, 37.519424815545278 ], [ 126.868456039779886, 37.519483762935877 ], [ 126.868472902033872, 37.519543157506639 ], [ 126.868487274920952, 37.519602998867363 ], [ 126.868667995467732, 37.520392564901826 ], [ 126.86868427189448, 37.520463580708494 ], [ 126.868721763771973, 37.520627244446636 ], [ 126.868739723524286, 37.520705920592171 ], [ 126.868740846257822, 37.520710698028253 ], [ 126.868747918360455, 37.52074142900323 ], [ 126.868828739133519, 37.521094710715843 ], [ 126.868903835996107, 37.521422846369234 ], [ 126.868971525202497, 37.521718359436498 ], [ 126.869038541469621, 37.522010896611214 ], [ 126.869052348230781, 37.522071549940989 ], [ 126.869054705630532, 37.522081823023392 ], [ 126.86908030007541, 37.522193484966586 ], [ 126.869103424697286, 37.522294513297219 ], [ 126.869125538925886, 37.522391213912826 ], [ 126.869186381901656, 37.522656985412404 ], [ 126.869318846322741, 37.523235392062254 ], [ 126.869408992948195, 37.523627696730095 ], [ 126.869418617548419, 37.523622570925092 ], [ 126.869429150191493, 37.523616998340479 ], [ 126.869429485078996, 37.523618259206266 ], [ 126.869433974658705, 37.523639618696812 ], [ 126.86951015634169, 37.523997039160172 ], [ 126.869528332063098, 37.524082473742276 ], [ 126.869542132933645, 37.524146910262878 ], [ 126.869548639584607, 37.524177910838951 ], [ 126.869572984748672, 37.524293176119272 ], [ 126.869614045114176, 37.524488286357276 ], [ 126.869647274905162, 37.52463338444992 ], [ 126.86966063933329, 37.52468880961942 ], [ 126.869664675703916, 37.524709357696615 ], [ 126.869706722170974, 37.524922940273392 ], [ 126.869713561359021, 37.524957906483266 ], [ 126.86972813489686, 37.525032162870453 ], [ 126.869734476068288, 37.525060856701764 ], [ 126.869750359301364, 37.525132739525382 ], [ 126.869837155439598, 37.525181130515442 ], [ 126.869945386539186, 37.525392082875626 ], [ 126.869862209510018, 37.525472810271729 ], [ 126.869883320632809, 37.525573625317875 ], [ 126.869896650580671, 37.525637280094351 ], [ 126.869901251279003, 37.525658638782858 ], [ 126.869919655839283, 37.525743082442624 ], [ 126.869938845211777, 37.525831581446262 ], [ 126.869945353753437, 37.525861680999796 ], [ 126.869955116731518, 37.525906741581373 ], [ 126.869966227443413, 37.525957389826452 ], [ 126.869973637704135, 37.525989383370721 ], [ 126.870039657573642, 37.526273900714614 ], [ 126.870094188997015, 37.526509174010712 ], [ 126.870110278547074, 37.526578605393524 ], [ 126.870114772290037, 37.5265978015657 ], [ 126.870111943284869, 37.526598249816324 ], [ 126.870159631564761, 37.526820214982756 ], [ 126.870169730548611, 37.526867348199275 ], [ 126.870180054223567, 37.526915382658395 ], [ 126.870183084381551, 37.526929262236003 ], [ 126.870289464276198, 37.527424025246354 ], [ 126.870325709990396, 37.527592642368461 ], [ 126.87038608206143, 37.527873729393129 ], [ 126.870452402916712, 37.528182032086519 ], [ 126.870537915085379, 37.528578835396992 ], [ 126.870646159804792, 37.529044948420683 ], [ 126.870788317129779, 37.529657151709927 ], [ 126.870799909157839, 37.529691942891326 ], [ 126.870927664750283, 37.53025997952534 ], [ 126.870928195706426, 37.53027989296897 ], [ 126.870957050377612, 37.530406604549114 ], [ 126.870964259097263, 37.530424901783569 ], [ 126.87097690172034, 37.530441224640015 ], [ 126.870994074906093, 37.530454578322669 ], [ 126.871014874834017, 37.530464241937111 ], [ 126.871038284393123, 37.530469582761448 ], [ 126.871134654192488, 37.530481582300112 ], [ 126.871307938673851, 37.530503308111882 ], [ 126.871497285070944, 37.530526941636722 ], [ 126.871885479340932, 37.530575482298538 ], [ 126.872655987641352, 37.530671829881157 ], [ 126.873568791570122, 37.53078589694821 ], [ 126.873978027198177, 37.530837065504912 ], [ 126.874486122630159, 37.530900593426168 ], [ 126.875112759790781, 37.53097893138262 ], [ 126.875128819849181, 37.531049044954671 ], [ 126.875216217600666, 37.531417735731978 ], [ 126.875280009258375, 37.531696391063498 ], [ 126.875284502064957, 37.531715766320183 ], [ 126.875292251532827, 37.531749561850688 ], [ 126.875353123594621, 37.532015510002381 ], [ 126.875355594544089, 37.532026234461419 ], [ 126.875361209802975, 37.532050927674199 ], [ 126.875374574909273, 37.532109237112472 ], [ 126.87542208235152, 37.532316875777553 ], [ 126.875434324823971, 37.532370048346756 ], [ 126.875519345314004, 37.532741348260267 ], [ 126.875645249524894, 37.533290908096411 ], [ 126.875752735490877, 37.533760169663289 ], [ 126.875839218447211, 37.534138318364413 ], [ 126.87589669657936, 37.534338939634011 ], [ 126.87593013652382, 37.534436013031879 ], [ 126.8759677644193, 37.534532097976687 ], [ 126.876009354144045, 37.534627107728909 ], [ 126.876054905717382, 37.534721038680452 ], [ 126.876104306307013, 37.534813714112374 ], [ 126.876157669372077, 37.534904951238836 ], [ 126.876214655500192, 37.534994749694434 ], [ 126.876275491130031, 37.535083022317806 ], [ 126.876339950295801, 37.535169585061084 ], [ 126.876408032999549, 37.535254441522348 ], [ 126.876479513272358, 37.535337407653671 ], [ 126.87649521170222, 37.535354362936452 ], [ 126.876554504406343, 37.535418397073535 ], [ 126.876632893269502, 37.535497406952771 ], [ 126.876714453882428, 37.535574256847298 ], [ 126.876799299385596, 37.535648949573115 ], [ 126.876887090660361, 37.535721300962884 ], [ 126.876977944785452, 37.535788944225757 ], [ 126.877071623805875, 37.535858896936006 ], [ 126.877168139689445, 37.535923961069109 ], [ 126.877201821056758, 37.535945168953909 ], [ 126.877623571734304, 37.536178158343489 ], [ 126.87768835219579, 37.536208769933452 ], [ 126.877799039352894, 37.536257269240629 ], [ 126.877911768137523, 37.536302798205988 ], [ 126.878026425549777, 37.536345263903343 ], [ 126.878161215632474, 37.536391986986651 ], [ 126.878173541286671, 37.536396233624338 ], [ 126.878244215554915, 37.536420815314543 ], [ 126.878752620335305, 37.53659703844491 ], [ 126.87878224714774, 37.536607339652356 ], [ 126.878835620861196, 37.536625776257907 ], [ 126.879099775261722, 37.536717411009292 ], [ 126.879416512746459, 37.536827208593969 ], [ 126.879480516295274, 37.53684934996641 ], [ 126.879499513783273, 37.536855945940125 ], [ 126.879889981073958, 37.536991318296195 ], [ 126.880216223116832, 37.537102294811014 ], [ 126.880280113993663, 37.537124435633707 ], [ 126.880480833471367, 37.537193927837748 ], [ 126.880598664377615, 37.537234773400385 ], [ 126.880745331186134, 37.53728564935372 ], [ 126.880828333243059, 37.537314385765562 ], [ 126.880952836449566, 37.537357489372845 ], [ 126.881419752851755, 37.537519243663041 ], [ 126.881497892931861, 37.537546261872542 ], [ 126.881627259410564, 37.537591083397572 ], [ 126.881882487203683, 37.537679548478017 ], [ 126.881917769120662, 37.537691747611206 ], [ 126.881967864892161, 37.537709098288353 ], [ 126.882208279611902, 37.537792412010845 ], [ 126.882291282794156, 37.537821147393949 ], [ 126.882355514193634, 37.537843377535083 ], [ 126.883182960001591, 37.538130076394644 ], [ 126.884033458909244, 37.538424757154992 ], [ 126.884074282739377, 37.538438853239704 ], [ 126.884095655841747, 37.53844626172841 ], [ 126.884384588991779, 37.538546378602106 ], [ 126.884810809694557, 37.538693752414758 ], [ 126.885493737928257, 37.538930486201117 ], [ 126.885632848581636, 37.538896565278847 ], [ 126.8862948988792, 37.537850710441845 ], [ 126.886242704548323, 37.537725872053286 ], [ 126.88550946159863, 37.537472155384684 ], [ 126.885043667359923, 37.537310868859024 ], [ 126.884767403261094, 37.537215271968016 ], [ 126.88464900466029, 37.537174248901565 ], [ 126.884580589051509, 37.537150575175232 ], [ 126.884328752214827, 37.537063380671142 ], [ 126.884206961458659, 37.537021272603745 ], [ 126.884088450325706, 37.536980250664648 ], [ 126.883833448302724, 37.536891968962337 ], [ 126.883459936439166, 37.536762664139019 ], [ 126.883054423571977, 37.536622334828827 ], [ 126.882963166356319, 37.536590797713416 ], [ 126.88288016427731, 37.536562062798396 ], [ 126.882852911504855, 37.536552665996496 ], [ 126.882797162262165, 37.536533327825019 ], [ 126.882594406811776, 37.536463206804683 ], [ 126.882091534135938, 37.536289348377757 ], [ 126.881880977306537, 37.536216606263771 ], [ 126.881624397215916, 37.536127867689082 ], [ 126.880978822119999, 37.535904665363091 ], [ 126.880887566654962, 37.53587312754405 ], [ 126.880529669752065, 37.535749325441984 ], [ 126.880115800329733, 37.535605913188121 ], [ 126.880032800439281, 37.535577176270984 ], [ 126.879763108025301, 37.535483646697877 ], [ 126.879680108261127, 37.535454998730891 ], [ 126.879540569737983, 37.535406561484827 ], [ 126.879144118064758, 37.53526920045978 ], [ 126.879124668592326, 37.535262512958759 ], [ 126.879061118921797, 37.535240462859456 ], [ 126.878910612515199, 37.53518832032573 ], [ 126.87882252513603, 37.535157775289427 ], [ 126.878748685529715, 37.535132200459316 ], [ 126.878662862884809, 37.53510057646659 ], [ 126.878576707100095, 37.535065167894864 ], [ 126.878182887435401, 37.534843202250521 ], [ 126.878111581996777, 37.534790599882456 ], [ 126.878043335470778, 37.534735568889339 ], [ 126.877978374141819, 37.534678107711109 ], [ 126.877916697858382, 37.534618307353227 ], [ 126.87785841931273, 37.534556438236663 ], [ 126.877803764932494, 37.534492409603232 ], [ 126.877752847255024, 37.534426583774994 ], [ 126.877705666424504, 37.534358869756595 ], [ 126.877662448118713, 37.534289628186244 ], [ 126.877623192327817, 37.534218859969229 ], [ 126.877588011887738, 37.534146743624454 ], [ 126.877557019628782, 37.534073460373492 ], [ 126.877530102251114, 37.533999100199935 ], [ 126.877502652945353, 37.533904376118791 ], [ 126.877412345731116, 37.533507754238904 ], [ 126.877307441142435, 37.533044984920721 ], [ 126.877299467195115, 37.533009477406104 ], [ 126.877249261974683, 37.532787869482263 ], [ 126.877233200909473, 37.532716944421651 ], [ 126.876989816488532, 37.531642884323098 ] ] ] } },
{ "type": "Feature", "properties": { "OBJECTID": 3864, "ID": "중심지_11", "CODE": "ZON530", "ENT_NAME": "중심지", "JOSER_ID": null, "GOSI_ID": null, "LABEL": "수서문정지역중심(동남권)", "GOSI_DATE": null }, "geometry": { "type": "Polygon", "coordinates": [ [ [ 127.123850006575623, 37.482680967366257 ], [ 127.125131051472081, 37.480031022424583 ], [ 127.125186220685237, 37.479915101332701 ], [ 127.125236740992065, 37.479818513361465 ], [ 127.125416427967323, 37.479475528302522 ], [ 127.125629160381891, 37.479057624214001 ], [ 127.125648530592542, 37.479020116800093 ], [ 127.125692856141455, 37.4789342750651 ], [ 127.125924991872111, 37.478425829994102 ], [ 127.125974900026819, 37.47831306034049 ], [ 127.126060012652417, 37.47814657909705 ], [ 127.12626308643344, 37.477747165303519 ], [ 127.126493842520546, 37.477180542792112 ], [ 127.126520375189969, 37.477072598143579 ], [ 127.126546668920653, 37.476977356062932 ], [ 127.126610259585888, 37.47673050797502 ], [ 127.126656570583336, 37.476469299956207 ], [ 127.126434904339661, 37.476482508924825 ], [ 127.125577701522175, 37.476519691746901 ], [ 127.125253681742848, 37.476549791580332 ], [ 127.125076002059174, 37.476572774653235 ], [ 127.124950501887369, 37.476594973152913 ], [ 127.1248817259833, 37.476606732771252 ], [ 127.124794437947401, 37.476619414467947 ], [ 127.123919869071528, 37.476771106297527 ], [ 127.123343434775862, 37.476865234099016 ], [ 127.123064323889892, 37.476912494358409 ], [ 127.122789008173029, 37.476959941075883 ], [ 127.122529908818592, 37.477003334057493 ], [ 127.122174018631483, 37.477064737258857 ], [ 127.121875418332948, 37.477115735745777 ], [ 127.121581604506019, 37.477165422162052 ], [ 127.121337269311283, 37.477204991693988 ], [ 127.121143298882387, 37.477229944148682 ], [ 127.120980981501887, 37.477266397110597 ], [ 127.120724692530203, 37.477339492924038 ], [ 127.120508929332516, 37.477404487016557 ], [ 127.120226944893389, 37.477495076243891 ], [ 127.120116566283926, 37.477530201810779 ], [ 127.120063357798841, 37.477547136372074 ], [ 127.119998442685343, 37.477567792973211 ], [ 127.119956081950463, 37.477581265772073 ], [ 127.119698284555938, 37.477661251729934 ], [ 127.119446442486918, 37.477739883282702 ], [ 127.119213418530862, 37.477815293395736 ], [ 127.118950754712728, 37.477898855940438 ], [ 127.117898389699519, 37.478246870162742 ], [ 127.117077579778766, 37.47936026491832 ], [ 127.116867771174398, 37.47964430250159 ], [ 127.114983458348675, 37.478828126609947 ], [ 127.114341067693829, 37.478549874519587 ], [ 127.114265385358607, 37.478523420369321 ], [ 127.112982142522583, 37.477973218506492 ], [ 127.112445710013091, 37.477742077565672 ], [ 127.112109497991412, 37.477608781358107 ], [ 127.111793804289704, 37.477492384055175 ], [ 127.111533923502236, 37.477404722764661 ], [ 127.111314863091465, 37.477334284370933 ], [ 127.110964127945962, 37.477219950059869 ], [ 127.110589422423857, 37.47709821978588 ], [ 127.110205829153813, 37.476972910508195 ], [ 127.109984398290294, 37.476900154444621 ], [ 127.109617471204075, 37.476779592450093 ], [ 127.109081696786745, 37.476604775229923 ], [ 127.108518413436101, 37.476419685638177 ], [ 127.108358017502596, 37.476368370943547 ], [ 127.107926537312608, 37.476228241813089 ], [ 127.107485828754392, 37.476086254304704 ], [ 127.107110850113855, 37.475963257217558 ], [ 127.106694162890719, 37.475827127021901 ], [ 127.10651896503029, 37.475766737292943 ], [ 127.106392326344206, 37.475723086281349 ], [ 127.106381266405876, 37.475770787941038 ], [ 127.106256057592688, 37.476299673682092 ], [ 127.10623252360206, 37.476396271145248 ], [ 127.106228130633525, 37.476414295078527 ], [ 127.106226900905952, 37.476419365205608 ], [ 127.106222689603882, 37.476437951202854 ], [ 127.106201970169764, 37.476527788648717 ], [ 127.106199687067658, 37.47653792694387 ], [ 127.10618704476633, 37.47659256229003 ], [ 127.106128591769817, 37.476858690747328 ], [ 127.106074488259495, 37.477075822435204 ], [ 127.106019352218283, 37.47731322934802 ], [ 127.105968252851312, 37.47753345776033 ], [ 127.105929971761455, 37.477697079288205 ], [ 127.105921016424958, 37.477735098665903 ], [ 127.105912404107926, 37.477767767590876 ], [ 127.105906959355011, 37.477788888279541 ], [ 127.105902037914291, 37.477807476690522 ], [ 127.105842155991837, 37.478062062579816 ], [ 127.105813541541693, 37.478192169067661 ], [ 127.105783695554962, 37.478324530938785 ], [ 127.105780183334431, 37.47834030156811 ], [ 127.105766314543658, 37.478402819898122 ], [ 127.105759817453503, 37.478429855681426 ], [ 127.10574207740413, 37.478503641746059 ], [ 127.10572486555661, 37.478575174837076 ], [ 127.105698346632693, 37.478687259404374 ], [ 127.10567903290999, 37.478772590477121 ], [ 127.105676050449333, 37.478787234383134 ], [ 127.105662174458189, 37.478844685469298 ], [ 127.105647770903118, 37.478903263270261 ], [ 127.105637590547914, 37.478950010800176 ], [ 127.105576833260258, 37.479212199929307 ], [ 127.105569807786551, 37.479241488667846 ], [ 127.105551365784478, 37.47931809004092 ], [ 127.105507634157362, 37.479503397883377 ], [ 127.105473213425029, 37.479649276894058 ], [ 127.105457749086057, 37.479707855597255 ], [ 127.105436852639585, 37.479798536353059 ], [ 127.105422097936909, 37.479858523592362 ], [ 127.105410863455205, 37.47991005994416 ], [ 127.105401379724995, 37.479950611547189 ], [ 127.105376095139974, 37.480061570481425 ], [ 127.105337651546719, 37.480238706912871 ], [ 127.105300237818341, 37.480392191134939 ], [ 127.105265295023074, 37.480545392059291 ], [ 127.10524562836909, 37.480631287371494 ], [ 127.105230351697372, 37.48069831185741 ], [ 127.105192596909944, 37.480862215512552 ], [ 127.105172749047625, 37.48094473041008 ], [ 127.105155533380128, 37.481014292001532 ], [ 127.105148507963094, 37.481043861818563 ], [ 127.105134808304669, 37.481101874891344 ], [ 127.105120409740266, 37.481164676495688 ], [ 127.105104251830014, 37.481233956037251 ], [ 127.105054375397529, 37.481446297275241 ], [ 127.105020128113011, 37.481591332617541 ], [ 127.104997643312885, 37.481683704936799 ], [ 127.104937913073528, 37.481926463528957 ], [ 127.104828981519603, 37.482359039374465 ], [ 127.104826693404647, 37.4823657988834 ], [ 127.10481824903249, 37.482391428935912 ], [ 127.104804018970682, 37.48244888019633 ], [ 127.104788027182053, 37.482511119112068 ], [ 127.104784337342622, 37.482524637353343 ], [ 127.104716650872859, 37.482762618437363 ], [ 127.104703461117765, 37.482807115982425 ], [ 127.10469185591559, 37.482846263799985 ], [ 127.104659500178414, 37.482955257311346 ], [ 127.10462643109399, 37.483058618376063 ], [ 127.104592129712387, 37.483167051338377 ], [ 127.104565405976928, 37.483260834612452 ], [ 127.104535322973803, 37.483352087193218 ], [ 127.10450312848576, 37.483450380224753 ], [ 127.104462316772469, 37.483577119947519 ], [ 127.104408828852129, 37.483735685034816 ], [ 127.104349515361562, 37.483897354606945 ], [ 127.104331940536184, 37.483964944966893 ], [ 127.104316086944323, 37.483998182267001 ], [ 127.104278255250534, 37.484108589582597 ], [ 127.104255907772398, 37.484173648663173 ], [ 127.104186579526186, 37.484375871886023 ], [ 127.104139066445214, 37.484512470645221 ], [ 127.104103695012981, 37.484613301724494 ], [ 127.104089433962145, 37.484648790109873 ], [ 127.104068130937193, 37.484702304620725 ], [ 127.10403960721834, 37.484772156932443 ], [ 127.104017416874953, 37.484823421503094 ], [ 127.103993808949014, 37.484871589658134 ], [ 127.103966680349828, 37.484928206841602 ], [ 127.103936385792935, 37.484996370383897 ], [ 127.103917363925888, 37.485038059955841 ], [ 127.103890579522172, 37.48508848154119 ], [ 127.103855866550788, 37.485155243328116 ], [ 127.103813931562428, 37.485235805677483 ], [ 127.103768102395691, 37.485312992628494 ], [ 127.103718391240463, 37.485392437222259 ], [ 127.103679435676455, 37.485457512346549 ], [ 127.103664630548138, 37.485482302664565 ], [ 127.103620906118394, 37.485547663003473 ], [ 127.103619317586521, 37.485550197989973 ], [ 127.103567836946411, 37.485627389742895 ], [ 127.103514762688874, 37.485703458399364 ], [ 127.103453752712539, 37.485789106108179 ], [ 127.103394500294982, 37.485868556988862 ], [ 127.103327838207974, 37.48595533575444 ], [ 127.103250234970488, 37.486051697934187 ], [ 127.103164861960849, 37.486151726610302 ], [ 127.103079830032982, 37.486241616871965 ], [ 127.103074016266177, 37.486253448402174 ], [ 127.102849533643308, 37.486561671587474 ], [ 127.102834187094899, 37.486579421843629 ], [ 127.102800136210234, 37.486613519667479 ], [ 127.102715439767564, 37.486691303530606 ], [ 127.102619792100228, 37.486771349204545 ], [ 127.102550613044343, 37.486827439795881 ], [ 127.102537906845413, 37.486837868027465 ], [ 127.1025170869123, 37.486858441250646 ], [ 127.102488851182102, 37.486881833731083 ], [ 127.102409262871717, 37.486948069388639 ], [ 127.101882018844037, 37.487380007520301 ], [ 127.101462599206897, 37.487231280825434 ], [ 127.100833433546512, 37.48710319175008 ], [ 127.100360964166839, 37.486967997296262 ], [ 127.099714055749274, 37.487409541271731 ], [ 127.099217871036615, 37.48774998113182 ], [ 127.098386589517432, 37.488310730979997 ], [ 127.09925255954191, 37.489110668205008 ], [ 127.100554065943953, 37.487969486705481 ], [ 127.101152088020669, 37.488157629951338 ], [ 127.101150330445279, 37.488158990141848 ], [ 127.102053997121487, 37.488417352323296 ], [ 127.102281470659932, 37.488482390958751 ], [ 127.10332405328306, 37.488780449059306 ], [ 127.103409231632426, 37.488804792737241 ], [ 127.104502271003412, 37.489117302996789 ], [ 127.104713463527702, 37.48918027882965 ], [ 127.10533557265201, 37.489332903834253 ], [ 127.105810614677182, 37.489431595466492 ], [ 127.106002486701911, 37.489179145931473 ], [ 127.106149216671852, 37.488989806066549 ], [ 127.106295996237719, 37.488836505974227 ], [ 127.10640877818247, 37.488629175874735 ], [ 127.106713540264735, 37.488250484852621 ], [ 127.107164998751486, 37.487664431880681 ], [ 127.107334311340963, 37.48745705029777 ], [ 127.107639038509575, 37.487060336842362 ], [ 127.108158272265385, 37.486438179053721 ], [ 127.10865489685726, 37.485825049431398 ], [ 127.109049960355321, 37.485356170238262 ], [ 127.10944498003866, 37.484860259708967 ], [ 127.109466967391469, 37.484829221772777 ], [ 127.120807287135179, 37.488634191005787 ], [ 127.121092593448708, 37.488086376578593 ], [ 127.121574443962302, 37.48712955013459 ], [ 127.121623876265801, 37.487035339962375 ], [ 127.121877161283706, 37.486531439267651 ], [ 127.12198780176476, 37.486324943368089 ], [ 127.122251403132282, 37.485804427658174 ], [ 127.122361438778711, 37.485587345246998 ], [ 127.122405235021546, 37.485500889092975 ], [ 127.122667706421311, 37.484991381966339 ], [ 127.123021110421163, 37.484304552109045 ], [ 127.123085991910884, 37.484180509479621 ], [ 127.12337902050497, 37.483596236613039 ], [ 127.123512392445207, 37.483341398672529 ], [ 127.123541581606744, 37.483283416158841 ], [ 127.123780903941238, 37.482813536479497 ], [ 127.123850006575623, 37.482680967366257 ] ] ] } },
{ "type": "Feature", "properties": { "OBJECTID": 3865, "ID": "중심지_14", "CODE": "ZON520", "ENT_NAME": "중심지", "JOSER_ID": null, "GOSI_ID": null, "LABEL": "잠실광역중심(동남권)", "GOSI_DATE": null }, "geometry": { "type": "Polygon", "coordinates": [ [ [ 127.097818265644989, 37.515820747250359 ], [ 127.098578982899895, 37.516185274866302 ], [ 127.099369686992205, 37.516469946283877 ], [ 127.100306439156711, 37.516832348992786 ], [ 127.102369220343704, 37.517630374709569 ], [ 127.102995200397856, 37.517872783065862 ], [ 127.104896840098405, 37.518608148455996 ], [ 127.105785021358528, 37.517039013640009 ], [ 127.105937858621829, 37.516769048407504 ], [ 127.106226322325242, 37.516259342964098 ], [ 127.106473699666111, 37.515822320592882 ], [ 127.106656829457023, 37.515467976211006 ], [ 127.107176941367555, 37.515644738035846 ], [ 127.107986254376542, 37.515919761155523 ], [ 127.108795573314296, 37.516194778708304 ], [ 127.109055633998196, 37.516283155180872 ], [ 127.109315695294285, 37.516371531078633 ], [ 127.111396207701418, 37.517078517566368 ], [ 127.112048582694271, 37.517300184555154 ], [ 127.11270096153892, 37.517521847926446 ], [ 127.11290740012177, 37.517448132186303 ], [ 127.114437780248252, 37.51690168482564 ], [ 127.115968115380994, 37.516355208634664 ], [ 127.114868286004807, 37.51458624459088 ], [ 127.114867979870667, 37.514585758346755 ], [ 127.111963551654625, 37.515732549395644 ], [ 127.110940050647002, 37.515379916889472 ], [ 127.111105608211929, 37.514990209670046 ], [ 127.110884196351222, 37.514932108717332 ], [ 127.110905252627973, 37.514882165027977 ], [ 127.110714715238203, 37.514842156895263 ], [ 127.110678070064779, 37.514844082857273 ], [ 127.110493899331601, 37.514547734190593 ], [ 127.110175665864503, 37.51467322166296 ], [ 127.109373843207152, 37.514400824937844 ], [ 127.109858870038877, 37.513260246014525 ], [ 127.108878312743627, 37.511683076621587 ], [ 127.108878587431533, 37.51168296464833 ], [ 127.109467620849728, 37.511443191610574 ], [ 127.109106534654359, 37.511028630099794 ], [ 127.108637789072247, 37.511219427682299 ], [ 127.108374607119259, 37.511326560289611 ], [ 127.108190774213185, 37.51140135418953 ], [ 127.107389784277217, 37.510777318291503 ], [ 127.106585310489223, 37.510150040001733 ], [ 127.106280719959244, 37.509912616740912 ], [ 127.10609125081065, 37.509764880576199 ], [ 127.105686836801723, 37.509449597045645 ], [ 127.105653800983205, 37.509423838739146 ], [ 127.105703023024475, 37.509377214695952 ], [ 127.105916890878859, 37.509185191010346 ], [ 127.105933442845483, 37.509170965856583 ], [ 127.105993275631491, 37.509110412808695 ], [ 127.106093922046412, 37.509018782457098 ], [ 127.106200100776434, 37.508920389638391 ], [ 127.106301435747298, 37.508836236772545 ], [ 127.106504421472877, 37.508651622449435 ], [ 127.106509503346061, 37.508646121850788 ], [ 127.106599774118322, 37.508576574711277 ], [ 127.106799690756063, 37.508382051635415 ], [ 127.10689378345414, 37.50829619281442 ], [ 127.107097899043453, 37.508112837844408 ], [ 127.107186100178239, 37.508020136474151 ], [ 127.10739925940139, 37.507834700592291 ], [ 127.107496500316756, 37.507736660584143 ], [ 127.107694731734725, 37.507553324261877 ], [ 127.107787440693897, 37.507480517807849 ], [ 127.107888490375629, 37.507394012216054 ], [ 127.10800620193946, 37.507283809706159 ], [ 127.1080844951762, 37.507209819485695 ], [ 127.108195936872448, 37.507111403880074 ], [ 127.108289019833492, 37.50702239495638 ], [ 127.108388036286996, 37.506936934123807 ], [ 127.10851917035221, 37.506811841683486 ], [ 127.108586171089655, 37.506750722189196 ], [ 127.108683422205132, 37.50666188576745 ], [ 127.108754920414981, 37.506596678775963 ], [ 127.108857141136184, 37.506503422810582 ], [ 127.109117717574335, 37.506265322442076 ], [ 127.109211646832648, 37.506179606055603 ], [ 127.109267963665232, 37.506128242898313 ], [ 127.10929500380351, 37.506103548921864 ], [ 127.109362412129329, 37.506042039377974 ], [ 127.109382799507642, 37.506023433187067 ], [ 127.109860019271864, 37.505587814700981 ], [ 127.109937973741054, 37.505516674299777 ], [ 127.109679274284915, 37.50533379991424 ], [ 127.109587334823786, 37.505268841043552 ], [ 127.109495633270797, 37.505204053072596 ], [ 127.109403818650364, 37.505139175033129 ], [ 127.109361024694664, 37.50510892256834 ], [ 127.109272719808814, 37.505046491935211 ], [ 127.109141734516626, 37.504953898686431 ], [ 127.109089272581031, 37.504916825367651 ], [ 127.109008032535115, 37.504859415667717 ], [ 127.108898840832396, 37.504782173334036 ], [ 127.108875225133488, 37.504765481291521 ], [ 127.108746946525528, 37.504674786245253 ], [ 127.108637596936816, 37.504597480740784 ], [ 127.108532436344376, 37.504523144631705 ], [ 127.108452963107524, 37.504466904242143 ], [ 127.108291615994588, 37.504374287965106 ], [ 127.107690476321636, 37.504271297018661 ], [ 127.107474561835488, 37.504145572835171 ], [ 127.107475625703273, 37.504145321403577 ], [ 127.107401336183443, 37.504115876731937 ], [ 127.107303114909982, 37.504076942513478 ], [ 127.107204893751046, 37.504038017222904 ], [ 127.107106672681269, 37.503999082840295 ], [ 127.107097529529057, 37.503995459991039 ], [ 127.107048679287615, 37.503976087137431 ], [ 127.107008598812271, 37.503960202304135 ], [ 127.106910480022322, 37.503921474895911 ], [ 127.106812485585579, 37.503882639175309 ], [ 127.106694349087675, 37.503835712327252 ], [ 127.106572365387478, 37.503787257085619 ], [ 127.106476294910664, 37.50374914017236 ], [ 127.106262984897697, 37.503664538394275 ], [ 127.10619649162669, 37.503743441849906 ], [ 127.106102338377781, 37.503855348079384 ], [ 127.106003420144987, 37.503972916712456 ], [ 127.105919529802932, 37.504072731334496 ], [ 127.105818047905402, 37.5041932933865 ], [ 127.105755214301865, 37.504267924428781 ], [ 127.10567485719389, 37.50436342898567 ], [ 127.105451748216851, 37.504628338613315 ], [ 127.105381653868619, 37.504711661457151 ], [ 127.105347532504808, 37.504752227337178 ], [ 127.105256414003591, 37.504860517206801 ], [ 127.10516823087805, 37.504965290538038 ], [ 127.105085580257509, 37.505063571768623 ], [ 127.104998650034204, 37.505166902275313 ], [ 127.104849550426223, 37.505344131072924 ], [ 127.104656868054533, 37.505582921453346 ], [ 127.104573718459136, 37.505681204553881 ], [ 127.10439549692407, 37.505901614144157 ], [ 127.10431247762159, 37.505989849018434 ], [ 127.104128968943414, 37.506209014013983 ], [ 127.104049544646827, 37.506296618482331 ], [ 127.103865340569925, 37.506522809639144 ], [ 127.10378687631578, 37.506604958456563 ], [ 127.10361342951731, 37.50682513204589 ], [ 127.103519579203635, 37.506917646437884 ], [ 127.10335391521528, 37.507130093169906 ], [ 127.103267108624848, 37.507229704747388 ], [ 127.103108187066411, 37.50742606251535 ], [ 127.103055332619462, 37.507482389652843 ], [ 127.103010829432279, 37.507463552003621 ], [ 127.102576506334117, 37.507279668609044 ], [ 127.102423467321699, 37.507214597860177 ], [ 127.101655124718803, 37.506888805912283 ], [ 127.100951016952479, 37.50659162102923 ], [ 127.100779334273099, 37.506518914364101 ], [ 127.099818520052423, 37.506112137168358 ], [ 127.098866324206455, 37.505964147558323 ], [ 127.098672056260497, 37.505939636372787 ], [ 127.098369668432369, 37.505912616884999 ], [ 127.097708460472944, 37.505851865870945 ], [ 127.097236592264821, 37.505808881435939 ], [ 127.097285152296692, 37.506537094038336 ], [ 127.097514095187762, 37.50997015439345 ], [ 127.094727504837095, 37.510172951550743 ], [ 127.093093410188558, 37.51029184577682 ], [ 127.092648216798509, 37.511535259320354 ], [ 127.092514864687914, 37.511907897221121 ], [ 127.092006508426451, 37.513320142121977 ], [ 127.093029701085655, 37.513552244336587 ], [ 127.093054098124284, 37.513557312459199 ], [ 127.093078754253753, 37.513561510013425 ], [ 127.093103621956388, 37.513564828025963 ], [ 127.093128649192465, 37.513567259329079 ], [ 127.093153788450891, 37.513568800355579 ], [ 127.093178988826139, 37.513569446639856 ], [ 127.093204200549366, 37.513569198220537 ], [ 127.093229372719563, 37.513568054236124 ], [ 127.093254455572193, 37.513566018329271 ], [ 127.093279400472824, 37.513563093240805 ], [ 127.093304156529257, 37.513559285317349 ], [ 127.095308266899281, 37.513213944891703 ], [ 127.095343667367615, 37.513208314382794 ], [ 127.095379274817404, 37.513203585596251 ], [ 127.095415053064272, 37.513199765768611 ], [ 127.095450967046943, 37.51319685582861 ], [ 127.095486978316629, 37.513194861212689 ], [ 127.095523051812194, 37.513193782849626 ], [ 127.095559150210221, 37.513193621670133 ], [ 127.095595236187378, 37.513194378604865 ], [ 127.095631273549245, 37.513196052781645 ], [ 127.095667226098939, 37.513198641526444 ], [ 127.095703056509763, 37.513202143067069 ], [ 127.095738727451504, 37.51320655292843 ], [ 127.095774204989539, 37.513211868434759 ], [ 127.095809450659132, 37.513218082408969 ], [ 127.09584442939105, 37.513225189473246 ], [ 127.095879106112619, 37.513233181546916 ], [ 127.095913444621189, 37.513242051451201 ], [ 127.096471711935664, 37.513394135496434 ], [ 127.096504569538823, 37.513403539808813 ], [ 127.09653704699133, 37.513413747205632 ], [ 127.096569112612116, 37.513424748702711 ], [ 127.096600736980065, 37.513436533512127 ], [ 127.096631890672782, 37.513449089944928 ], [ 127.096662542005689, 37.513462406314098 ], [ 127.096692662686124, 37.513476470028827 ], [ 127.09672222442039, 37.513491267597388 ], [ 127.096751198913424, 37.513506784627047 ], [ 127.096779559001263, 37.513523006724228 ], [ 127.096807276386414, 37.513539917694239 ], [ 127.0968343250358, 37.513557503142614 ], [ 127.096860680041701, 37.513575744168939 ], [ 127.096886315369645, 37.513594625477772 ], [ 127.096911207241646, 37.513614127266884 ], [ 127.096935330750796, 37.513634231536926 ], [ 127.096958664383379, 37.513654920285781 ], [ 127.096981185489923, 37.513676171908337 ], [ 127.097002872555393, 37.513697967501521 ], [ 127.097023705193422, 37.513720286359344 ], [ 127.097043661884243, 37.513743105974754 ], [ 127.097062725634657, 37.513766405638968 ], [ 127.097080878317968, 37.513790162842234 ], [ 127.097098100676376, 37.513814355075603 ], [ 127.097224936661064, 37.513999105288221 ], [ 127.097241444114601, 37.514024069331846 ], [ 127.097256961247638, 37.514049433317069 ], [ 127.097271473322934, 37.514075172028313 ], [ 127.097284967864198, 37.514101259347214 ], [ 127.097297429004058, 37.514127670960029 ], [ 127.097308846528364, 37.514154380746483 ], [ 127.097319209090514, 37.514181361686198 ], [ 127.097328505345175, 37.514208587659766 ], [ 127.097336726209036, 37.514236032545867 ], [ 127.097343864859766, 37.514263669320428 ], [ 127.097349913342867, 37.514291470059192 ], [ 127.097354867099355, 37.514319408637128 ], [ 127.097358719304552, 37.51434745622803 ], [ 127.097361467661571, 37.514375586704972 ], [ 127.097363107609112, 37.514403772140852 ], [ 127.097363640240118, 37.514431983702963 ], [ 127.09736306325776, 37.514460195264299 ], [ 127.097361377756116, 37.514488378893013 ], [ 127.097358584829422, 37.514516506657365 ], [ 127.097354687833914, 37.514544550623619 ], [ 127.097349690127189, 37.514572483759082 ], [ 127.097343596196765, 37.514600278129087 ], [ 127.097336413925788, 37.514627907598189 ], [ 127.097328148932888, 37.514655344230739 ], [ 127.097318809100173, 37.514682560990259 ], [ 127.097308403441986, 37.514709531740245 ], [ 127.0972969432339, 37.514736229441482 ], [ 127.097284439752499, 37.514762627955555 ], [ 127.097270904275746, 37.514788702045102 ], [ 127.097256350342676, 37.514814425569959 ], [ 127.09724079262574, 37.51483977419096 ], [ 127.097224245795275, 37.514864721766905 ], [ 127.097033445681362, 37.515141797371371 ], [ 127.097024675428486, 37.515155436534215 ], [ 127.097016889718304, 37.515169448813836 ], [ 127.097010113380762, 37.515183790942466 ], [ 127.097004368978858, 37.515198416050282 ], [ 127.096999673419077, 37.515213276370993 ], [ 127.096996042477869, 37.515228325040113 ], [ 127.096993488536199, 37.51524351339399 ], [ 127.096992019450511, 37.515258792772521 ], [ 127.096991638551685, 37.515274113618275 ], [ 127.096992349171771, 37.515289427274801 ], [ 127.096994147854957, 37.515304684190056 ], [ 127.096997030015444, 37.515319835713903 ], [ 127.097000984279617, 37.515334832300738 ], [ 127.097005999276007, 37.515349626206778 ], [ 127.097012059108778, 37.515364169691956 ], [ 127.097019144490901, 37.515378416820944 ], [ 127.09702723161088, 37.515392321661977 ], [ 127.097036294394854, 37.515405838285162 ], [ 127.097046304511267, 37.51541892436633 ], [ 127.097057229104081, 37.515431537585066 ], [ 127.097069034188266, 37.515443637423751 ], [ 127.097081681256583, 37.515455185170431 ], [ 127.097095129540605, 37.515466143016006 ], [ 127.097109334881921, 37.515476475857092 ], [ 127.097124253125443, 37.51548615129331 ], [ 127.097139836723827, 37.515495137827976 ], [ 127.097156033608599, 37.515503406671179 ], [ 127.097818265644989, 37.515820747250359 ] ] ] } },
{ "type": "Feature", "properties": { "OBJECTID": 3866, "ID": "중심지_18", "CODE": "ZON540", "ENT_NAME": "중심지", "JOSER_ID": null, "GOSI_ID": null, "LABEL": "월계지구중심(동북권)", "GOSI_DATE": null }, "geometry": { "type": "Polygon", "coordinates": [ [ [ 127.062110540226513, 37.628851848260602 ], [ 127.062127608078214, 37.628805078694121 ], [ 127.061943870366335, 37.628813823218714 ], [ 127.061889020957366, 37.628788893277054 ], [ 127.061832678663066, 37.62873891866284 ], [ 127.061962568182253, 37.628681368851502 ], [ 127.062045287295817, 37.628570506953338 ], [ 127.062152160976879, 37.628488282814239 ], [ 127.062270847162949, 37.628447317329865 ], [ 127.0623229263865, 37.628407917729056 ], [ 127.0624142893124, 37.628338764634762 ], [ 127.062479289872613, 37.628309630356227 ], [ 127.062550155770737, 37.628249534471799 ], [ 127.062773101632089, 37.62778685635999 ], [ 127.063099258619786, 37.627891173141045 ], [ 127.063115696675169, 37.62787980321697 ], [ 127.063192572583034, 37.627826785500162 ], [ 127.063258892504422, 37.627750167606536 ], [ 127.063268508259284, 37.627735566715522 ], [ 127.063269865852277, 37.627733402754551 ], [ 127.063299847892452, 37.627687887621967 ], [ 127.063310998742807, 37.627663879702823 ], [ 127.06326127795063, 37.627648489977041 ], [ 127.063334858944273, 37.627491096370257 ], [ 127.063408850660878, 37.627334853949293 ], [ 127.062967365054661, 37.627274332548936 ], [ 127.063011339518397, 37.627023837455766 ], [ 127.063072380748523, 37.626867034364075 ], [ 127.063142253230282, 37.626429122924094 ], [ 127.063195344058414, 37.626245294527799 ], [ 127.063110336025446, 37.626186775276494 ], [ 127.062959613443184, 37.626112973548729 ], [ 127.06289499009894, 37.626047235691722 ], [ 127.062809910034147, 37.625900421191396 ], [ 127.062788297875784, 37.625793214977939 ], [ 127.062747429177691, 37.625684218594657 ], [ 127.062662389664851, 37.62558605503969 ], [ 127.062644222593747, 37.625534168942487 ], [ 127.062614700170656, 37.625450032759865 ], [ 127.062548946054221, 37.625384295291056 ], [ 127.062501340061985, 37.625350082685877 ], [ 127.06242710682551, 37.625304639584883 ], [ 127.062396439901335, 37.62527517536396 ], [ 127.062380885725702, 37.625259956835414 ], [ 127.062332307827461, 37.625211671364461 ], [ 127.062240479906762, 37.625122340593357 ], [ 127.062177034548114, 37.625054638491264 ], [ 127.062153218018778, 37.625005997842358 ], [ 127.062130412273888, 37.624960537126427 ], [ 127.062151293668038, 37.624939344373118 ], [ 127.062251156511891, 37.624922021246022 ], [ 127.062336732411254, 37.624886225409064 ], [ 127.062400064314843, 37.624787022846206 ], [ 127.062490701693861, 37.624805896619819 ], [ 127.062565453013804, 37.624791442303071 ], [ 127.062643538446736, 37.624698600097965 ], [ 127.062700060052507, 37.624555766461945 ], [ 127.06281098524407, 37.624450564594071 ], [ 127.062881118574282, 37.624330877166798 ], [ 127.062968340511802, 37.624330831781108 ], [ 127.063032845137002, 37.624254214915005 ], [ 127.063089435137272, 37.624195621733207 ], [ 127.063147966665127, 37.624156309373134 ], [ 127.063222330537954, 37.624085182326333 ], [ 127.063313580851528, 37.623887369562773 ], [ 127.063342927194554, 37.623895463909442 ], [ 127.063605996792646, 37.623674135304306 ], [ 127.063731535304711, 37.623708892051788 ], [ 127.063789834031567, 37.623664307861276 ], [ 127.0653058346211, 37.622506279835896 ], [ 127.065925655992942, 37.622754072112556 ], [ 127.066008262664127, 37.622787093857205 ], [ 127.06608570650603, 37.62261595545467 ], [ 127.066908411710457, 37.620798225987016 ], [ 127.066488068534639, 37.619115246972953 ], [ 127.066625781946385, 37.618829469314811 ], [ 127.066634505243073, 37.618832635952828 ], [ 127.066634048572467, 37.61882721230306 ], [ 127.067322160358515, 37.61729183020401 ], [ 127.067365218457596, 37.617209618738251 ], [ 127.067380032348183, 37.617182463926497 ], [ 127.067440426480331, 37.61718202566675 ], [ 127.067443880611521, 37.617117333329645 ], [ 127.067448223521083, 37.617032999117569 ], [ 127.067543732536876, 37.616807520366493 ], [ 127.067543265853061, 37.616792112957292 ], [ 127.067543089184881, 37.616784455621456 ], [ 127.067379669788536, 37.616809909538532 ], [ 127.067112449025558, 37.616802760418594 ], [ 127.067009058269477, 37.616826135217245 ], [ 127.066880053312872, 37.61686987726695 ], [ 127.066772149800528, 37.616939808027048 ], [ 127.066544241252714, 37.616918832854424 ], [ 127.066403332241777, 37.616950219486405 ], [ 127.066267894398194, 37.61695612231491 ], [ 127.066013551710668, 37.617004284753214 ], [ 127.065914697847035, 37.617035647811285 ], [ 127.065877404354694, 37.617040019891064 ], [ 127.065763477460493, 37.617061408175836 ], [ 127.065633862626427, 37.617082137247785 ], [ 127.065560309814174, 37.6170976479223 ], [ 127.065530243000325, 37.617105097324277 ], [ 127.065508648717156, 37.617110199575414 ], [ 127.065475071387397, 37.617118506798334 ], [ 127.065389771953306, 37.617105173431177 ], [ 127.065386203604518, 37.617104616754368 ], [ 127.065291635446087, 37.617089702605959 ], [ 127.065198748547473, 37.617079193269845 ], [ 127.065086460793182, 37.61706916282202 ], [ 127.065061751930557, 37.617075888434123 ], [ 127.064983804470231, 37.617091607440038 ], [ 127.064786857636264, 37.617012381841455 ], [ 127.064721173813552, 37.617023165734885 ], [ 127.064476507335769, 37.616954460686884 ], [ 127.064458527570338, 37.617002852937823 ], [ 127.064337445322323, 37.616974410422571 ], [ 127.064318261994387, 37.616965537863784 ], [ 127.064336431554352, 37.616915117425414 ], [ 127.064230504451814, 37.616885370221091 ], [ 127.06421202936744, 37.616937564836661 ], [ 127.064181408442707, 37.6170271466844 ], [ 127.064071397948766, 37.61742460146359 ], [ 127.064027750671286, 37.617580070767474 ], [ 127.063969814038543, 37.617822887764753 ], [ 127.063937104026181, 37.617945240203163 ], [ 127.063873410719964, 37.618212657850314 ], [ 127.063865148190843, 37.618246972452383 ], [ 127.063781755205781, 37.618499920785737 ], [ 127.063738910336923, 37.618627523108692 ], [ 127.063734734259967, 37.61864533769274 ], [ 127.063712961795517, 37.618737735697714 ], [ 127.063683169441902, 37.618828254873023 ], [ 127.063459892704401, 37.619359689380609 ], [ 127.063345270809577, 37.619613843038969 ], [ 127.063300929693952, 37.619714425565924 ], [ 127.063199121894357, 37.619960104045404 ], [ 127.063092739144594, 37.62020664885403 ], [ 127.063047433988089, 37.620306565053461 ], [ 127.062869985809897, 37.620778634963216 ], [ 127.062817827447262, 37.620920387131285 ], [ 127.062676828318914, 37.621183393287176 ], [ 127.062499393900694, 37.621509909252957 ], [ 127.062325727908785, 37.621793618337968 ], [ 127.062060069660419, 37.622254093473423 ], [ 127.061700175621752, 37.622885080540257 ], [ 127.061498722878667, 37.623245142520709 ], [ 127.061248487873286, 37.623205400186727 ], [ 127.061307093315605, 37.623074259942058 ], [ 127.061328068708832, 37.623026543337872 ], [ 127.061328292949085, 37.623025074627265 ], [ 127.061444794597108, 37.622767811935297 ], [ 127.06112096921494, 37.622660039452754 ], [ 127.061057206262319, 37.622744151072411 ], [ 127.06103183691387, 37.622762093366369 ], [ 127.060996014986316, 37.622784798096525 ], [ 127.06094196686297, 37.622778643701977 ], [ 127.060900735906699, 37.622695784227574 ], [ 127.060702152944316, 37.622677774291468 ], [ 127.060588835233773, 37.622665802085365 ], [ 127.060608812766631, 37.622719374252732 ], [ 127.060478026501599, 37.622777084352926 ], [ 127.060484204925771, 37.622954050808971 ], [ 127.060391274400828, 37.622939709460454 ], [ 127.060313155183863, 37.622920394460145 ], [ 127.06014230932503, 37.622740824088645 ], [ 127.060124678889508, 37.622720092290926 ], [ 127.060067482139587, 37.622685406831572 ], [ 127.060052618752962, 37.622667214413013 ], [ 127.060001853986961, 37.622600972517603 ], [ 127.059964848610704, 37.622501324464217 ], [ 127.059911375266836, 37.622449067076204 ], [ 127.059872542793684, 37.622402802950525 ], [ 127.059890829608435, 37.622393964304393 ], [ 127.059857677813156, 37.622338947948165 ], [ 127.059805589856154, 37.622290862263519 ], [ 127.059753785566699, 37.622240405937468 ], [ 127.059735511616225, 37.622222134072338 ], [ 127.059691488973755, 37.622145076953544 ], [ 127.059656847045545, 37.622097702483394 ], [ 127.059601584364415, 37.622027812755292 ], [ 127.059592120808716, 37.622021078984069 ], [ 127.059538824640995, 37.6220342414857 ], [ 127.059507822319532, 37.621962061204776 ], [ 127.059299412847537, 37.622009806345368 ], [ 127.059293022567701, 37.622022288045486 ], [ 127.05920744868348, 37.622218130855053 ], [ 127.05917141019394, 37.622298155477729 ], [ 127.059143344903788, 37.622375158813867 ], [ 127.059043587864409, 37.622423409903696 ], [ 127.058943073316186, 37.622475156178211 ], [ 127.058841641959759, 37.622526535212259 ], [ 127.058767874970798, 37.622565538397652 ], [ 127.058708091913232, 37.622599037882978 ], [ 127.058771579788996, 37.622671401727068 ], [ 127.058945716225409, 37.622787659735593 ], [ 127.058999184041795, 37.6228215294649 ], [ 127.059109401500521, 37.622895293001299 ], [ 127.059137700756153, 37.622914199762477 ], [ 127.05924472197097, 37.622986621370956 ], [ 127.05933960847959, 37.623056400848156 ], [ 127.059362878266185, 37.62307360716725 ], [ 127.059391327949612, 37.623096433956036 ], [ 127.059413419751692, 37.623145841857962 ], [ 127.059451305223334, 37.62318172640645 ], [ 127.059481582396472, 37.623210769035893 ], [ 127.059560826310985, 37.623264778958948 ], [ 127.059631208740214, 37.623312866547849 ], [ 127.059656537006788, 37.623328774383786 ], [ 127.059696009288857, 37.623351080306904 ], [ 127.0597685785811, 37.623415753770885 ], [ 127.05984424010137, 37.623481469896603 ], [ 127.05986745820276, 37.623504694684549 ], [ 127.05995817426178, 37.623916315497965 ], [ 127.06003654390571, 37.624040026209215 ], [ 127.060038189559592, 37.624158206883308 ], [ 127.060120853873968, 37.624153436620624 ], [ 127.060132237732901, 37.624152890379264 ], [ 127.060141208908689, 37.624152479581333 ], [ 127.060267091238742, 37.624148704945299 ], [ 127.060306453826911, 37.62414888445953 ], [ 127.060367708091661, 37.624154637317091 ], [ 127.06040656924263, 37.624163907931738 ], [ 127.06069593212743, 37.624232885433067 ], [ 127.060748485380273, 37.624223940271492 ], [ 127.060790725265775, 37.624209890811962 ], [ 127.060800490540174, 37.624210940052905 ], [ 127.060775724463483, 37.624263218314844 ], [ 127.06076720855016, 37.624293477483626 ], [ 127.060763783042333, 37.624303444037068 ], [ 127.060757794366324, 37.624320908026782 ], [ 127.060751685061987, 37.624331965211276 ], [ 127.060640325145741, 37.624533913444743 ], [ 127.060559508917308, 37.624716032849591 ], [ 127.060548937621377, 37.62474149891684 ], [ 127.060534713065351, 37.624872932805914 ], [ 127.060502165891251, 37.625156486402759 ], [ 127.060455750921946, 37.625508910557933 ], [ 127.060419790979026, 37.625774941758266 ], [ 127.060383303218259, 37.626118953855162 ], [ 127.060374101900194, 37.626201326868703 ], [ 127.060324522051332, 37.626637514720954 ], [ 127.060308465313909, 37.626775103141135 ], [ 127.060238827047257, 37.627359493944873 ], [ 127.060218271460883, 37.627537258328978 ], [ 127.060208272955805, 37.627686763653188 ], [ 127.060188115346648, 37.62798481752786 ], [ 127.060210720501942, 37.628062199479167 ], [ 127.060245562049261, 37.62828733768356 ], [ 127.060273337067883, 37.62845760887194 ], [ 127.06032627373088, 37.628645346502367 ], [ 127.060402722534334, 37.628795573633425 ], [ 127.060404787506641, 37.628799645027371 ], [ 127.060405810252263, 37.628802257355659 ], [ 127.060475387751779, 37.628972777907244 ], [ 127.060512715083007, 37.629046279123287 ], [ 127.060553449472508, 37.629127617137655 ], [ 127.060600632889759, 37.629201383686322 ], [ 127.060603412072567, 37.62920608450311 ], [ 127.060676182421744, 37.629329013627562 ], [ 127.060803880533214, 37.629506623451746 ], [ 127.060886534555934, 37.629592625366158 ], [ 127.06102756926343, 37.629728691309715 ], [ 127.061293993356216, 37.62998398500941 ], [ 127.061366443706504, 37.629947053211097 ], [ 127.061481231168599, 37.62988643115284 ], [ 127.061515002199698, 37.629802757216247 ], [ 127.06151873750558, 37.629684746028573 ], [ 127.061502187997334, 37.629532849430582 ], [ 127.061476054805581, 37.629293651953532 ], [ 127.06148888031943, 37.629183006143954 ], [ 127.061668584323613, 37.629086328854385 ], [ 127.061801406784298, 37.62901247091321 ], [ 127.061870027674928, 37.628977839153102 ], [ 127.061979084295288, 37.628932373094685 ], [ 127.062110540226513, 37.628851848260602 ] ] ] } },
{ "type": "Feature", "properties": { "OBJECTID": 3867, "ID": "중심지_19", "CODE": "ZON520", "ENT_NAME": "중심지", "JOSER_ID": null, "GOSI_ID": null, "LABEL": "창동상계광역중심(동북권)", "GOSI_DATE": null }, "geometry": { "type": "Polygon", "coordinates": [ [ [ 127.055567005642743, 37.66131899778312 ], [ 127.056040220322288, 37.65999047412825 ], [ 127.056363903824433, 37.659081691685351 ], [ 127.056444768171247, 37.658854428367405 ], [ 127.05680135174228, 37.657853279355074 ], [ 127.057248146722188, 37.657958744430296 ], [ 127.057269352964497, 37.657963743828525 ], [ 127.057450947658026, 37.658006616332599 ], [ 127.057898447229164, 37.658112240782941 ], [ 127.058624896965668, 37.658283671148233 ], [ 127.0586960460288, 37.658300457877573 ], [ 127.05884703925588, 37.658336090213581 ], [ 127.058896697445974, 37.658347805767797 ], [ 127.059246504204452, 37.658430353569628 ], [ 127.059655291741592, 37.656949329326892 ], [ 127.059668389256473, 37.656901877553807 ], [ 127.059705433989166, 37.656767650122617 ], [ 127.060058373859505, 37.655464970720693 ], [ 127.060670357276194, 37.655608751155 ], [ 127.061239727260471, 37.65574247529004 ], [ 127.06152671792799, 37.655809902767039 ], [ 127.061777666173597, 37.655868878797619 ], [ 127.061896549227498, 37.655902253186632 ], [ 127.061926075402823, 37.655908535885196 ], [ 127.062615783293495, 37.656064923283779 ], [ 127.062978177896412, 37.656150985355815 ], [ 127.063009607842872, 37.656158302911926 ], [ 127.063106770812922, 37.656181992911108 ], [ 127.06381048038952, 37.656312444966844 ], [ 127.064038095608382, 37.656366707393481 ], [ 127.064063204012328, 37.656362684748302 ], [ 127.064091849773348, 37.656371381982829 ], [ 127.064173221545019, 37.65640461178802 ], [ 127.064180939942403, 37.656404373435343 ], [ 127.064357929765663, 37.656442471608969 ], [ 127.064387047066617, 37.656448528665024 ], [ 127.06450959825689, 37.656476492614608 ], [ 127.064529094410702, 37.65648006808231 ], [ 127.064690012293795, 37.656516291303028 ], [ 127.06474679930642, 37.656529108779829 ], [ 127.064785394688101, 37.656537196859929 ], [ 127.064842021484765, 37.656549473791991 ], [ 127.064897970789517, 37.65656195918595 ], [ 127.064998373759778, 37.656584347580221 ], [ 127.065056270420172, 37.656597263417972 ], [ 127.065188209400489, 37.656629816575652 ], [ 127.065230159723413, 37.656639695638773 ], [ 127.065286539250138, 37.656652864455538 ], [ 127.065374031159976, 37.656669863571018 ], [ 127.065439787378992, 37.656689712469969 ], [ 127.065440577105207, 37.656684243126683 ], [ 127.065442064023955, 37.656673763987193 ], [ 127.065553776604233, 37.656708616168295 ], [ 127.065629365940069, 37.656722891601241 ], [ 127.065640892003074, 37.656725155793033 ], [ 127.065677000814205, 37.656742002404947 ], [ 127.065698015202059, 37.656746360701455 ], [ 127.065822956802478, 37.656772295692832 ], [ 127.065846740144082, 37.656779723875651 ], [ 127.065867114307565, 37.656778883868142 ], [ 127.065979227857241, 37.656805221217773 ], [ 127.065985882575561, 37.656806776267459 ], [ 127.066121707072313, 37.656837929745912 ], [ 127.066234171635102, 37.656863717967255 ], [ 127.066240983894318, 37.656865281024885 ], [ 127.066397247637639, 37.656901090018842 ], [ 127.0664256268157, 37.656903723273977 ], [ 127.066447104938263, 37.656893926872407 ], [ 127.066494550609647, 37.656864610070237 ], [ 127.066524586209411, 37.656764089817848 ], [ 127.066559787113107, 37.656649268242752 ], [ 127.066584134897894, 37.656565833584587 ], [ 127.066629620686072, 37.656419454182867 ], [ 127.066640210757754, 37.656385490606212 ], [ 127.066669898069506, 37.656290169124354 ], [ 127.066674976348139, 37.656267020282627 ], [ 127.066679746429074, 37.656251710089791 ], [ 127.066698014624166, 37.656148178016707 ], [ 127.066747844027176, 37.655981470171589 ], [ 127.066640390094122, 37.655825210431878 ], [ 127.066151979022422, 37.655715109618129 ], [ 127.066064701126862, 37.655695516152278 ], [ 127.065597827601877, 37.655590356616955 ], [ 127.065340184140354, 37.655535104348246 ], [ 127.065303401462671, 37.655525916278911 ], [ 127.065197287740148, 37.655502881619469 ], [ 127.065031745543109, 37.655464895662838 ], [ 127.06487046565006, 37.655428267656788 ], [ 127.06480193813573, 37.655412987864239 ], [ 127.064666806693921, 37.655382895636833 ], [ 127.064495813974858, 37.655344695610559 ], [ 127.064482599939524, 37.655342792597025 ], [ 127.064467615231905, 37.655340232815249 ], [ 127.064440266086308, 37.655335373131209 ], [ 127.064400868477122, 37.655326627652293 ], [ 127.064345065674786, 37.655311971493447 ], [ 127.064329107021138, 37.655307466107224 ], [ 127.064283846637395, 37.655296705526894 ], [ 127.064239572392296, 37.65529697233589 ], [ 127.06420059905254, 37.655296785824632 ], [ 127.064129395868193, 37.655281084505376 ], [ 127.063962354412411, 37.655249998407697 ], [ 127.063863082273613, 37.655227633755572 ], [ 127.064010872460187, 37.654686989602631 ], [ 127.064146215831357, 37.654191291551491 ], [ 127.063505935610181, 37.654041166881633 ], [ 127.063492547937287, 37.654078194975348 ], [ 127.063490333060116, 37.654084331778137 ], [ 127.061543222906252, 37.653646383463254 ], [ 127.061717662755086, 37.652992006491964 ], [ 127.061731707263107, 37.65298307967133 ], [ 127.061752998730924, 37.652967301738492 ], [ 127.061763754137516, 37.65295630435044 ], [ 127.061810960840518, 37.652895734707187 ], [ 127.06181978454201, 37.652878251280086 ], [ 127.061826003813081, 37.652861760256222 ], [ 127.06194138283719, 37.652324540723001 ], [ 127.061943293093051, 37.652305978754157 ], [ 127.061943052477915, 37.652287328690278 ], [ 127.061938721606111, 37.652256787848088 ], [ 127.061931106489737, 37.652230122880802 ], [ 127.061924633145551, 37.652212647275753 ], [ 127.061916008313901, 37.652195713356825 ], [ 127.061905343267483, 37.652179591359207 ], [ 127.061892751399213, 37.652164371321831 ], [ 127.061878915804343, 37.652149782602052 ], [ 127.061863265793249, 37.652136366076483 ], [ 127.06184784768007, 37.652126643428737 ], [ 127.061842179183415, 37.652123492913759 ], [ 127.061966235212267, 37.651670599241605 ], [ 127.061822635632538, 37.651637877224829 ], [ 127.061606270171652, 37.651588433973444 ], [ 127.061068140761108, 37.651468246407767 ], [ 127.060819477825561, 37.651413772546711 ], [ 127.060715547202463, 37.651390940865518 ], [ 127.060579396354072, 37.651892491066576 ], [ 127.060573848460862, 37.651899881841054 ], [ 127.060565580270293, 37.651905021538489 ], [ 127.060544281081818, 37.65191097863314 ], [ 127.060521847271104, 37.651913692780326 ], [ 127.060498957561677, 37.651915956663508 ], [ 127.060488081041512, 37.651918574928594 ], [ 127.060462480357671, 37.651928948937226 ], [ 127.060430311181918, 37.651947254802764 ], [ 127.060405963606357, 37.651967448803944 ], [ 127.060386944983946, 37.651991424237359 ], [ 127.060378914353421, 37.652008997261895 ], [ 127.060215725186467, 37.65257209798412 ], [ 127.060213366180676, 37.652599849193429 ], [ 127.060217808549794, 37.652627506921363 ], [ 127.060234177229589, 37.652691828403739 ], [ 127.060064233346594, 37.653316378713335 ], [ 127.05780922598872, 37.65281518253223 ], [ 127.057473379501133, 37.653769817278061 ], [ 127.057367520757012, 37.653746279910251 ], [ 127.057344513803386, 37.653741155241285 ], [ 127.056309379135826, 37.653511171087125 ], [ 127.056222107662805, 37.653491750522626 ], [ 127.055683633591741, 37.653372079181842 ], [ 127.055648497640092, 37.653364707311773 ], [ 127.053061823669296, 37.653019170494552 ], [ 127.052446278117174, 37.652866902709597 ], [ 127.052306435974558, 37.652861016554098 ], [ 127.052000420900342, 37.652785916459983 ], [ 127.051780090440161, 37.652731861919321 ], [ 127.051739968596493, 37.652722058375105 ], [ 127.051589776188649, 37.652657161899569 ], [ 127.051574363296467, 37.652653384343836 ], [ 127.051324111379614, 37.652592404131823 ], [ 127.050891047094495, 37.65248528000221 ], [ 127.050627989967538, 37.652420699768456 ], [ 127.050415028455959, 37.652368351459977 ], [ 127.050203992831356, 37.652316453360491 ], [ 127.049980492726505, 37.652261584983066 ], [ 127.04985038161621, 37.652229653732462 ], [ 127.049621212884588, 37.652173346335985 ], [ 127.049309764231623, 37.652096799907042 ], [ 127.049244822297837, 37.6520808798331 ], [ 127.048992193818904, 37.652018813557596 ], [ 127.048904133505204, 37.652000559159035 ], [ 127.047787698441226, 37.651786390843782 ], [ 127.047153929018364, 37.651636894676216 ], [ 127.046774259293244, 37.651548475037949 ], [ 127.046690816813367, 37.65148183483538 ], [ 127.04642108179911, 37.651416526984633 ], [ 127.046355118291189, 37.651397631586811 ], [ 127.046264337024468, 37.651374871372468 ], [ 127.046237591643774, 37.651369025172393 ], [ 127.046172652076237, 37.651354904454003 ], [ 127.046079947906691, 37.651337820970532 ], [ 127.045986564458914, 37.65132362079153 ], [ 127.045976932886845, 37.651322453153185 ], [ 127.04589250398881, 37.651312303914573 ], [ 127.045797879803516, 37.651303870295536 ], [ 127.045703029632861, 37.65129841080514 ], [ 127.045670619105778, 37.651297521061721 ], [ 127.045607954597116, 37.651295922739443 ], [ 127.045550615101945, 37.651294682786855 ], [ 127.045436732258906, 37.651297157866672 ], [ 127.045362172713723, 37.651303132034606 ], [ 127.045294524245051, 37.651308833298771 ], [ 127.045054083080132, 37.651339555429082 ], [ 127.044948946362879, 37.651379597485629 ], [ 127.044902044296279, 37.651397454054297 ], [ 127.044610278799993, 37.651445943356364 ], [ 127.044560763601211, 37.651454160306635 ], [ 127.044384664953597, 37.651451701686661 ], [ 127.044072165313864, 37.651504521870805 ], [ 127.043719778820545, 37.651564112815848 ], [ 127.042878585071222, 37.651706314320535 ], [ 127.042505801235833, 37.651769332492904 ], [ 127.042491870891325, 37.65178357274219 ], [ 127.042490429971977, 37.65184222673863 ], [ 127.04250618950968, 37.651855195309999 ], [ 127.042801649599326, 37.651924917887811 ], [ 127.043532197711073, 37.652097286879368 ], [ 127.043827771911495, 37.652165024697759 ], [ 127.044441366274015, 37.652310941259785 ], [ 127.045108002777852, 37.652469448695314 ], [ 127.045173283706347, 37.65248465104083 ], [ 127.045903160921483, 37.652653762970033 ], [ 127.046162020337533, 37.652713759451132 ], [ 127.046266176462339, 37.652739037397268 ], [ 127.046294962744355, 37.652745964886066 ], [ 127.046453068086109, 37.652784015127139 ], [ 127.046484915663243, 37.652791751380278 ], [ 127.046646759093164, 37.65283079191039 ], [ 127.04671238452859, 37.652850588244874 ], [ 127.046774605818982, 37.652864709704936 ], [ 127.047127647150262, 37.652945211035899 ], [ 127.04837150791721, 37.653217989399216 ], [ 127.048329977670136, 37.653312878564563 ], [ 127.048281553222807, 37.653433628431841 ], [ 127.048270690280447, 37.653460752087241 ], [ 127.04823335378984, 37.653553838503612 ], [ 127.048048361568561, 37.654015209926428 ], [ 127.0479293208858, 37.654294649156782 ], [ 127.047756992987914, 37.654717093868207 ], [ 127.04768706445644, 37.65488857677434 ], [ 127.047672695352503, 37.654923810513836 ], [ 127.047224011532052, 37.655602779612643 ], [ 127.047148040127709, 37.655717683300786 ], [ 127.048509540691569, 37.655748953286611 ], [ 127.049455360796969, 37.655770736758029 ], [ 127.049501607646874, 37.655788737452902 ], [ 127.049533918447622, 37.655807644776822 ], [ 127.049628116306891, 37.655846618608223 ], [ 127.049693630468823, 37.655867764780716 ], [ 127.049880429154712, 37.655927152687823 ], [ 127.04996067269164, 37.655943697701993 ], [ 127.04989529632401, 37.656135181648764 ], [ 127.049880476512072, 37.656174920707606 ], [ 127.049856944464906, 37.656237728285568 ], [ 127.049847794343648, 37.656281068915135 ], [ 127.04983764764566, 37.656363962738645 ], [ 127.049959767584355, 37.65838660037705 ], [ 127.051392222559002, 37.658699903865269 ], [ 127.051694979392437, 37.658781894788774 ], [ 127.051168119324871, 37.659694258557302 ], [ 127.050853080269306, 37.66023954310706 ], [ 127.050794385242469, 37.660375605706086 ], [ 127.05078729167731, 37.660445704446978 ], [ 127.050805698809398, 37.660687157787756 ], [ 127.050812672994653, 37.660779324510457 ], [ 127.050815957896305, 37.660778422163908 ], [ 127.050805369776029, 37.660876903040531 ], [ 127.050794669428868, 37.660975383961414 ], [ 127.050793308545011, 37.660975744919405 ], [ 127.050706236851667, 37.661268507676361 ], [ 127.050693458585968, 37.66131148945739 ], [ 127.050653676921158, 37.66165441667988 ], [ 127.050645224822588, 37.661727128786858 ], [ 127.050653724837616, 37.661727125246976 ], [ 127.050713338276424, 37.661727100403446 ], [ 127.051829925939202, 37.6616286756325 ], [ 127.052005241652765, 37.661613987842365 ], [ 127.052030025112558, 37.661610219271914 ], [ 127.052079435815344, 37.661606305899035 ], [ 127.05216401143754, 37.661598827577805 ], [ 127.052274355657431, 37.661536423757283 ], [ 127.052904965048569, 37.661535339889056 ], [ 127.053339732260227, 37.661500011734852 ], [ 127.055567005642743, 37.66131899778312 ] ] ] } },
{ "type": "Feature", "properties": { "OBJECTID": 3868, "ID": "중심지_20", "CODE": "ZON540", "ENT_NAME": "중심지", "JOSER_ID": null, "GOSI_ID": null, "LABEL": "쌍문지구중심(동북권)", "GOSI_DATE": null }, "geometry": { "type": "Polygon", "coordinates": [ [ [ 127.037748225911045, 37.651266615172609 ], [ 127.037776553804406, 37.651030370701015 ], [ 127.037813342592031, 37.650718982251028 ], [ 127.037822926121237, 37.650642819839575 ], [ 127.037689558764583, 37.650632706806405 ], [ 127.037614993547237, 37.650626873300915 ], [ 127.037567852021724, 37.65062319371394 ], [ 127.037388578235166, 37.650609103035805 ], [ 127.037126807999016, 37.650588459889597 ], [ 127.037006890754725, 37.650579125873364 ], [ 127.036973468979127, 37.650545394386199 ], [ 127.036865622997723, 37.65041796572892 ], [ 127.036711641548621, 37.650162648241349 ], [ 127.036613375158765, 37.64999910538306 ], [ 127.036570679492485, 37.64992798604645 ], [ 127.036529626048505, 37.649859704279606 ], [ 127.036517299025675, 37.649839192720613 ], [ 127.036487246514582, 37.649788206407472 ], [ 127.036442020270457, 37.649711204400369 ], [ 127.036399188217061, 37.64963850833103 ], [ 127.036387506312067, 37.649618600220663 ], [ 127.036364733646849, 37.649577972943547 ], [ 127.036359234831849, 37.649569054907779 ], [ 127.036341918222675, 37.649540363943082 ], [ 127.036296239355408, 37.649464082790949 ], [ 127.036282403002346, 37.64944091377243 ], [ 127.036236247991042, 37.649363893935885 ], [ 127.036141898178784, 37.649206521193797 ], [ 127.036097103836255, 37.649130807315302 ], [ 127.036024867094028, 37.649010935613639 ], [ 127.035951722674312, 37.648888036851368 ], [ 127.035882320210547, 37.648770254494174 ], [ 127.035803539384901, 37.648638536722601 ], [ 127.035775303618848, 37.648591082415976 ], [ 127.035719929927197, 37.648498045690985 ], [ 127.035698325824313, 37.648461480438925 ], [ 127.035685399177552, 37.648439536410038 ], [ 127.035670066140355, 37.648413466606556 ], [ 127.035625091337067, 37.648337500317417 ], [ 127.03556275651404, 37.648233032142024 ], [ 127.035513312357395, 37.648148489806395 ], [ 127.035453324191877, 37.648048201422064 ], [ 127.035421744009881, 37.647996043992265 ], [ 127.035391521594406, 37.647944408729849 ], [ 127.035342307355918, 37.647861280784618 ], [ 127.035307946576225, 37.647803970537055 ], [ 127.035286401803418, 37.64776741509889 ], [ 127.03528061842924, 37.647757596115468 ], [ 127.035229021745224, 37.647670035999973 ], [ 127.035175950098164, 37.647580494134061 ], [ 127.035123673544547, 37.647492393578105 ], [ 127.035045544087779, 37.64736438710699 ], [ 127.034780419708426, 37.646912424415092 ], [ 127.034728598355031, 37.646824071272242 ], [ 127.034653815803793, 37.646705055326954 ], [ 127.034592560660286, 37.646601721536129 ], [ 127.034466861726145, 37.646391117477911 ], [ 127.034381873765653, 37.646247994076575 ], [ 127.034311760823726, 37.646126653885155 ], [ 127.034353803077309, 37.646110666082059 ], [ 127.034334854963802, 37.646081326556654 ], [ 127.034185062880425, 37.645830473256517 ], [ 127.034184723836788, 37.645829905735297 ], [ 127.034143146773317, 37.645847035788215 ], [ 127.034063546917949, 37.645717227084198 ], [ 127.03401898408751, 37.64564308901555 ], [ 127.033973286260277, 37.645566969093366 ], [ 127.033993889554864, 37.645523446267021 ], [ 127.03396259458178, 37.645473540786213 ], [ 127.033914848943795, 37.645372824747277 ], [ 127.033628988628834, 37.644889800236356 ], [ 127.033606423920602, 37.644848991240664 ], [ 127.03357478852115, 37.644796653107271 ], [ 127.033547418395798, 37.644755630071671 ], [ 127.033532642667012, 37.644730947326245 ], [ 127.033324428448097, 37.644382992452236 ], [ 127.033188329310434, 37.644155694658103 ], [ 127.033066586137352, 37.643953295853656 ], [ 127.032524718861509, 37.643053183604842 ], [ 127.032116197220432, 37.642636588491818 ], [ 127.031966966812675, 37.642507976615917 ], [ 127.031073060861956, 37.643073828106736 ], [ 127.03029047081786, 37.643567702696274 ], [ 127.030400826981307, 37.643671882695038 ], [ 127.030472576053057, 37.643739619455012 ], [ 127.030542624923726, 37.643805463636916 ], [ 127.030612900460312, 37.643871126624276 ], [ 127.030681928369575, 37.643936160094746 ], [ 127.03075197704473, 37.644000562587586 ], [ 127.030797657754775, 37.644043888235188 ], [ 127.030893436459692, 37.644131619548645 ], [ 127.030928913397076, 37.644164676551398 ], [ 127.030945010005269, 37.644179628749178 ], [ 127.030956573641177, 37.644198546372571 ], [ 127.031004647854218, 37.644276829231515 ], [ 127.031048751655021, 37.644348806227747 ], [ 127.031103401037797, 37.64443789911698 ], [ 127.031152609635399, 37.644518704362191 ], [ 127.031201817256459, 37.644602482808388 ], [ 127.031251253977288, 37.644686531468111 ], [ 127.031265993996854, 37.644711664996805 ], [ 127.031316789261865, 37.64479814592142 ], [ 127.031362483979635, 37.644874447079097 ], [ 127.031434360659773, 37.644975608532697 ], [ 127.031492412635075, 37.645070736911364 ], [ 127.031499452627671, 37.645107765253705 ], [ 127.031717948725444, 37.64547792073283 ], [ 127.03178359867664, 37.645589444784534 ], [ 127.031822945311418, 37.645656557422924 ], [ 127.031905038156268, 37.645796548030958 ], [ 127.031947216618974, 37.645866452922725 ], [ 127.032009690968351, 37.645966355065951 ], [ 127.032028060758307, 37.645999686439986 ], [ 127.032081239493749, 37.646088779231036 ], [ 127.032133057712741, 37.646175619909101 ], [ 127.032168776089136, 37.646235525556733 ], [ 127.032182382549621, 37.646258046427548 ], [ 127.032217079153824, 37.646315699884639 ], [ 127.032236014449282, 37.646346057855588 ], [ 127.03228363757313, 37.646425691746003 ], [ 127.032334207672008, 37.646510009922721 ], [ 127.032382739144836, 37.646590904900293 ], [ 127.032432062154228, 37.646673061016038 ], [ 127.032456555283758, 37.646713778719409 ], [ 127.032473450791073, 37.64674319116002 ], [ 127.032528786410339, 37.646839292766437 ], [ 127.032572725977715, 37.646915144302589 ], [ 127.03262947770105, 37.647009947179612 ], [ 127.032649830282551, 37.647044341079813 ], [ 127.03270332929894, 37.647134361495191 ], [ 127.032750407593625, 37.647212076251236 ], [ 127.032803759251934, 37.647301393896136 ], [ 127.032865536522692, 37.647408683749852 ], [ 127.032913014723448, 37.647490768064898 ], [ 127.032960504819513, 37.647573942537491 ], [ 127.033011134259795, 37.647660963319545 ], [ 127.033061867008726, 37.647748164246124 ], [ 127.033073332420457, 37.64776802770141 ], [ 127.033167922180368, 37.64792026731012 ], [ 127.033222293171065, 37.648011413462591 ], [ 127.033270371651881, 37.648091019780061 ], [ 127.033322677857228, 37.648170426722658 ], [ 127.033337862164515, 37.648197857346204 ], [ 127.033396668052106, 37.648298229112299 ], [ 127.033459375760827, 37.648401913580521 ], [ 127.033515245442729, 37.648495653995234 ], [ 127.033562394920651, 37.648574197287417 ], [ 127.033587306607686, 37.648615662438928 ], [ 127.033603578766972, 37.648642750359677 ], [ 127.033652058106654, 37.648727726219981 ], [ 127.033686246190484, 37.648783307114378 ], [ 127.03374685639892, 37.648887605557448 ], [ 127.033889714773835, 37.649127695424895 ], [ 127.034018762060612, 37.64934682140651 ], [ 127.034125774957829, 37.649527302372263 ], [ 127.034142251498579, 37.649554435206724 ], [ 127.034188880303091, 37.64963125751445 ], [ 127.034227322296701, 37.649695441383386 ], [ 127.034275971351065, 37.649776650846363 ], [ 127.034290713159109, 37.649801243389071 ], [ 127.034340777580354, 37.649884840016256 ], [ 127.034417684800104, 37.650013162580976 ], [ 127.034484058581526, 37.650123873962436 ], [ 127.034547449039437, 37.65022967582243 ], [ 127.034596721336641, 37.650311876044327 ], [ 127.034657731049506, 37.650414480045683 ], [ 127.034695095381963, 37.650476799937657 ], [ 127.034745955629504, 37.650561675544637 ], [ 127.034782073822171, 37.650621894683383 ], [ 127.034795547005658, 37.650644370224491 ], [ 127.034847653763947, 37.65073132668708 ], [ 127.034897914274808, 37.650817310594128 ], [ 127.034908915419237, 37.650835769370978 ], [ 127.034960774238229, 37.650922634852343 ], [ 127.034969618427908, 37.650937318246143 ], [ 127.035012168383489, 37.651009068874316 ], [ 127.035104047669947, 37.6511636951995 ], [ 127.03521007123598, 37.651171881868336 ], [ 127.035518135566747, 37.65119520084091 ], [ 127.035644092404212, 37.651204741846918 ], [ 127.035737264327906, 37.651212030782844 ], [ 127.035881806040877, 37.651223160870174 ], [ 127.036997582975545, 37.65121053231443 ], [ 127.037103310875253, 37.651218338960959 ], [ 127.037170510570107, 37.651223274039573 ], [ 127.037355564514115, 37.651236372218776 ], [ 127.037393415072216, 37.651239153740036 ], [ 127.037611445986286, 37.651255259754116 ], [ 127.037748225911045, 37.651266615172609 ] ] ] } },
{ "type": "Feature", "properties": { "OBJECTID": 3869, "ID": "중심지_21", "CODE": "ZON540", "ENT_NAME": "중심지", "JOSER_ID": null, "GOSI_ID": null, "LABEL": "수유지구중심(동북권)", "GOSI_DATE": null }, "geometry": { "type": "Polygon", "coordinates": [ [ [ 127.029319663031018, 37.640040572896758 ], [ 127.029251772322922, 37.63997697988161 ], [ 127.029175947862711, 37.639905730380107 ], [ 127.029112250744078, 37.639845469915947 ], [ 127.029099556746061, 37.63983367008192 ], [ 127.029056147869142, 37.63979340653767 ], [ 127.028947569089695, 37.639689278856615 ], [ 127.02890121232123, 37.639645952616824 ], [ 127.028822669841091, 37.639572991658042 ], [ 127.028743898583258, 37.639499850503377 ], [ 127.028714203957009, 37.639472197348077 ], [ 127.028670228803222, 37.639431393203417 ], [ 127.028601545909694, 37.639367259403251 ], [ 127.028467797318655, 37.639243028134167 ], [ 127.028417826892138, 37.639196656321971 ], [ 127.028339624057608, 37.639123514763007 ], [ 127.028131662341707, 37.638961926510341 ], [ 127.0281899967203, 37.638924253386463 ], [ 127.028309613949233, 37.638850615536199 ], [ 127.028417902242182, 37.638780224566496 ], [ 127.028450072694213, 37.638759404650671 ], [ 127.028452224848593, 37.638757962595633 ], [ 127.028561079365261, 37.638687571364173 ], [ 127.028778220058982, 37.638546518435582 ], [ 127.028901459496439, 37.638467023691518 ], [ 127.028984940389222, 37.638412945642912 ], [ 127.029009181515789, 37.638397172892539 ], [ 127.029111690724889, 37.638331017221077 ], [ 127.02917829399523, 37.638287934905001 ], [ 127.029203553388086, 37.638271621289221 ], [ 127.029295076078583, 37.638212405560779 ], [ 127.029330982694617, 37.6381887914931 ], [ 127.029422619309841, 37.638128764758328 ], [ 127.029548009111068, 37.638046836185687 ], [ 127.029754498746428, 37.637912721502005 ], [ 127.029840016999799, 37.637856660205337 ], [ 127.029926555039637, 37.637801229284982 ], [ 127.029819792168752, 37.637700976137232 ], [ 127.029730709275128, 37.637617927337182 ], [ 127.029642646590659, 37.637535779203141 ], [ 127.029566144256066, 37.637463989497355 ], [ 127.029547330438916, 37.637446515002225 ], [ 127.029470828085095, 37.637374184646966 ], [ 127.029395231555768, 37.637303025298145 ], [ 127.029320997722778, 37.637236866004798 ], [ 127.029292343143666, 37.637259081851212 ], [ 127.029206599405939, 37.637317395253561 ], [ 127.029144981532156, 37.637359034861397 ], [ 127.029124592121377, 37.637372824590607 ], [ 127.029111339755076, 37.6373818374663 ], [ 127.029090611708227, 37.637395987659829 ], [ 127.029009398261664, 37.637450876144058 ], [ 127.028896809359253, 37.637527215122276 ], [ 127.02887256992166, 37.637543798731301 ], [ 127.028844593668111, 37.637562725742406 ], [ 127.028767229900694, 37.637615090429698 ], [ 127.028659851956277, 37.637687733968306 ], [ 127.028633120402191, 37.637705759664975 ], [ 127.028519737845514, 37.637782639049043 ], [ 127.028495950134158, 37.637798771987853 ], [ 127.02839423396648, 37.637867449686844 ], [ 127.028307809140372, 37.637926032878575 ], [ 127.02828266432509, 37.63794297696186 ], [ 127.028264653325138, 37.637955324437648 ], [ 127.028200089372262, 37.63799894636589 ], [ 127.028115136821185, 37.638056718202549 ], [ 127.02808783974443, 37.638075014195273 ], [ 127.028000344066371, 37.637993945887082 ], [ 127.027919763051202, 37.63791909271098 ], [ 127.027838842210514, 37.637843969261411 ], [ 127.02784258032149, 37.637841986276968 ], [ 127.027779906849631, 37.637781724843563 ], [ 127.027717685850703, 37.637722364253342 ], [ 127.027660563729569, 37.637667417290295 ], [ 127.027601742993696, 37.637611389501465 ], [ 127.027613297672076, 37.637603548441923 ], [ 127.027627795171028, 37.637593904775009 ], [ 127.02771252223873, 37.637536493725769 ], [ 127.027794868345126, 37.637480975198322 ], [ 127.027820128519465, 37.637463580703141 ], [ 127.027903494981118, 37.637407250991906 ], [ 127.027927734653659, 37.637390847777034 ], [ 127.027952256344193, 37.637374219249551 ], [ 127.027905394691103, 37.637335983237776 ], [ 127.027817221676827, 37.637252392197503 ], [ 127.027740721198512, 37.637180060717448 ], [ 127.027662634217265, 37.63710628797412 ], [ 127.02763407299355, 37.637079264968754 ], [ 127.027584546351889, 37.637032785471654 ], [ 127.027508954420952, 37.636962165495461 ], [ 127.027504137774869, 37.636957661667843 ], [ 127.027392560685186, 37.636853533164754 ], [ 127.027436169520541, 37.63682135869103 ], [ 127.027475813622942, 37.636794320646104 ], [ 127.027361916598878, 37.636696949954306 ], [ 127.027251417909426, 37.636593902250134 ], [ 127.027171746652996, 37.636519048346599 ], [ 127.02715044036583, 37.636499321563768 ], [ 127.027089581343517, 37.636442483071029 ], [ 127.027063515070324, 37.636417982121472 ], [ 127.027029741213767, 37.636386455206029 ], [ 127.026949527444572, 37.636380616164516 ], [ 127.026832490778091, 37.636372172137825 ], [ 127.026802579081945, 37.636370196399483 ], [ 127.026686223351462, 37.636361752081783 ], [ 127.026552417586231, 37.636352230179192 ], [ 127.026515471718781, 37.636313946455687 ], [ 127.026526542560845, 37.636218260269004 ], [ 127.026538742998525, 37.636112663084326 ], [ 127.026541341404382, 37.636090678674726 ], [ 127.026551283375881, 37.636007336117721 ], [ 127.026564162754283, 37.635899486337955 ], [ 127.026574556520814, 37.635812179377808 ], [ 127.026577159354076, 37.635705593143641 ], [ 127.026650655043582, 37.635711073478866 ], [ 127.026778681613749, 37.635720416312914 ], [ 127.026788846437924, 37.635630316348802 ], [ 127.026797883155979, 37.635551208554475 ], [ 127.02680692117103, 37.635472641344826 ], [ 127.026811778203353, 37.635429573559676 ], [ 127.02681618355237, 37.635390920662644 ], [ 127.026825897987322, 37.635305956361066 ], [ 127.026835160327281, 37.635224235675061 ], [ 127.026844309659566, 37.635143415989404 ], [ 127.026855039262102, 37.635048810999663 ], [ 127.026724975632362, 37.635039288486809 ], [ 127.026666741592877, 37.635035066314913 ], [ 127.026582676118736, 37.635028957549878 ], [ 127.026531354735283, 37.635026625896487 ], [ 127.026390867960259, 37.635016294343963 ], [ 127.026278137146818, 37.635006794713291 ], [ 127.026228741491124, 37.635003624614676 ], [ 127.026005888608367, 37.634986552487348 ], [ 127.025962722964962, 37.634983408013767 ], [ 127.025881943630708, 37.634978919829052 ], [ 127.025871519313029, 37.634978201198393 ], [ 127.025702482497309, 37.634966613345398 ], [ 127.02564458967116, 37.634962660892427 ], [ 127.025548060720297, 37.634955652959661 ], [ 127.025392507106247, 37.634944422307413 ], [ 127.025295526250162, 37.63493768455281 ], [ 127.025044462357187, 37.634919445018873 ], [ 127.024838378092255, 37.634904799982607 ], [ 127.024448982039587, 37.634876765776553 ], [ 127.024179000496858, 37.6348570865105 ], [ 127.024112619088541, 37.634700617376318 ], [ 127.024130894926856, 37.63462788692857 ], [ 127.024155528204361, 37.634415341481635 ], [ 127.024167163263698, 37.634306951585678 ], [ 127.02417541185639, 37.634235412341283 ], [ 127.024189198847012, 37.634117741952025 ], [ 127.024195184622869, 37.634059988104077 ], [ 127.024205580340805, 37.633967095259969 ], [ 127.024215182016007, 37.633878437163588 ], [ 127.024229980839934, 37.633739323287131 ], [ 127.024246259001785, 37.63362192269517 ], [ 127.024252588196518, 37.633572367674979 ], [ 127.024260836139646, 37.633495512644338 ], [ 127.024270554831332, 37.633415774198241 ], [ 127.024271796220773, 37.63340000683985 ], [ 127.024275430275665, 37.633354416640408 ], [ 127.024278491567429, 37.633325296433277 ], [ 127.024279924529907, 37.633309907448492 ], [ 127.024288737657983, 37.633229087999119 ], [ 127.024297095175584, 37.633147728048954 ], [ 127.024300032062243, 37.633115652655484 ], [ 127.024302748681635, 37.633111687826641 ], [ 127.024356180367633, 37.632973197135726 ], [ 127.024414819864134, 37.632827587678307 ], [ 127.02443678085136, 37.632771542563638 ], [ 127.024467570521608, 37.632693601954117 ], [ 127.024499266770746, 37.632613048321808 ], [ 127.024505039920967, 37.632598090956755 ], [ 127.024592318626873, 37.632376523342252 ], [ 127.024658201138877, 37.632209829437905 ], [ 127.024691707314972, 37.632125581380791 ], [ 127.024744221964994, 37.631993604745254 ], [ 127.024617680134156, 37.631961257426596 ], [ 127.02416868351672, 37.631846379606834 ], [ 127.023793467060301, 37.631750361672296 ], [ 127.023824008733087, 37.631671925725733 ], [ 127.023847328523601, 37.631613357713022 ], [ 127.023856949871885, 37.631590020548785 ], [ 127.023871779347445, 37.631552537034594 ], [ 127.02387596845665, 37.63154406704296 ], [ 127.023461329148049, 37.631441910835676 ], [ 127.023419613619581, 37.631431530302329 ], [ 127.023251259007878, 37.631403450895952 ], [ 127.023164703993615, 37.63138796997314 ], [ 127.02305514851183, 37.631369429859461 ], [ 127.022951599635419, 37.631351068748948 ], [ 127.022863910917465, 37.631336218496237 ], [ 127.022768403759272, 37.631319567629262 ], [ 127.022736909413425, 37.631313987229099 ], [ 127.022611724248648, 37.631304729591804 ], [ 127.022482687269402, 37.631295202212385 ], [ 127.022314451879112, 37.631281987593802 ], [ 127.02210520476163, 37.631266419332938 ], [ 127.022066033825524, 37.631362578591066 ], [ 127.022022788384717, 37.631468991678339 ], [ 127.021989278258317, 37.631552878596587 ], [ 127.021955428267006, 37.631637035856542 ], [ 127.021933804111015, 37.631691728994412 ], [ 127.021929953971252, 37.631693621715243 ], [ 127.021889652601075, 37.631800394629899 ], [ 127.021879576865715, 37.631825713863989 ], [ 127.021859424339823, 37.63187671272086 ], [ 127.021818669426096, 37.631978620402478 ], [ 127.021783120203452, 37.632068724356884 ], [ 127.021748818334757, 37.632155134073862 ], [ 127.021703533868703, 37.632269746282887 ], [ 127.021679644759359, 37.63232885454984 ], [ 127.021633114435986, 37.632445449093744 ], [ 127.02159496259867, 37.632544292918055 ], [ 127.021564849895171, 37.632622863350164 ], [ 127.021520810371811, 37.632734952529098 ], [ 127.021496242677699, 37.63279523214112 ], [ 127.021480165165841, 37.632835418495041 ], [ 127.021458542123128, 37.632888399675728 ], [ 127.02141427560764, 37.633000128456885 ], [ 127.021391519636921, 37.633057614706232 ], [ 127.02126534077928, 37.633156743498112 ], [ 127.021240195323827, 37.633179812746789 ], [ 127.021202480395203, 37.633216128467708 ], [ 127.021157742312724, 37.633260103660575 ], [ 127.021060790635829, 37.633354992765028 ], [ 127.021048331535638, 37.633370221359833 ], [ 127.020966215579008, 37.633445646799025 ], [ 127.02088681893531, 37.633518639092628 ], [ 127.020683285402257, 37.633708536359393 ], [ 127.020644016620707, 37.633638375449245 ], [ 127.020186497576702, 37.63282092986595 ], [ 127.020182756213401, 37.632814245198524 ], [ 127.020181313391419, 37.632811666826747 ], [ 127.019631777429908, 37.632986046707401 ], [ 127.019084780941441, 37.63315961817122 ], [ 127.017812527599432, 37.630958571595755 ], [ 127.017809051779437, 37.630952556241382 ], [ 127.017729922368304, 37.63179899504086 ], [ 127.01741350435978, 37.63518347629131 ], [ 127.017221806261702, 37.637233774261134 ], [ 127.017529353678583, 37.63707492751454 ], [ 127.017946228849368, 37.636806505904715 ], [ 127.018370413484021, 37.636444452157264 ], [ 127.018855304479118, 37.636030577230052 ], [ 127.019103593275716, 37.63581600505335 ], [ 127.019450148348426, 37.635516506595074 ], [ 127.019453635904512, 37.635513349939437 ], [ 127.019474219163698, 37.635494724496937 ], [ 127.019542063443097, 37.635525358215453 ], [ 127.019827577232093, 37.635654255013073 ], [ 127.01988373875831, 37.635679614219754 ], [ 127.020586489291915, 37.635915815741654 ], [ 127.020612312278018, 37.635923900545464 ], [ 127.020623908887245, 37.635927534114181 ], [ 127.020932575085851, 37.636024106403497 ], [ 127.021133156878406, 37.636086868686149 ], [ 127.021385200793375, 37.636153610603408 ], [ 127.021546509949829, 37.636196320318106 ], [ 127.021593084332252, 37.636204850971069 ], [ 127.021748858819663, 37.636233381761535 ], [ 127.021808308718064, 37.636244275188247 ], [ 127.022125274862177, 37.636264733727039 ], [ 127.022142850153699, 37.636264209891507 ], [ 127.022165886213728, 37.63626352382304 ], [ 127.022219463011595, 37.636319427316373 ], [ 127.02222477175053, 37.636342977944253 ], [ 127.022241445136814, 37.63640739492849 ], [ 127.022226391113335, 37.636458663206092 ], [ 127.022225150340986, 37.636478394836807 ], [ 127.022348306306782, 37.636492969002177 ], [ 127.022381218312418, 37.636496089580994 ], [ 127.022408009762131, 37.636526294625575 ], [ 127.02239920808212, 37.636608104962725 ], [ 127.022392993139988, 37.636666399321783 ], [ 127.022379092322495, 37.636793980225278 ], [ 127.022587788869046, 37.636810791431728 ], [ 127.022577503987634, 37.636903503873093 ], [ 127.022570950710431, 37.636962879472172 ], [ 127.022818620067312, 37.63697833184407 ], [ 127.022997159332306, 37.637201111259451 ], [ 127.023067245475957, 37.637283204574551 ], [ 127.023055638121974, 37.637384809940663 ], [ 127.023036880005805, 37.637551223926756 ], [ 127.023017668367316, 37.637720701311487 ], [ 127.023009530367318, 37.637791970119089 ], [ 127.022991336415544, 37.63795496026902 ], [ 127.022980825742593, 37.638045330226909 ], [ 127.022976531133878, 37.638082541379333 ], [ 127.022972123041882, 37.638119121867724 ], [ 127.022957772019467, 37.638246702889518 ], [ 127.022954156606048, 37.638281931765967 ], [ 127.022939802841947, 37.638408071218592 ], [ 127.022923754559898, 37.638543761335015 ], [ 127.022913696351694, 37.638636113346138 ], [ 127.022901153856012, 37.63874954867655 ], [ 127.022898528476404, 37.638760541076657 ], [ 127.02287007236157, 37.639013901070669 ], [ 127.022861934647011, 37.639087152002524 ], [ 127.023046049774052, 37.639100903511618 ], [ 127.023194362818359, 37.639112138578611 ], [ 127.023211017009316, 37.639113306788843 ], [ 127.023233903921451, 37.639114924338614 ], [ 127.023333722765486, 37.639122564235002 ], [ 127.023357629402511, 37.639124271669999 ], [ 127.02338822082713, 37.639126428350089 ], [ 127.023447024379152, 37.639130679060273 ], [ 127.023500277312465, 37.63913460642334 ], [ 127.02364428257124, 37.639141066547147 ], [ 127.023774238365959, 37.639150051882332 ], [ 127.023815819949746, 37.639152566769233 ], [ 127.023901816929836, 37.639158226645705 ], [ 127.023959727713418, 37.639211373309998 ], [ 127.024059458962313, 37.639303434184747 ], [ 127.024130632137059, 37.639369282009817 ], [ 127.024198969747943, 37.639432067013409 ], [ 127.024214497405481, 37.639446749957955 ], [ 127.02428363007671, 37.639511787201968 ], [ 127.02431128296432, 37.639537099325793 ], [ 127.024376787857832, 37.639598172914823 ], [ 127.024420535295789, 37.639638978702976 ], [ 127.024494312088265, 37.639702690483375 ], [ 127.024528521487539, 37.639679231379517 ], [ 127.024540869464715, 37.639669948905244 ], [ 127.024624126685637, 37.639614432432545 ], [ 127.024746692358207, 37.639530797678169 ], [ 127.024853283216729, 37.63945671631479 ], [ 127.024869935800993, 37.639445180511153 ], [ 127.024905277630481, 37.639420666929531 ], [ 127.02503549652512, 37.639543444255096 ], [ 127.025135004334629, 37.639636315139427 ], [ 127.025158689780966, 37.639658023948947 ], [ 127.025211504635763, 37.639708107692272 ], [ 127.025271910472981, 37.639764676919931 ], [ 127.025360651241641, 37.639848269711678 ], [ 127.02544724028688, 37.639930781699178 ], [ 127.025539494927571, 37.640017977550229 ], [ 127.025439131979354, 37.640088184062208 ], [ 127.025412740255035, 37.640107560418983 ], [ 127.025321552881735, 37.640172899694761 ], [ 127.025313283818349, 37.640178847811931 ], [ 127.025214509263265, 37.640250134983241 ], [ 127.025189135455946, 37.64026779922844 ], [ 127.025085940538887, 37.640341880206883 ], [ 127.025018541297214, 37.640389194949478 ], [ 127.024908324277121, 37.640468953325332 ], [ 127.02484579561073, 37.640512572996457 ], [ 127.024775678663914, 37.640562140578986 ], [ 127.024755401040011, 37.640576470110119 ], [ 127.024655945169201, 37.64064631537989 ], [ 127.024718282471596, 37.64071531798723 ], [ 127.024788887573052, 37.640773597303195 ], [ 127.024866066038072, 37.640837461333881 ], [ 127.024939390642984, 37.640899434026451 ], [ 127.024990957697142, 37.640942490484306 ], [ 127.025015889640045, 37.640963568385693 ], [ 127.025124689583947, 37.641054815646584 ], [ 127.025218142943601, 37.640988935491336 ], [ 127.02530321311464, 37.640927201445912 ], [ 127.025328359353452, 37.640909447126369 ], [ 127.025401763385176, 37.640857085524104 ], [ 127.025496007855395, 37.640790033716279 ], [ 127.025519004172892, 37.64077426194212 ], [ 127.025610189929139, 37.640709192813851 ], [ 127.025633865657795, 37.640692339705858 ], [ 127.025738304477784, 37.640617987704175 ], [ 127.025817597272507, 37.640561930625651 ], [ 127.025824848873796, 37.640559406396214 ], [ 127.025835948694379, 37.64055147551057 ], [ 127.025909125591753, 37.640499654222658 ], [ 127.025983092964239, 37.640447021845581 ], [ 127.026048905341057, 37.640399436589306 ], [ 127.026069748877546, 37.64038420574056 ], [ 127.026145188281802, 37.640329590804839 ], [ 127.026162520369638, 37.640317153701545 ], [ 127.026237167843618, 37.64026307945808 ], [ 127.026279871013358, 37.640232464310373 ], [ 127.026396543061423, 37.640148802058363 ], [ 127.026430638233634, 37.640123747699285 ], [ 127.026489088498749, 37.640081749807592 ], [ 127.026548895586032, 37.640038400133022 ], [ 127.026735899720506, 37.640210356863896 ], [ 127.026875078443084, 37.640340157848918 ], [ 127.026928006333861, 37.64038798835071 ], [ 127.026937072177233, 37.640396455583407 ], [ 127.026988754110931, 37.640445097205266 ], [ 127.027079424228958, 37.64053012984121 ], [ 127.027113425452896, 37.640561656670556 ], [ 127.027155588143501, 37.640600749924872 ], [ 127.027249997143969, 37.640687763764696 ], [ 127.027309274475485, 37.640744061892491 ], [ 127.027341236057566, 37.640774417830585 ], [ 127.027383737978752, 37.640814141611621 ], [ 127.027441087464226, 37.640868187651826 ], [ 127.027472822267242, 37.640897732724078 ], [ 127.027497756844653, 37.6409211526409 ], [ 127.027543997928845, 37.640964209155037 ], [ 127.027650532428467, 37.64104833686735 ], [ 127.027756153597608, 37.641115346121587 ], [ 127.027843189398169, 37.641171097215285 ], [ 127.027918777942219, 37.64121919250119 ], [ 127.028027231836631, 37.641285299899934 ], [ 127.028117553854059, 37.641337986729454 ], [ 127.028160844384303, 37.641363024123805 ], [ 127.028202093943847, 37.641386890693582 ], [ 127.028227140221034, 37.641401570952176 ], [ 127.028284368867347, 37.641434804035875 ], [ 127.028351799284209, 37.641474161415644 ], [ 127.028440872544081, 37.641525136423617 ], [ 127.028451981818932, 37.641540630692361 ], [ 127.028515577331959, 37.641627560436703 ], [ 127.02857225703562, 37.641705301766386 ], [ 127.028584273182105, 37.641721876986622 ], [ 127.028586765960739, 37.641725300127206 ], [ 127.028605584709325, 37.641750883553939 ], [ 127.028624174500024, 37.641776196737105 ], [ 127.028657956911147, 37.641822679381804 ], [ 127.028700805669288, 37.641880962725928 ], [ 127.028789112438773, 37.641996627785851 ], [ 127.028873791297585, 37.64211175303231 ], [ 127.028945436240292, 37.642209222099332 ], [ 127.028958018136294, 37.642226337734691 ], [ 127.029020366548977, 37.642311105142149 ], [ 127.029058659882551, 37.642363172672781 ], [ 127.029091103342466, 37.642405961496195 ], [ 127.029113208401995, 37.642434994812255 ], [ 127.029156739616013, 37.64249234981888 ], [ 127.0292439066409, 37.642589184377783 ], [ 127.029315313538831, 37.642656470545376 ], [ 127.029387740745292, 37.642724927697792 ], [ 127.0293971472679, 37.642733935243626 ], [ 127.02947773630342, 37.642809327932426 ], [ 127.02955866338759, 37.642885351168616 ], [ 127.029636872596981, 37.642958762163367 ], [ 127.029715306440693, 37.643032533442359 ], [ 127.029784107211555, 37.643097297208904 ], [ 127.029859377519202, 37.643161221472539 ], [ 127.030047520841833, 37.64304209403948 ], [ 127.030485225691692, 37.64276520734024 ], [ 127.030638829128506, 37.642668314528052 ], [ 127.030796736392048, 37.642567996734662 ], [ 127.030886677640211, 37.64251085245359 ], [ 127.031119572643149, 37.642362673668096 ], [ 127.031408888167363, 37.642176458916907 ], [ 127.031376685598744, 37.642144122000133 ], [ 127.031372129782525, 37.642087812097941 ], [ 127.031384108528911, 37.642009243881901 ], [ 127.031267721160404, 37.641947646462526 ], [ 127.031168220870114, 37.64189496435705 ], [ 127.031069059532982, 37.641842372179966 ], [ 127.031024067600981, 37.641818687745712 ], [ 127.030969331819307, 37.641789780060392 ], [ 127.030868469726869, 37.641736287161287 ], [ 127.030768515548829, 37.641683334536538 ], [ 127.030682388502456, 37.641637766421013 ], [ 127.030669809330959, 37.641631282495283 ], [ 127.030569175441457, 37.641577879380122 ], [ 127.030465028713024, 37.641522945379542 ], [ 127.030283365961324, 37.641426675364713 ], [ 127.030184875197605, 37.641346782673644 ], [ 127.030142835433992, 37.641332106954067 ], [ 127.030126165454291, 37.641297243186663 ], [ 127.030116073449634, 37.641276162770922 ], [ 127.030064707398978, 37.641168598552468 ], [ 127.030035905675049, 37.641108600446294 ], [ 127.030023545853155, 37.641082745391714 ], [ 127.029994517144317, 37.641021576059224 ], [ 127.029984538619345, 37.641000765897004 ], [ 127.029930336007453, 37.640887616241351 ], [ 127.029916843481629, 37.640859418906899 ], [ 127.02986422928744, 37.640748521278603 ], [ 127.029825449616908, 37.640671136655108 ], [ 127.02977692069075, 37.64057348236782 ], [ 127.029770707065182, 37.640561050371424 ], [ 127.029757983463583, 37.640531501367448 ], [ 127.029709568995315, 37.640439433080992 ], [ 127.029640871105087, 37.640340341987191 ], [ 127.02952242873242, 37.640229459866617 ], [ 127.0293796210115, 37.640096329243818 ], [ 127.029319663031018, 37.640040572896758 ] ] ] } },
{ "type": "Feature", "properties": { "OBJECTID": 3870, "ID": "중심지_25", "CODE": "ZON540", "ENT_NAME": "중심지", "JOSER_ID": null, "GOSI_ID": null, "LABEL": "방학지구중심(동북권)", "GOSI_DATE": null }, "geometry": { "type": "Polygon", "coordinates": [ [ [ 127.046071108371464, 37.666133110482896 ], [ 127.046113160652496, 37.665946836412253 ], [ 127.046122880556325, 37.665903046342052 ], [ 127.046133846109356, 37.665853667963908 ], [ 127.046148084799739, 37.665783296571526 ], [ 127.046158819053119, 37.665730044993737 ], [ 127.046256681678784, 37.665245734801928 ], [ 127.046268546405003, 37.665185995772895 ], [ 127.046282897043881, 37.665113732269873 ], [ 127.046290340605907, 37.665054355304136 ], [ 127.046301164388026, 37.664958037147919 ], [ 127.046348450078128, 37.664431760644192 ], [ 127.046363534951084, 37.664263453075762 ], [ 127.046371300971657, 37.664173262681935 ], [ 127.046391440510888, 37.663927649656024 ], [ 127.046410566888156, 37.663693659560401 ], [ 127.046417205662976, 37.663611938734959 ], [ 127.046433295091632, 37.663416601544903 ], [ 127.046443194725043, 37.66329388517471 ], [ 127.046453095031978, 37.663172340066538 ], [ 127.046460746355635, 37.663080257649135 ], [ 127.046463108215136, 37.663051966177711 ], [ 127.046472672084107, 37.662934565669808 ], [ 127.04639500015395, 37.662874680494014 ], [ 127.046352842457495, 37.662877849930759 ], [ 127.04627169714847, 37.662882476607599 ], [ 127.046190324024337, 37.662887101512929 ], [ 127.046121077716393, 37.662889740536869 ], [ 127.046102265619567, 37.66289046842661 ], [ 127.046034604866392, 37.662893106800617 ], [ 127.046027578185047, 37.66289329054753 ], [ 127.045864490543025, 37.662896504471135 ], [ 127.045487427299761, 37.662900429694602 ], [ 127.045441980099525, 37.662900897110859 ], [ 127.044856833157567, 37.662906879749826 ], [ 127.04485105192208, 37.662906881873454 ], [ 127.04478871785301, 37.662907535434194 ], [ 127.044536321563271, 37.662910240560961 ], [ 127.044497674419375, 37.662910615036296 ], [ 127.044468208519348, 37.662910896059415 ], [ 127.04441380673228, 37.662911456436582 ], [ 127.043870026871332, 37.662917149741311 ], [ 127.043854386643218, 37.662917244551323 ], [ 127.043779359047591, 37.662917992230547 ], [ 127.042686700033642, 37.662929280364409 ], [ 127.042231437590686, 37.662942051984565 ], [ 127.041587695989151, 37.662948669295538 ], [ 127.041310366877497, 37.662951556180438 ], [ 127.041139230185451, 37.662953325629076 ], [ 127.040949281034827, 37.662955281313401 ], [ 127.040950608461614, 37.663082219045982 ], [ 127.040953470741854, 37.663355393287802 ], [ 127.040953713977515, 37.663382422414102 ], [ 127.04095454923133, 37.663463780049042 ], [ 127.04095526589785, 37.663533064676791 ], [ 127.040995505746267, 37.663564774497466 ], [ 127.041092067128432, 37.66356465204889 ], [ 127.04117129031718, 37.663564536251108 ], [ 127.041246584486387, 37.663616126793485 ], [ 127.041259508411471, 37.663624951981411 ], [ 127.041272320136514, 37.663633777205682 ], [ 127.041362571198619, 37.663695464347725 ], [ 127.041466865503338, 37.663766884387393 ], [ 127.041571060267174, 37.663838296258973 ], [ 127.041588180412617, 37.663850003101061 ], [ 127.041695209850531, 37.663923305943456 ], [ 127.041819371045847, 37.664008306482252 ], [ 127.041920268243217, 37.664077385647431 ], [ 127.041946004212065, 37.664095035911075 ], [ 127.041949192420432, 37.664097188145078 ], [ 127.04196454038842, 37.664186739646659 ], [ 127.042001035543592, 37.664398545985236 ], [ 127.042003981520011, 37.66441585267377 ], [ 127.04202399115394, 37.664532431765053 ], [ 127.042037799954741, 37.66468414193276 ], [ 127.042040494879743, 37.664846316213591 ], [ 127.042042019994355, 37.664941458475418 ], [ 127.042044119032852, 37.665072829576886 ], [ 127.042044470515947, 37.665091839092227 ], [ 127.042044950872594, 37.665120661063639 ], [ 127.042008819036297, 37.665186363434238 ], [ 127.04197890310796, 37.66524039245332 ], [ 127.041771844992681, 37.665615388895056 ], [ 127.041903357073423, 37.665706981935863 ], [ 127.042065390907254, 37.665819719193124 ], [ 127.042089654787077, 37.665836559050071 ], [ 127.042127975661145, 37.666085403668511 ], [ 127.04219441628895, 37.666078205428605 ], [ 127.042239978297033, 37.666334124647264 ], [ 127.042257371640545, 37.666431783227324 ], [ 127.04227476729703, 37.66652944270335 ], [ 127.042292048278398, 37.666626651728265 ], [ 127.042309670215829, 37.66672548238266 ], [ 127.042326951387537, 37.666822872494706 ], [ 127.042344459681161, 37.666920981500468 ], [ 127.04236435569878, 37.667032785366168 ], [ 127.042398240559137, 37.667210977079876 ], [ 127.04243597935934, 37.667432792552482 ], [ 127.042448943259188, 37.667508830172409 ], [ 127.042467249089086, 37.667615949501958 ], [ 127.042471798673034, 37.667642796915885 ], [ 127.042489081414317, 37.667744330562691 ], [ 127.042507172592082, 37.667850449876333 ], [ 127.042511710825949, 37.667877216204019 ], [ 127.042529006039857, 37.667978560632264 ], [ 127.042547870654147, 37.668089382744824 ], [ 127.042553908815208, 37.668125050159873 ], [ 127.042578471302761, 37.668268836878532 ], [ 127.042602462276719, 37.668409920869117 ], [ 127.042627138644065, 37.668554338211855 ], [ 127.04263944361638, 37.668672091065048 ], [ 127.042674454834682, 37.668873905761721 ], [ 127.04271527406172, 37.669108594906739 ], [ 127.042756108326174, 37.66934336511045 ], [ 127.042760756685624, 37.669370131383232 ], [ 127.042783953954299, 37.669503287028462 ], [ 127.042799200880509, 37.669590757126841 ], [ 127.042803865134303, 37.669617514381457 ], [ 127.042823420609892, 37.669729948917912 ], [ 127.04283819147129, 37.669815184762513 ], [ 127.042883331863493, 37.669842459402574 ], [ 127.042990436124583, 37.669830799252004 ], [ 127.043118726850665, 37.669816907934546 ], [ 127.043233079075634, 37.669804480081766 ], [ 127.043267775522636, 37.669800699039307 ], [ 127.043406944405433, 37.669785612472211 ], [ 127.043378760549686, 37.669621389586077 ], [ 127.043858164594312, 37.669569308059508 ], [ 127.044038146096185, 37.669549782316622 ], [ 127.044216315213646, 37.669530437149561 ], [ 127.044367055232371, 37.669514074889086 ], [ 127.044995854605574, 37.669445821385096 ], [ 127.046081993224291, 37.669361265240013 ], [ 127.046124947907174, 37.66935791540682 ], [ 127.046222760226854, 37.669350310210753 ], [ 127.046363755011527, 37.669339354926855 ], [ 127.047936457078094, 37.669216935077969 ], [ 127.047936518916643, 37.669134225762193 ], [ 127.047940633893049, 37.669007727577295 ], [ 127.047948714832941, 37.668881317925909 ], [ 127.047960650694932, 37.668755086948245 ], [ 127.047976554859773, 37.668629124695741 ], [ 127.047996425096727, 37.668503521265016 ], [ 127.047999814175498, 37.668485500474148 ], [ 127.048020148098658, 37.668378366795984 ], [ 127.048047727303086, 37.668253751382331 ], [ 127.048079271500825, 37.668129674978431 ], [ 127.048145853931359, 37.667883313692542 ], [ 127.048007483072794, 37.667880404102014 ], [ 127.046346323962084, 37.667871676915766 ], [ 127.045951598263798, 37.66786985852503 ], [ 127.045945938640983, 37.667772180779963 ], [ 127.045932653612979, 37.667543699051578 ], [ 127.045930593004414, 37.6675074807154 ], [ 127.045914217312529, 37.667225842732527 ], [ 127.045912490456317, 37.667182866971075 ], [ 127.045911111039047, 37.667150433363553 ], [ 127.04591064952254, 37.66713484580346 ], [ 127.045910599570433, 37.667050965235909 ], [ 127.045912609296593, 37.666999879309941 ], [ 127.045915410639651, 37.666945819874599 ], [ 127.045920808413626, 37.666876173528955 ], [ 127.045931185045262, 37.666789044628878 ], [ 127.045945977923367, 37.666697049710017 ], [ 127.045962137302425, 37.666615865949922 ], [ 127.046071108371464, 37.666133110482896 ] ] ] } },
{ "type": "Feature", "properties": { "OBJECTID": 3871, "ID": "중심지_31", "CODE": "ZON540", "ENT_NAME": "중심지", "JOSER_ID": null, "GOSI_ID": null, "LABEL": "구의지구중심(동북권)", "GOSI_DATE": null }, "geometry": { "type": "Polygon", "coordinates": [ [ [ 127.083219577960278, 37.539603679130437 ], [ 127.083230055743584, 37.539510572330101 ], [ 127.084185996059261, 37.539578184249926 ], [ 127.084404555024037, 37.537667908725716 ], [ 127.084417347375776, 37.537583179398311 ], [ 127.084718897083377, 37.537658749841938 ], [ 127.084780965581629, 37.537676284466784 ], [ 127.085304427224258, 37.537822415670298 ], [ 127.088589391547217, 37.538652439501014 ], [ 127.088623444865519, 37.538659757478712 ], [ 127.088863718129872, 37.538721748503185 ], [ 127.089269131150189, 37.538824179132853 ], [ 127.089557185026663, 37.53889552157387 ], [ 127.089716226643716, 37.538935352913498 ], [ 127.089805299979531, 37.538957658002097 ], [ 127.089932505181338, 37.538989521042247 ], [ 127.090135077250025, 37.539040752814493 ], [ 127.090246583690956, 37.53906896025515 ], [ 127.090350992592846, 37.539095370944352 ], [ 127.090368219982182, 37.539099736808168 ], [ 127.090711023703136, 37.539186316059343 ], [ 127.090778102402282, 37.539199726206803 ], [ 127.09105492354675, 37.538512104409861 ], [ 127.091087733504565, 37.538520323612289 ], [ 127.091168124738473, 37.538303294587422 ], [ 127.0912251863503, 37.538152758460114 ], [ 127.091223767147667, 37.538092960656883 ], [ 127.091232565716325, 37.538069618263869 ], [ 127.091298774934742, 37.53789648725958 ], [ 127.091283671856118, 37.537899012509769 ], [ 127.091133840154313, 37.537924092806989 ], [ 127.09091753558377, 37.537949574639107 ], [ 127.090915386027703, 37.537949756464833 ], [ 127.090695221795585, 37.537964700098179 ], [ 127.090655997283207, 37.537967386737712 ], [ 127.090617237756845, 37.53797003877569 ], [ 127.090578136557113, 37.537972716286404 ], [ 127.090512880386967, 37.537977180343105 ], [ 127.090493815704107, 37.537978484028507 ], [ 127.090471763846026, 37.537978733997427 ], [ 127.090419886762291, 37.537979034348503 ], [ 127.090371494646575, 37.537979395124339 ], [ 127.090325625694646, 37.537979762992912 ], [ 127.090242417260853, 37.537979032660907 ], [ 127.09018373842251, 37.537976959397369 ], [ 127.09016524796121, 37.53797588307696 ], [ 127.090150741356652, 37.537974794753964 ], [ 127.090132433872839, 37.537973447993309 ], [ 127.090104937098033, 37.537971504458078 ], [ 127.090073672374871, 37.537969401563153 ], [ 127.090040448842686, 37.537967083890017 ], [ 127.090010497650979, 37.53796489890447 ], [ 127.089996488381672, 37.537963377713382 ], [ 127.089953737411761, 37.53795963457496 ], [ 127.089909174591497, 37.537954604357623 ], [ 127.089859587644227, 37.537949190454938 ], [ 127.089737618752423, 37.537933018710696 ], [ 127.089641191848656, 37.53792005333802 ], [ 127.089584093923278, 37.537905644007061 ], [ 127.089561886935641, 37.53790000233063 ], [ 127.089446840924879, 37.53787074271083 ], [ 127.089492801492995, 37.5376604348059 ], [ 127.089507271773755, 37.537552665295756 ], [ 127.08939194972767, 37.536951158279649 ], [ 127.08931112232618, 37.536530004230677 ], [ 127.089293666636408, 37.536405590085728 ], [ 127.089363444965301, 37.535983432019641 ], [ 127.089380173544441, 37.53588249935131 ], [ 127.089390170865414, 37.535821764985336 ], [ 127.089427644222127, 37.535745062592802 ], [ 127.089481144887614, 37.53563528180706 ], [ 127.089509588273287, 37.535576966369433 ], [ 127.089551485766279, 37.535491079519026 ], [ 127.089593563745552, 37.535404814100851 ], [ 127.089635777090876, 37.535318287277484 ], [ 127.089678115609047, 37.535231490947432 ], [ 127.08971478574216, 37.535156319843182 ], [ 127.089760931972805, 37.535046093915533 ], [ 127.090091422393073, 37.534092685823595 ], [ 127.090117705644801, 37.534016847525557 ], [ 127.090069818025583, 37.53400251259793 ], [ 127.090003823289422, 37.533973631167171 ], [ 127.089147321874549, 37.533722892642082 ], [ 127.089056676243644, 37.533696353530864 ], [ 127.088432239275079, 37.533512480486529 ], [ 127.087610236239698, 37.533266426601926 ], [ 127.087569741238354, 37.533254319732812 ], [ 127.087485838287975, 37.533224485874349 ], [ 127.087444514481305, 37.533209820744162 ], [ 127.087313118198637, 37.533163154710145 ], [ 127.087191319014309, 37.533119905343092 ], [ 127.087150007778405, 37.533105249110399 ], [ 127.087028231409874, 37.533061999558093 ], [ 127.086900887643509, 37.533016771719332 ], [ 127.086859575389795, 37.533002115385464 ], [ 127.086796544188189, 37.53297970815796 ], [ 127.086729516541752, 37.532955925260239 ], [ 127.086688203213384, 37.53294125985709 ], [ 127.086515042995217, 37.532879756650779 ], [ 127.086381372873802, 37.532832280319234 ], [ 127.086339971393087, 37.532817578817486 ], [ 127.086206301493291, 37.532770102287031 ], [ 127.086074193708484, 37.532723193013318 ], [ 127.085856303369297, 37.532645817417837 ], [ 127.085815002818507, 37.532631143590237 ], [ 127.085552815504983, 37.532538049675154 ], [ 127.085370759488384, 37.532473055260382 ], [ 127.085353950442737, 37.532495132525128 ], [ 127.085282495854202, 37.532589039721181 ], [ 127.085213496386942, 37.532684143454119 ], [ 127.085156799987701, 37.532762561043576 ], [ 127.085142219136358, 37.532785204325101 ], [ 127.085078632579695, 37.532884007226649 ], [ 127.084946149926409, 37.533109538459975 ], [ 127.084905171870247, 37.533191521762731 ], [ 127.084856021761553, 37.533289827807735 ], [ 127.084777885448077, 37.533470712293564 ], [ 127.084678226969174, 37.53372052886057 ], [ 127.084560187490112, 37.534016607146533 ], [ 127.084445962870873, 37.534303094251037 ], [ 127.084323827034368, 37.534609445570133 ], [ 127.084269646920106, 37.534745344310991 ], [ 127.084210851896287, 37.534892805997742 ], [ 127.083231582857749, 37.534658274319746 ], [ 127.083038795568356, 37.535203346241616 ], [ 127.082938474750577, 37.535453945591712 ], [ 127.082820257802879, 37.535741299664188 ], [ 127.082793739908453, 37.535805333472403 ], [ 127.082848120626608, 37.535830155334665 ], [ 127.083021258462608, 37.535909169293518 ], [ 127.083075639330445, 37.535933990149402 ], [ 127.08302889147069, 37.535998929959952 ], [ 127.08295615013698, 37.536019225455107 ], [ 127.080999799275105, 37.536504166264294 ], [ 127.081168556249423, 37.536932546778139 ], [ 127.081261661320326, 37.537239308054495 ], [ 127.081318847226314, 37.53735737246722 ], [ 127.080794760506393, 37.537658872363814 ], [ 127.080815184642645, 37.537681536639788 ], [ 127.080895972194639, 37.537799422319218 ], [ 127.080927111745595, 37.537822502839241 ], [ 127.080947427700451, 37.537861502162734 ], [ 127.080986720391778, 37.537964369098724 ], [ 127.081047978284474, 37.538135453407058 ], [ 127.081068530476969, 37.53822521537726 ], [ 127.081299994810792, 37.538417122942356 ], [ 127.081348088371584, 37.538444192301476 ], [ 127.081754433059942, 37.538699546555236 ], [ 127.082355790241238, 37.539005249587575 ], [ 127.082805434758171, 37.539159081852802 ], [ 127.08280561833655, 37.539181228122679 ], [ 127.0827926731357, 37.539295942389209 ], [ 127.08278293414503, 37.539382165063365 ], [ 127.082776153880957, 37.539442247907836 ], [ 127.082758882616588, 37.539594221180423 ], [ 127.082756051916078, 37.53962367657109 ], [ 127.083219577960278, 37.539603679130437 ] ] ] } },
{ "type": "Feature", "properties": { "OBJECTID": 3872, "ID": "중심지_54", "CODE": "ZON520", "ENT_NAME": "중심지", "JOSER_ID": null, "GOSI_ID": null, "LABEL": "가산대림광역중심(서남권)", "GOSI_DATE": null }, "geometry": { "type": "Polygon", "coordinates": [ [ [ 126.880252263419948, 37.487472017532248 ], [ 126.881056495221699, 37.485666669817249 ], [ 126.881279888598243, 37.48556149922576 ], [ 126.882723650631689, 37.484749598492648 ], [ 126.883322383159395, 37.484325999732242 ], [ 126.883499236418814, 37.484448692770393 ], [ 126.883696151296803, 37.484465633481918 ], [ 126.883797356950183, 37.48445780554944 ], [ 126.883910239346974, 37.484430168040291 ], [ 126.88394960982211, 37.48441498030968 ], [ 126.8839183315459, 37.484533250565207 ], [ 126.883939361804281, 37.484533181393878 ], [ 126.883932444358578, 37.484546238118078 ], [ 126.883966653417787, 37.484577987377371 ], [ 126.883982820754028, 37.484578635061816 ], [ 126.884077383256766, 37.484697661165519 ], [ 126.884084517518033, 37.484690549450526 ], [ 126.884251708954835, 37.484928399447263 ], [ 126.884250670662041, 37.484941644025923 ], [ 126.884259543719708, 37.48497949485472 ], [ 126.884369213311857, 37.485054746181582 ], [ 126.884485254577029, 37.484959536217289 ], [ 126.884521960638793, 37.484985431283512 ], [ 126.884577686620418, 37.484922866909471 ], [ 126.884571699472701, 37.484919437181816 ], [ 126.884621183307431, 37.484861030131889 ], [ 126.884632640980001, 37.484847507537054 ], [ 126.884886356672823, 37.484972982006099 ], [ 126.885093550161997, 37.4851048297269 ], [ 126.885251317206666, 37.485225133492776 ], [ 126.885435387527366, 37.485360720432347 ], [ 126.885574337208723, 37.48526931520766 ], [ 126.885763559155905, 37.485168422888243 ], [ 126.885928806791, 37.485094207063383 ], [ 126.885993623678019, 37.484964585839265 ], [ 126.886462703373581, 37.484961229592749 ], [ 126.886867260963413, 37.484894873104054 ], [ 126.887258840636321, 37.484864579644764 ], [ 126.887707689297841, 37.484786344661416 ], [ 126.8882643301298, 37.484643844753492 ], [ 126.889094822433677, 37.484415783679388 ], [ 126.889709860674415, 37.484226847167193 ], [ 126.890365250656274, 37.484059400040557 ], [ 126.890778241989977, 37.483948935893359 ], [ 126.891227135226529, 37.483834928644896 ], [ 126.891545911868491, 37.483710071344511 ], [ 126.891752429399261, 37.483638746430614 ], [ 126.891836344914523, 37.483615159567755 ], [ 126.892222985005475, 37.483907142957023 ], [ 126.89217427925692, 37.484628631887155 ], [ 126.892125821698471, 37.485179231763937 ], [ 126.891744996281375, 37.484894062379674 ], [ 126.891363867134288, 37.484817756937758 ], [ 126.891291881585516, 37.485159469069174 ], [ 126.891148273867969, 37.48559605358254 ], [ 126.890933319776934, 37.485937631817698 ], [ 126.89141334950267, 37.486387858614975 ], [ 126.893869543144447, 37.487844165167772 ], [ 126.896861861381794, 37.486574565371953 ], [ 126.897469061226943, 37.487322319240569 ], [ 126.898052767642085, 37.486737175281078 ], [ 126.899303042142819, 37.485945600213881 ], [ 126.899744270698122, 37.486639326171975 ], [ 126.899969208761249, 37.486890268116795 ], [ 126.900015437917986, 37.486877036103209 ], [ 126.900095528473088, 37.486890899193384 ], [ 126.900178322690635, 37.48687953383449 ], [ 126.900191637819646, 37.486876919738577 ], [ 126.900333221442793, 37.487062270527517 ], [ 126.900363013890882, 37.48704560320315 ], [ 126.900424158556547, 37.487154489167999 ], [ 126.900697601281678, 37.486965653286916 ], [ 126.901195350173921, 37.487693782477727 ], [ 126.903831757178324, 37.486176632771013 ], [ 126.906185143613214, 37.488945276485957 ], [ 126.908264930833823, 37.487674648250305 ], [ 126.907429885726756, 37.486644039190779 ], [ 126.907633010015999, 37.486341274484573 ], [ 126.906467585554722, 37.486057612361364 ], [ 126.906772288683939, 37.48559337055282 ], [ 126.905581639690084, 37.485228898417759 ], [ 126.904325339904787, 37.485367596198053 ], [ 126.901410753542223, 37.48154768952211 ], [ 126.900984156243908, 37.482608992285869 ], [ 126.899201479142278, 37.480348601636763 ], [ 126.896029403456097, 37.47856131139055 ], [ 126.893326292289018, 37.478876402859242 ], [ 126.890589083064796, 37.476583870032911 ], [ 126.891748423775923, 37.475152958631071 ], [ 126.890643145428768, 37.474590784419917 ], [ 126.887996859422884, 37.472809459069055 ], [ 126.887314560182858, 37.473800739488929 ], [ 126.887750312059396, 37.474055502835 ], [ 126.887238806336114, 37.474648476009591 ], [ 126.886207739569201, 37.474138788386306 ], [ 126.889756883085283, 37.465876166214024 ], [ 126.887135179565348, 37.464749416196419 ], [ 126.879950668655525, 37.473173677768067 ], [ 126.878382368707079, 37.475236466166926 ], [ 126.874864185811276, 37.481468988060264 ], [ 126.873508809964122, 37.485080242130891 ], [ 126.873454692263522, 37.485166201098799 ], [ 126.876530188302439, 37.4856855964156 ], [ 126.878364089802389, 37.486375657485851 ], [ 126.878741682618966, 37.48650507638456 ], [ 126.878755659576925, 37.486499880422535 ], [ 126.878764188413513, 37.486502585977263 ], [ 126.878557092720442, 37.487013710794272 ], [ 126.877983368392762, 37.487487929512497 ], [ 126.878022891671264, 37.491323026062794 ], [ 126.878274129868345, 37.491852891383331 ], [ 126.878203421407378, 37.493039857212153 ], [ 126.877514568304122, 37.493806146936713 ], [ 126.877259667247642, 37.495485997189093 ], [ 126.876892913190758, 37.495503873241205 ], [ 126.876658997977444, 37.498334258566686 ], [ 126.877735146389753, 37.499029352548121 ], [ 126.877367799569782, 37.499394209279146 ], [ 126.879589519030347, 37.500419202902158 ], [ 126.879841657911356, 37.500419462853991 ], [ 126.880117843371394, 37.499725785560074 ], [ 126.88010245168303, 37.499711352870079 ], [ 126.879591448989956, 37.499232165863887 ], [ 126.879523872284437, 37.498501610774277 ], [ 126.879619030898979, 37.496365038590277 ], [ 126.880252263419948, 37.487472017532248 ] ] ] } },
{ "type": "Feature", "properties": { "OBJECTID": 3888, "ID": "중심지_41", "CODE": "ZON540", "ENT_NAME": "중심지", "JOSER_ID": null, "GOSI_ID": null, "LABEL": "남가좌지구중심(서북권)", "GOSI_DATE": null }, "geometry": { "type": "Polygon", "coordinates": [ [ [ 126.915791061867836, 37.571615791285168 ], [ 126.916498043367511, 37.571168367573605 ], [ 126.916513539763812, 37.571158548957911 ], [ 126.916492045481689, 37.571127206143231 ], [ 126.916485865959487, 37.571116381733276 ], [ 126.916444777549671, 37.571054111011875 ], [ 126.916503379171544, 37.570995309726783 ], [ 126.916382660711292, 37.570771139017104 ], [ 126.916348095938176, 37.570706962868833 ], [ 126.916379663748046, 37.570689191132161 ], [ 126.916457139270207, 37.570686184519616 ], [ 126.916471292015999, 37.570672318605162 ], [ 126.916508382438906, 37.570656668132948 ], [ 126.916582009438073, 37.57062560912064 ], [ 126.916591694610545, 37.570629440780358 ], [ 126.916819728097039, 37.57053322053892 ], [ 126.916819844746172, 37.570533169266305 ], [ 126.916819887782793, 37.570533149475473 ], [ 126.916921137776654, 37.570485876068915 ], [ 126.916914279717858, 37.570474482670789 ], [ 126.917075771776965, 37.570428395638388 ], [ 126.917101446841727, 37.570415214529994 ], [ 126.91713308308357, 37.570397721945938 ], [ 126.917111345614515, 37.570381227342857 ], [ 126.917057690735007, 37.570340527397803 ], [ 126.917154849622875, 37.570278051200148 ], [ 126.917161363056763, 37.570273856350624 ], [ 126.917185426233345, 37.5702656295041 ], [ 126.917203703697851, 37.570257686837067 ], [ 126.917237124995395, 37.570243150738989 ], [ 126.91735605921015, 37.570191437799366 ], [ 126.917389808854693, 37.570176775753673 ], [ 126.917359589633776, 37.570133191461196 ], [ 126.917383390744064, 37.570126432997256 ], [ 126.917593537832047, 37.570154531204388 ], [ 126.917722291792956, 37.570169056480999 ], [ 126.917859408923661, 37.570186353575792 ], [ 126.91799662435109, 37.570204884933993 ], [ 126.918015944699533, 37.570207682652182 ], [ 126.918089346700881, 37.570161225558934 ], [ 126.918118117312432, 37.570143018904702 ], [ 126.918265611947447, 37.570049663546996 ], [ 126.918268914206081, 37.569982199914449 ], [ 126.9182393488408, 37.569959942686289 ], [ 126.918215643149608, 37.569942122444893 ], [ 126.918068217497591, 37.569832746539532 ], [ 126.917932813710038, 37.569732280719109 ], [ 126.917924081377876, 37.56972567930611 ], [ 126.917746154178218, 37.569593107988837 ], [ 126.917668808708271, 37.569532650861603 ], [ 126.917579720487865, 37.56946528376853 ], [ 126.917298051092985, 37.569253765494246 ], [ 126.917278055430188, 37.569238749781334 ], [ 126.917270556521686, 37.569232590683598 ], [ 126.917239537446306, 37.569207115638577 ], [ 126.917236867139209, 37.569205176608499 ], [ 126.917177218940282, 37.569161922635892 ], [ 126.917084032025983, 37.56909631817318 ], [ 126.917081567785885, 37.56909333414103 ], [ 126.917076403241552, 37.569086915413806 ], [ 126.917015418857375, 37.569042272881703 ], [ 126.916888837854216, 37.568950849975742 ], [ 126.916815074930554, 37.568895592650378 ], [ 126.916796765324762, 37.568882200743943 ], [ 126.916565935086354, 37.568708521726734 ], [ 126.916491793353629, 37.568710108153773 ], [ 126.916409305819542, 37.568713787820229 ], [ 126.916228111435018, 37.568808459012487 ], [ 126.916179209373297, 37.568830804214983 ], [ 126.915965654218823, 37.568925046162491 ], [ 126.915556110641404, 37.569133535506126 ], [ 126.915291849617603, 37.56927038215251 ], [ 126.915141257559654, 37.569349504942885 ], [ 126.91513814174867, 37.569351115431481 ], [ 126.915140335522807, 37.569353982177738 ], [ 126.914936660786637, 37.569455797779838 ], [ 126.914896285395685, 37.569474688907604 ], [ 126.914791476570912, 37.56952694133512 ], [ 126.914585350272361, 37.569644314585432 ], [ 126.914553521262363, 37.569662834373965 ], [ 126.914508948887843, 37.56968814541866 ], [ 126.91434947746005, 37.569789515045635 ], [ 126.914124841751246, 37.569925920699028 ], [ 126.913726625128575, 37.570167207089703 ], [ 126.913691735643425, 37.570187984946259 ], [ 126.913606226027795, 37.570238133348184 ], [ 126.913469302740026, 37.570318480501463 ], [ 126.91335974475605, 37.570382864410909 ], [ 126.913334451299008, 37.570397297363193 ], [ 126.91330506276077, 37.570419133368716 ], [ 126.913289386314034, 37.570427825195274 ], [ 126.913220879220944, 37.570466445270064 ], [ 126.913267864951251, 37.570516700549582 ], [ 126.913354359795719, 37.570610703040849 ], [ 126.91341207157312, 37.570672940396229 ], [ 126.913434568043414, 37.570697923548586 ], [ 126.91348103274737, 37.570748701826531 ], [ 126.913516778824359, 37.570788101633575 ], [ 126.913537419838931, 37.570811371506466 ], [ 126.913577858506912, 37.570856063588522 ], [ 126.913604096959361, 37.570885221968496 ], [ 126.913665108990259, 37.570952128770458 ], [ 126.913702942794018, 37.570998107282499 ], [ 126.91372893477309, 37.57103481482536 ], [ 126.913761597817469, 37.571096268438843 ], [ 126.913781099974415, 37.571126520074863 ], [ 126.913782804806146, 37.571130296479524 ], [ 126.913805111546225, 37.571183120833936 ], [ 126.913811128872638, 37.571196792383958 ], [ 126.913829368297456, 37.571241107488476 ], [ 126.913844269410305, 37.571276878749316 ], [ 126.913852713880004, 37.571305833748426 ], [ 126.913857591646433, 37.571326002371471 ], [ 126.913873576075773, 37.571382063769768 ], [ 126.913894260449794, 37.571380151009983 ], [ 126.913905074377865, 37.571377024499931 ], [ 126.913969912797626, 37.571376513084992 ], [ 126.913991206393348, 37.571376339665839 ], [ 126.914055243017629, 37.57137517078975 ], [ 126.914160066539225, 37.571361454280115 ], [ 126.914200698576863, 37.571356465837745 ], [ 126.914196777110746, 37.57135093988407 ], [ 126.914266802729884, 37.57134994651026 ], [ 126.91434727474757, 37.571348411206088 ], [ 126.914688874285858, 37.57134272542325 ], [ 126.915074804199904, 37.571334701521224 ], [ 126.91521689071719, 37.571332661119037 ], [ 126.915375662667401, 37.571330371434932 ], [ 126.915414923313449, 37.571347437748159 ], [ 126.915525317729049, 37.571361591632431 ], [ 126.915540261554995, 37.571389488980259 ], [ 126.915560289587177, 37.571435633222649 ], [ 126.915579347468778, 37.571479876572496 ], [ 126.91560399094638, 37.571538512753776 ], [ 126.915622369157475, 37.571582242038474 ], [ 126.915632167770468, 37.571604656725377 ], [ 126.915632463877557, 37.571613937111678 ], [ 126.915636800043686, 37.571692173007136 ], [ 126.915637960794669, 37.571695696712446 ], [ 126.91563836055127, 37.571713293288155 ], [ 126.915663693803069, 37.571713500920573 ], [ 126.915693385834047, 37.571712116968442 ], [ 126.915727152405182, 37.571683580207861 ], [ 126.915746854258359, 37.571667854271936 ], [ 126.915770155919986, 37.571644094139089 ], [ 126.915791061867836, 37.571615791285168 ] ] ] } },
{ "type": "Feature", "properties": { "OBJECTID": 3889, "ID": "중심지_45", "CODE": "ZON530", "ENT_NAME": "중심지", "JOSER_ID": null, "GOSI_ID": null, "LABEL": "연신내불광지역중심(서북권)", "GOSI_DATE": null }, "geometry": { "type": "Polygon", "coordinates": [ [ [ 126.919778727887063, 37.621089039755894 ], [ 126.920223750650678, 37.620984635287861 ], [ 126.920294801030551, 37.62099958642051 ], [ 126.920429194747939, 37.621032726789359 ], [ 126.920493358881885, 37.621048177619002 ], [ 126.920511262664277, 37.620989671266329 ], [ 126.920681800885689, 37.621023349712459 ], [ 126.920744432416143, 37.621031546467599 ], [ 126.920778463458149, 37.620985754928569 ], [ 126.920948299429938, 37.621030001003369 ], [ 126.920994252723091, 37.62092595117074 ], [ 126.921026059530547, 37.620894294416559 ], [ 126.92109838958396, 37.620730815873031 ], [ 126.920986731390329, 37.620705512288289 ], [ 126.920973397857054, 37.620675410457963 ], [ 126.921165260384527, 37.620482461249459 ], [ 126.921205260108223, 37.620490543240237 ], [ 126.92126588254925, 37.620447481600458 ], [ 126.921299595960818, 37.620381552787329 ], [ 126.921366642310645, 37.620263137493339 ], [ 126.921411773019969, 37.620250176006031 ], [ 126.921490133447435, 37.620080169191766 ], [ 126.921563162310207, 37.620046224717264 ], [ 126.921723291215315, 37.620035728567558 ], [ 126.921722634033074, 37.62003698949524 ], [ 126.92187440113868, 37.620103088809984 ], [ 126.921901909188804, 37.620118694326877 ], [ 126.92208882198905, 37.6202094588756 ], [ 126.922230675019463, 37.620281056044959 ], [ 126.922319170501069, 37.620305090549131 ], [ 126.922369069910516, 37.620311223662668 ], [ 126.922511278619254, 37.620314742682638 ], [ 126.922697800359074, 37.620423030063577 ], [ 126.922921543405678, 37.620562596940204 ], [ 126.923083885636061, 37.620658632292105 ], [ 126.923176007381286, 37.620714229890758 ], [ 126.923463036244982, 37.620854486437452 ], [ 126.923542839319168, 37.620862152476583 ], [ 126.923541155774643, 37.620803903010817 ], [ 126.923550566368277, 37.620751832587608 ], [ 126.923563009120954, 37.620715044786451 ], [ 126.923552133807092, 37.620671790563406 ], [ 126.923516381289446, 37.620523952161165 ], [ 126.923480925538428, 37.620417432883961 ], [ 126.923448580453552, 37.620327016165156 ], [ 126.923543847881788, 37.620222898831798 ], [ 126.923731609670114, 37.620010841945053 ], [ 126.923827925120136, 37.620042854146973 ], [ 126.923892574929923, 37.620068214231388 ], [ 126.924013840555475, 37.620113342941075 ], [ 126.924129558988099, 37.620156756026084 ], [ 126.924228173604035, 37.620198085542171 ], [ 126.924279022507434, 37.620207308831695 ], [ 126.924331982398598, 37.620147878800459 ], [ 126.924453345584055, 37.620097773530169 ], [ 126.924462902237877, 37.62005822674594 ], [ 126.924490913548851, 37.619914809004634 ], [ 126.924499472181608, 37.619853367748355 ], [ 126.924528971421381, 37.619806896424315 ], [ 126.924560941181383, 37.619780068070121 ], [ 126.924569575185572, 37.619721257718425 ], [ 126.924540044027964, 37.619625157937719 ], [ 126.924503813070018, 37.619511475653105 ], [ 126.924492814485291, 37.61947865477746 ], [ 126.924444788835359, 37.619301436660372 ], [ 126.92443300697731, 37.619259362199877 ], [ 126.924399301942685, 37.619124048991381 ], [ 126.924371265877724, 37.618962665108377 ], [ 126.924343515602203, 37.618884342770819 ], [ 126.924297566321968, 37.61870548614997 ], [ 126.924267926994716, 37.618691672743324 ], [ 126.924216320492761, 37.618660311865384 ], [ 126.924113743753011, 37.6185848956464 ], [ 126.923972563889038, 37.618413977093411 ], [ 126.923893380752816, 37.618313645924189 ], [ 126.923887960116076, 37.618298055398682 ], [ 126.923847536867285, 37.61817639645357 ], [ 126.923857681475184, 37.618115046367627 ], [ 126.923847770359771, 37.618006372602224 ], [ 126.923801082226177, 37.617918748551091 ], [ 126.923749679670195, 37.617865187442554 ], [ 126.923652942042111, 37.617754140885964 ], [ 126.923618879433008, 37.617712781424189 ], [ 126.9235475919225, 37.617645250911089 ], [ 126.923439539304454, 37.617533367797151 ], [ 126.923531708851257, 37.617458424822956 ], [ 126.923888883475271, 37.617148427510074 ], [ 126.924569906425816, 37.616543228993422 ], [ 126.924873128545087, 37.616451090219876 ], [ 126.924521770893762, 37.615681114059818 ], [ 126.925156993289008, 37.615262104028382 ], [ 126.924983237744016, 37.615107309281044 ], [ 126.924517015717811, 37.615096006826704 ], [ 126.923702441560707, 37.615627385448505 ], [ 126.922544411877283, 37.616659258040748 ], [ 126.922439614526624, 37.616589681716007 ], [ 126.922368063834256, 37.616654918801785 ], [ 126.922170577214644, 37.61682426062643 ], [ 126.921976259156835, 37.616993333956877 ], [ 126.921864490322562, 37.617077770541783 ], [ 126.921812237078072, 37.617112062618197 ], [ 126.921710562526329, 37.617182360479077 ], [ 126.921623170665228, 37.617242036352195 ], [ 126.921519916115486, 37.61730665680043 ], [ 126.921501091243272, 37.617328898255359 ], [ 126.92141512658678, 37.617429389355188 ], [ 126.92136007280503, 37.617436379620464 ], [ 126.921242354149086, 37.617362509302239 ], [ 126.921220507066835, 37.617350151006512 ], [ 126.921165044018267, 37.61731542550681 ], [ 126.921045513944463, 37.617242184443825 ], [ 126.920911383807663, 37.617158752207779 ], [ 126.920772952859551, 37.617073605012664 ], [ 126.920649802085222, 37.616997568029241 ], [ 126.92045627455532, 37.616956530737873 ], [ 126.9202034670421, 37.617059428983637 ], [ 126.919988508543256, 37.617146045093612 ], [ 126.919838022774229, 37.617207838391231 ], [ 126.919659208608351, 37.617282315674004 ], [ 126.91938678785958, 37.617398713263675 ], [ 126.919240037818795, 37.617462490552477 ], [ 126.919080147041257, 37.617527700047702 ], [ 126.918985299200727, 37.617567366988638 ], [ 126.918888070470501, 37.617609014342897 ], [ 126.918789936198479, 37.617650030295586 ], [ 126.918728596700305, 37.617675539083244 ], [ 126.917293321885595, 37.61828964705095 ], [ 126.917948934282336, 37.619370134353595 ], [ 126.919042523850436, 37.619946255202152 ], [ 126.919334292359565, 37.620122700365727 ], [ 126.919328259421846, 37.620150626544834 ], [ 126.919298322983977, 37.620283500242756 ], [ 126.91927236437121, 37.620403132296708 ], [ 126.919253582126146, 37.620488171714669 ], [ 126.919214423586723, 37.620663565207764 ], [ 126.919194844555491, 37.620749955526705 ], [ 126.919174587519834, 37.620836885955953 ], [ 126.919160133441807, 37.620898052405174 ], [ 126.919140266756386, 37.620999678080757 ], [ 126.919778727887063, 37.621089039755894 ] ] ] } },
{ "type": "Feature", "properties": { "OBJECTID": 3890, "ID": "중심지_55", "CODE": "ZON540", "ENT_NAME": "중심지", "JOSER_ID": null, "GOSI_ID": null, "LABEL": "독산지구중심(서남권)", "GOSI_DATE": null }, "geometry": { "type": "Polygon", "coordinates": [ [ [ 126.899069787978945, 37.470783610388239 ], [ 126.899063643015339, 37.470721381803976 ], [ 126.899051166966231, 37.470594996324955 ], [ 126.899048942951481, 37.470567982330294 ], [ 126.899032283511573, 37.470399128951762 ], [ 126.899029384676155, 37.470362149278394 ], [ 126.899016220433097, 37.470241466539733 ], [ 126.899000095522908, 37.470087741450619 ], [ 126.898987351240265, 37.469950156251706 ], [ 126.898973975440853, 37.469828040721637 ], [ 126.898967841158282, 37.469768037609022 ], [ 126.898958185731743, 37.469678145169745 ], [ 126.898949279610363, 37.469585910770768 ], [ 126.898939975189251, 37.469486531069826 ], [ 126.89892511159411, 37.469345619309344 ], [ 126.898911030756238, 37.469201897093612 ], [ 126.898900439661205, 37.469093677425498 ], [ 126.898897797390333, 37.469066735138178 ], [ 126.898886870902786, 37.468955812165731 ], [ 126.898879601440569, 37.468881202793021 ], [ 126.898877394257283, 37.468858495596926 ], [ 126.898865912622512, 37.468741084913766 ], [ 126.898851085844569, 37.468589162899328 ], [ 126.898837038315207, 37.468445260484742 ], [ 126.898825556805264, 37.46832784978956 ], [ 126.898819615167824, 37.46826684670787 ], [ 126.898811165253832, 37.468180162852953 ], [ 126.89879690755771, 37.468033827532174 ], [ 126.898785110947799, 37.467898126184309 ], [ 126.898762450389498, 37.467605280407369 ], [ 126.898751873067795, 37.467488140775579 ], [ 126.898745736284411, 37.467428579117218 ], [ 126.898736444816947, 37.467338290499335 ], [ 126.898721083463556, 37.467189161078203 ], [ 126.89870903587412, 37.467071839954741 ], [ 126.898699630248757, 37.466973352098016 ], [ 126.898690372488403, 37.466890722028182 ], [ 126.898688508168689, 37.466872790437506 ], [ 126.898677878146472, 37.466769526192074 ], [ 126.898675100389198, 37.466742583771293 ], [ 126.898657941930438, 37.466576153496078 ], [ 126.898637050460593, 37.466396114810927 ], [ 126.898626125991441, 37.46628510166579 ], [ 126.898616394243788, 37.466185532301182 ], [ 126.89861564726445, 37.466177963220936 ], [ 126.898612882706871, 37.466149669302176 ], [ 126.898602268970919, 37.46604126933115 ], [ 126.898596026442974, 37.465977382741194 ], [ 126.898584092770079, 37.465859701278781 ], [ 126.898576366644591, 37.46578139733586 ], [ 126.898565898885209, 37.465675430191759 ], [ 126.89855593076399, 37.465574419000184 ], [ 126.898545295483856, 37.465467010098756 ], [ 126.898534926683411, 37.465362304437669 ], [ 126.898523442980135, 37.46524552435271 ], [ 126.898519875136017, 37.465209571195821 ], [ 126.89850960877402, 37.465105226018736 ], [ 126.898499831497688, 37.465006107086872 ], [ 126.898487766669206, 37.464884551165021 ], [ 126.898482026333724, 37.46482634131803 ], [ 126.898471587082128, 37.464731916031688 ], [ 126.898334352847556, 37.464655472263843 ], [ 126.897812129991649, 37.464688532504155 ], [ 126.897276166108881, 37.465002484253937 ], [ 126.896675123754719, 37.465040425437955 ], [ 126.896379329195426, 37.465194441522264 ], [ 126.895831300346828, 37.465199205557347 ], [ 126.895832039285267, 37.465253239408575 ], [ 126.895832613024865, 37.465576429929754 ], [ 126.895832893338778, 37.46573063694828 ], [ 126.895832923542571, 37.465749332799902 ], [ 126.89583317098986, 37.465886736067866 ], [ 126.895833194796154, 37.465901143136314 ], [ 126.895833263323169, 37.465940797265688 ], [ 126.895833767637214, 37.466224974234464 ], [ 126.895834122055703, 37.466423707993961 ], [ 126.8959824221986, 37.466603951115147 ], [ 126.895962004275361, 37.466647235106429 ], [ 126.895885694581878, 37.466813366019068 ], [ 126.895872087009991, 37.466843879851687 ], [ 126.895809041984705, 37.466982749193093 ], [ 126.895723463886696, 37.467172694229582 ], [ 126.895718088670776, 37.467184870983175 ], [ 126.895637150035583, 37.467347808023383 ], [ 126.895415337852668, 37.467848116423838 ], [ 126.895372633513603, 37.467944872855945 ], [ 126.895114879659971, 37.467875748555102 ], [ 126.895023930610265, 37.467874338554616 ], [ 126.894987431527525, 37.468303409347605 ], [ 126.894922762272131, 37.46961450064952 ], [ 126.894883223208083, 37.470076943490362 ], [ 126.894929058029803, 37.470973334014786 ], [ 126.895504826353402, 37.470970872314183 ], [ 126.895991344864768, 37.471264945465379 ], [ 126.896271585193389, 37.471063516721998 ], [ 126.896673478686736, 37.470753308206369 ], [ 126.896722255911584, 37.470817556031712 ], [ 126.896770427942556, 37.470879722884362 ], [ 126.896802880849506, 37.470921044604154 ], [ 126.896899235343767, 37.471046252203358 ], [ 126.896964920513966, 37.471132031740119 ], [ 126.897195713565253, 37.471432152491808 ], [ 126.897265304748373, 37.471602872830317 ], [ 126.89728734839855, 37.471848154216907 ], [ 126.89730525148687, 37.472028965199193 ], [ 126.897322199363217, 37.472215514717675 ], [ 126.897336884500319, 37.472370022581032 ], [ 126.897356129973062, 37.472562043195005 ], [ 126.897376384512825, 37.47276830953885 ], [ 126.897518588171863, 37.472880960976937 ], [ 126.897682906214158, 37.472870554732964 ], [ 126.897796869751289, 37.472863131443276 ], [ 126.898041416506246, 37.472845388849848 ], [ 126.898321713969111, 37.472781969117051 ], [ 126.898603565720222, 37.472764465161546 ], [ 126.898664978416377, 37.472760644317617 ], [ 126.899045958616895, 37.472736918524589 ], [ 126.89921203954178, 37.472726610792662 ], [ 126.899264046940132, 37.472723385166226 ], [ 126.899258193485977, 37.472663526501421 ], [ 126.899257811824839, 37.472653245731934 ], [ 126.899252584080685, 37.472607091856659 ], [ 126.89924797189002, 37.472564668664191 ], [ 126.899245422366434, 37.472544979551436 ], [ 126.899239737980878, 37.472492977772795 ], [ 126.899239814526155, 37.472487409643072 ], [ 126.899234002373959, 37.47242962331638 ], [ 126.899231328176811, 37.472401050209363 ], [ 126.899230591447704, 37.472394994834204 ], [ 126.899223296754101, 37.472330116332301 ], [ 126.899223439360469, 37.472325845703388 ], [ 126.899211675297565, 37.472214985167163 ], [ 126.899211204566058, 37.472212002440941 ], [ 126.899210268678019, 37.472201946441373 ], [ 126.899201707333162, 37.472120893842018 ], [ 126.899196644169649, 37.472061864774751 ], [ 126.899192777646306, 37.472020640555378 ], [ 126.899188688626765, 37.471985903362111 ], [ 126.899188709879695, 37.471978605258954 ], [ 126.899187843360011, 37.471966594143083 ], [ 126.899182358672292, 37.471919088532843 ], [ 126.899178141106376, 37.471877485586901 ], [ 126.899164349587508, 37.471762145298392 ], [ 126.89916381167167, 37.471757865069655 ], [ 126.899160806261534, 37.471723516243607 ], [ 126.899157481903742, 37.471683481813905 ], [ 126.899154555054054, 37.471649556526572 ], [ 126.89915167985221, 37.471619208264521 ], [ 126.899144718441548, 37.471558726931292 ], [ 126.899137692212861, 37.471497704939239 ], [ 126.899134293832034, 37.471461400594599 ], [ 126.899116463561484, 37.471281256674331 ], [ 126.899115054063046, 37.47126952439686 ], [ 126.899111521253232, 37.4712331658735 ], [ 126.899107773379072, 37.471195356548954 ], [ 126.899103232291566, 37.47115148278786 ], [ 126.899101889558423, 37.471133903059702 ], [ 126.899100633378509, 37.471117512730196 ], [ 126.899095629409814, 37.471065745782511 ], [ 126.899080850883635, 37.470894362237225 ], [ 126.899069787978945, 37.470783610388239 ] ] ] } },
{ "type": "Feature", "properties": { "OBJECTID": 3891, "ID": "중심지_03", "CODE": "ZON540", "ENT_NAME": "중심지", "JOSER_ID": null, "GOSI_ID": null, "LABEL": "방배지구중심(동남권)", "GOSI_DATE": null }, "geometry": { "type": "Polygon", "coordinates": [ [ [ 126.996675276494997, 37.48927129294028 ], [ 126.9970179756683, 37.488722981936576 ], [ 126.997053426384824, 37.488258746362504 ], [ 126.996001008521318, 37.487941970486581 ], [ 126.996262055256068, 37.48752670127493 ], [ 126.995617234780823, 37.48727965879884 ], [ 126.99605800383641, 37.486591716341039 ], [ 126.996391470451613, 37.486071185235424 ], [ 126.995176552020425, 37.485579321243307 ], [ 126.994878789615228, 37.48545776076071 ], [ 126.993783546288924, 37.485012441078837 ], [ 126.993723075539876, 37.484986828853856 ], [ 126.992998047635638, 37.486109061124679 ], [ 126.991791320097605, 37.485615926746071 ], [ 126.990987291499408, 37.486864675675946 ], [ 126.990354606931064, 37.48667208454782 ], [ 126.990098170735422, 37.487065725303026 ], [ 126.991307683158382, 37.487548898511157 ], [ 126.990956764051219, 37.48810975858062 ], [ 126.990915743756247, 37.488161159693547 ], [ 126.99024937993029, 37.489199953402363 ], [ 126.990206640133977, 37.489264487978389 ], [ 126.990280150712564, 37.489295533554689 ], [ 126.99200978098888, 37.489991892850334 ], [ 126.99231492583958, 37.49012201063681 ], [ 126.993484934455338, 37.490597561894226 ], [ 126.994263590189661, 37.489384658627941 ], [ 126.994796374620861, 37.488557727587249 ], [ 126.995392367996089, 37.488800596733029 ], [ 126.99543345468733, 37.488817204294136 ], [ 126.995531454127004, 37.488802125649563 ], [ 126.996610091812883, 37.489246354164301 ], [ 126.996675276494997, 37.48927129294028 ] ] ] } },
{ "type": "Feature", "properties": { "OBJECTID": 3892, "ID": "중심지_49", "CODE": "ZON540", "ENT_NAME": "중심지", "JOSER_ID": null, "GOSI_ID": null, "LABEL": "아현지구중심(서북권)", "GOSI_DATE": null }, "geometry": { "type": "Polygon", "coordinates": [ [ [ 126.956942729974358, 37.557900115434208 ], [ 126.957187843964476, 37.557885874767592 ], [ 126.957184725382618, 37.557900226363898 ], [ 126.957245260628227, 37.557908563410685 ], [ 126.957286207711235, 37.557916302041029 ], [ 126.95735691681557, 37.557929666760259 ], [ 126.957466178778134, 37.557965266036362 ], [ 126.957513378773911, 37.557994394615577 ], [ 126.957562252971414, 37.558005693211662 ], [ 126.957601769394316, 37.558029196718714 ], [ 126.95774151609649, 37.558077622751988 ], [ 126.957830081145275, 37.558097032239566 ], [ 126.957860765318728, 37.558101290854282 ], [ 126.957907280560093, 37.558125067143166 ], [ 126.957963226675062, 37.558139386500478 ], [ 126.958046493726329, 37.558169113807672 ], [ 126.958123474178237, 37.558172962320491 ], [ 126.958195120805101, 37.558184323080695 ], [ 126.958199140481483, 37.558159520307932 ], [ 126.95827545527672, 37.558179343025571 ], [ 126.958324588087038, 37.55819398407246 ], [ 126.958324253634387, 37.558204795826938 ], [ 126.958338293143896, 37.558206839000682 ], [ 126.958369669252264, 37.558208524509482 ], [ 126.958393537392595, 37.558213849068572 ], [ 126.95840143561729, 37.55819681423705 ], [ 126.95843361807178, 37.558205439446226 ], [ 126.958566186580242, 37.558234609534317 ], [ 126.958599227561734, 37.558242166436798 ], [ 126.958683269463535, 37.55826138803593 ], [ 126.958900891819098, 37.558302114033062 ], [ 126.958991329140261, 37.558304018896479 ], [ 126.959051420549841, 37.558307626462984 ], [ 126.959052151540561, 37.55829988001625 ], [ 126.959213334646392, 37.55830955684165 ], [ 126.959401580678872, 37.558307068930027 ], [ 126.959940663650428, 37.558301909006055 ], [ 126.960427698219362, 37.558349392269953 ], [ 126.960132386861531, 37.558120599918006 ], [ 126.959549450667467, 37.557717741826856 ], [ 126.959421214102079, 37.557672169162132 ], [ 126.959300977643238, 37.557603305027435 ], [ 126.959134390524682, 37.557556106461618 ], [ 126.95899434548005, 37.557518980377701 ], [ 126.958737688255141, 37.557479308985769 ], [ 126.958594800082579, 37.557474627843952 ], [ 126.958478281319174, 37.557470810282318 ], [ 126.958238635495917, 37.557484729475256 ], [ 126.957785054546576, 37.557511071274163 ], [ 126.957691395881724, 37.557515348685492 ], [ 126.956440993464909, 37.55757243498649 ], [ 126.956184701794498, 37.557218966844793 ], [ 126.956128998764655, 37.557165689735676 ], [ 126.955810736193797, 37.556861295466419 ], [ 126.955600484619339, 37.556777097471489 ], [ 126.955538183202378, 37.556683190074644 ], [ 126.955485322623886, 37.556569540228033 ], [ 126.955449445186886, 37.55640793007737 ], [ 126.955444135700674, 37.556263517326542 ], [ 126.95545625778054, 37.556184370081816 ], [ 126.955523621698489, 37.555998979796406 ], [ 126.955592617409437, 37.555828061804149 ], [ 126.955673899375228, 37.55562670588305 ], [ 126.955725133812919, 37.555487942649435 ], [ 126.955822292358278, 37.555224795655931 ], [ 126.9558976949982, 37.555086414698074 ], [ 126.955985297538547, 37.55498478798301 ], [ 126.956051142149164, 37.554923034257001 ], [ 126.956185692224793, 37.554819738804404 ], [ 126.956278802593644, 37.554782841121373 ], [ 126.956436863839428, 37.554720205264104 ], [ 126.956675561760562, 37.554644056158935 ], [ 126.956706261898745, 37.554596495526852 ], [ 126.956475337233798, 37.554124649133456 ], [ 126.95640206473557, 37.55409699679619 ], [ 126.955712677565884, 37.554131473573989 ], [ 126.955657653670826, 37.554169113613234 ], [ 126.955591892447018, 37.554589796471689 ], [ 126.955364212389, 37.555401130479261 ], [ 126.955241807485123, 37.555360781281664 ], [ 126.955205930672733, 37.555359055334549 ], [ 126.955142487864762, 37.555389382991102 ], [ 126.954862656720934, 37.555758058827607 ], [ 126.95461517186412, 37.556084119188867 ], [ 126.954549705379108, 37.556603793212837 ], [ 126.954538329570525, 37.556720245243469 ], [ 126.954532280028019, 37.556782128231774 ], [ 126.95411919367163, 37.556756546207374 ], [ 126.953568254290587, 37.556731184343192 ], [ 126.9532416453672, 37.556712126867794 ], [ 126.951944961063447, 37.556619169652848 ], [ 126.9509818094716, 37.55658335966578 ], [ 126.948893527418377, 37.556494296383725 ], [ 126.948811884508416, 37.557492652268245 ], [ 126.94978719596908, 37.557530364745716 ], [ 126.953184844816988, 37.557803018552669 ], [ 126.955189359468804, 37.557926626964793 ], [ 126.955260836280601, 37.55792781185869 ], [ 126.955385861446786, 37.558868677815191 ], [ 126.957147991023064, 37.558804398985515 ], [ 126.956942729974358, 37.557900115434208 ] ] ] } },
{ "type": "Feature", "properties": { "OBJECTID": 3893, "ID": "중심지_06", "CODE": "ZON540", "ENT_NAME": "중심지", "JOSER_ID": null, "GOSI_ID": null, "LABEL": "고덕지구중심(동남권)", "GOSI_DATE": null }, "geometry": { "type": "Polygon", "coordinates": [ [ [ 127.157561673120028, 37.551940773408091 ], [ 127.15779053767676, 37.551862760367008 ], [ 127.157888498846006, 37.551837538114235 ], [ 127.158002057286566, 37.551808312736156 ], [ 127.158323253495254, 37.551730203298227 ], [ 127.15838328426355, 37.551598615069892 ], [ 127.158494783927338, 37.551354217517812 ], [ 127.158261316810922, 37.551135487958184 ], [ 127.158214385474011, 37.551091536879717 ], [ 127.158047864033136, 37.550935535062244 ], [ 127.157901222897749, 37.550425759926441 ], [ 127.157888740766523, 37.550382393778975 ], [ 127.157856093352507, 37.550268894222583 ], [ 127.157746989671665, 37.550165019298753 ], [ 127.157703522784999, 37.550170221452078 ], [ 127.15743620755218, 37.55020901996479 ], [ 127.157276594124554, 37.550238602888285 ], [ 127.157141893738, 37.550276351776901 ], [ 127.156743050383682, 37.550415178730255 ], [ 127.156746425467091, 37.550465629744075 ], [ 127.156747774463526, 37.550485855200336 ], [ 127.156210710193562, 37.550508390970769 ], [ 127.156291025764389, 37.551707071062992 ], [ 127.15603767378569, 37.551720737511538 ], [ 127.152944939366492, 37.551887733115585 ], [ 127.152809493258928, 37.551895024550291 ], [ 127.152813862726731, 37.551985208050809 ], [ 127.152838804996009, 37.552505912242843 ], [ 127.152838793934237, 37.55250603839562 ], [ 127.152844464061602, 37.55262379050955 ], [ 127.152848185803165, 37.55267343028288 ], [ 127.152851445769656, 37.552718565698079 ], [ 127.152855950223682, 37.552763519319917 ], [ 127.152862378357895, 37.552808380376725 ], [ 127.152873332313831, 37.552852785136913 ], [ 127.152891073458633, 37.55289573961155 ], [ 127.152911981512474, 37.552937789033102 ], [ 127.152935829778741, 37.552978753492624 ], [ 127.153024609539187, 37.553118022742972 ], [ 127.153116112797392, 37.553260802286665 ], [ 127.153141092236652, 37.553301404854132 ], [ 127.153165845730456, 37.553342187904121 ], [ 127.153181744872384, 37.553369557573767 ], [ 127.153201936959292, 37.553393227668572 ], [ 127.153181710939961, 37.553369566627225 ], [ 127.153189581096157, 37.55338315245433 ], [ 127.153212751190836, 37.553424388022563 ], [ 127.153234901328602, 37.553464904104622 ], [ 127.15325433945037, 37.553507405844648 ], [ 127.153270393662496, 37.553555407967458 ], [ 127.153282705271437, 37.553599450543004 ], [ 127.153290039089413, 37.553644310405829 ], [ 127.153295336232773, 37.553689353083648 ], [ 127.153299614857573, 37.553734397070073 ], [ 127.153331742813535, 37.554565248426968 ], [ 127.153341089930223, 37.554821477842836 ], [ 127.153345284325653, 37.554936528814196 ], [ 127.156276810847103, 37.555340691127228 ], [ 127.156536275781946, 37.55537657055698 ], [ 127.156438483119942, 37.553913251317034 ], [ 127.156900296324125, 37.553954295476366 ], [ 127.157488305756686, 37.554031040506061 ], [ 127.157568020871565, 37.554068091998204 ], [ 127.157608722401505, 37.554087013043784 ], [ 127.157683369272661, 37.554119440070515 ], [ 127.157740644825424, 37.554146574194782 ], [ 127.157910160801748, 37.554226898272752 ], [ 127.158110691751773, 37.554061210819938 ], [ 127.158033502687928, 37.55297553047081 ], [ 127.157815376804294, 37.553059971834259 ], [ 127.157396696322763, 37.55297231836802 ], [ 127.157322155898754, 37.552881687070979 ], [ 127.157205675838242, 37.552758585295805 ], [ 127.157148175678216, 37.552644595780251 ], [ 127.157150449162728, 37.552595038342233 ], [ 127.157148015604264, 37.552393445066905 ], [ 127.15714429911047, 37.552086437654623 ], [ 127.157147946509383, 37.552039094836481 ], [ 127.157561673120028, 37.551940773408091 ] ] ] } },
{ "type": "Feature", "properties": { "OBJECTID": 3894, "ID": "중심지_43", "CODE": "ZON540", "ENT_NAME": "중심지", "JOSER_ID": null, "GOSI_ID": null, "LABEL": "합정지구중심(서북권)", "GOSI_DATE": null }, "geometry": { "type": "Polygon", "coordinates": [ [ [ 126.914776831759241, 37.548448867366609 ], [ 126.91466637311504, 37.548113565250802 ], [ 126.914376546332093, 37.548170204269361 ], [ 126.913939941141265, 37.548255525881252 ], [ 126.913479411612713, 37.548345521305372 ], [ 126.91342924865377, 37.548151822178532 ], [ 126.913398541571439, 37.548033248665647 ], [ 126.913398976062439, 37.548020791887225 ], [ 126.913119888285223, 37.5480692566383 ], [ 126.913091820989834, 37.548082594619011 ], [ 126.913011734772041, 37.548120651049096 ], [ 126.912929412277435, 37.548159770718392 ], [ 126.912917665178, 37.548165352554747 ], [ 126.91286716830929, 37.548197615185842 ], [ 126.912555789671316, 37.547666463009925 ], [ 126.912356409250137, 37.547707686150645 ], [ 126.911896589008947, 37.548107251976631 ], [ 126.911706047791242, 37.548003682450258 ], [ 126.911307837314553, 37.547624142757705 ], [ 126.910195670543729, 37.548579447543794 ], [ 126.909221706568047, 37.548620789121358 ], [ 126.908594024574242, 37.54912057296935 ], [ 126.910036024435428, 37.550222576304208 ], [ 126.911374870182996, 37.550363538796297 ], [ 126.910972057652913, 37.551665244024882 ], [ 126.910314054683141, 37.553766843600719 ], [ 126.911749831692063, 37.554211162514747 ], [ 126.913709042006346, 37.554567210441917 ], [ 126.913904210857424, 37.553729300336919 ], [ 126.913927824809306, 37.553255505107536 ], [ 126.914180092254369, 37.552239131572485 ], [ 126.914946759498605, 37.551553141376537 ], [ 126.915488465490881, 37.550824050231661 ], [ 126.915732438497415, 37.550591275681747 ], [ 126.91599394468841, 37.55035567699862 ], [ 126.916027401307687, 37.550291730882329 ], [ 126.914838159222455, 37.549388548652679 ], [ 126.915031431098114, 37.549221709720854 ], [ 126.914850257896589, 37.548671757077223 ], [ 126.914776831759241, 37.548448867366609 ] ] ] } },
{ "type": "Feature", "properties": { "OBJECTID": 3895, "ID": "중심지_60", "CODE": "ZON540", "ENT_NAME": "중심지", "JOSER_ID": null, "GOSI_ID": null, "LABEL": "개봉지구중심(서남권)", "GOSI_DATE": null }, "geometry": { "type": "MultiPolygon", "coordinates": [ [ [ [ 126.856506254100054, 37.496009578944225 ], [ 126.856636645209178, 37.497017591337276 ], [ 126.856664781721094, 37.497217221313342 ], [ 126.856662716610657, 37.497219075739039 ], [ 126.856671465712807, 37.497559393550951 ], [ 126.856671288916431, 37.497650934765424 ], [ 126.856735359105272, 37.497939941833188 ], [ 126.856827782139106, 37.498422078312075 ], [ 126.856888414800721, 37.498632412196066 ], [ 126.856915682842967, 37.498654380374902 ], [ 126.857029663937126, 37.499164449637526 ], [ 126.857116943567419, 37.499555039002459 ], [ 126.857647984574427, 37.500196165814998 ], [ 126.857910796301326, 37.500440701960002 ], [ 126.859120000984404, 37.501926645121245 ], [ 126.859322122099016, 37.501849411779332 ], [ 126.860093628166069, 37.501313961281092 ], [ 126.860355691551163, 37.501183160599908 ], [ 126.861216244448471, 37.501023272903247 ], [ 126.861764186427678, 37.500923848524785 ], [ 126.861351852043526, 37.499409586098572 ], [ 126.861712295288754, 37.499183986991127 ], [ 126.861767540542814, 37.499124011638379 ], [ 126.861428525692247, 37.498808339157094 ], [ 126.862021854772266, 37.498327494591315 ], [ 126.86275306683882, 37.497708542719394 ], [ 126.862842942594085, 37.49764666676618 ], [ 126.863237550718111, 37.497832477270563 ], [ 126.863805197061041, 37.498292040381251 ], [ 126.864466239307731, 37.498814286145667 ], [ 126.864856530314398, 37.49809063025576 ], [ 126.86434489752088, 37.497675834855208 ], [ 126.863907983607419, 37.497308803304009 ], [ 126.863411141287671, 37.496992356918092 ], [ 126.862768243009953, 37.4967830125807 ], [ 126.862584729818025, 37.496774932104486 ], [ 126.862021699099074, 37.496736182557584 ], [ 126.861428068570774, 37.496808811525149 ], [ 126.86121967325829, 37.496599627185347 ], [ 126.860264997922698, 37.493618780430104 ], [ 126.856300470378798, 37.494043306411626 ], [ 126.856506254100054, 37.496009578944225 ] ] ], [ [ [ 126.856539948948694, 37.496331529961928 ], [ 126.85656906306518, 37.496572734155073 ], [ 126.856654931886865, 37.497165209014582 ], [ 126.856662451305809, 37.497217089613287 ], [ 126.856636645209178, 37.497017591337276 ], [ 126.856539948948694, 37.496331529961928 ] ] ], [ [ [ 126.856506254100054, 37.496009578944225 ], [ 126.856429045887722, 37.4954126978025 ], [ 126.856539948948694, 37.496331529961928 ], [ 126.856506254100054, 37.496009578944225 ] ] ] ] } },
{ "type": "Feature", "properties": { "OBJECTID": 3896, "ID": "중심지_15", "CODE": "ZON540", "ENT_NAME": "중심지", "JOSER_ID": null, "GOSI_ID": null, "LABEL": "금호지구중심(동북권)", "GOSI_DATE": null }, "geometry": { "type": "Polygon", "coordinates": [ [ [ 127.02279618114035, 37.548856739702728 ], [ 127.022866758920856, 37.548815236317559 ], [ 127.023034253600557, 37.548743000479071 ], [ 127.023147257888951, 37.548705282360721 ], [ 127.023244063609582, 37.548689515262609 ], [ 127.023420496958821, 37.548662011446545 ], [ 127.02360577270413, 37.548646137510481 ], [ 127.023600963787018, 37.548605548752974 ], [ 127.023591033553387, 37.548508721076225 ], [ 127.023584115356002, 37.548418361951803 ], [ 127.023593595378898, 37.548408404226059 ], [ 127.023586911551135, 37.548349156286683 ], [ 127.023575241699888, 37.548339382711241 ], [ 127.023564752878443, 37.548266836848569 ], [ 127.023496008271323, 37.548270417588633 ], [ 127.023425376023411, 37.54804551624354 ], [ 127.023383598847332, 37.547974724084767 ], [ 127.023325464394219, 37.547888636098428 ], [ 127.023285083724971, 37.547833133468977 ], [ 127.023118033498108, 37.54770436742136 ], [ 127.023097954381171, 37.54768909027797 ], [ 127.022959458424651, 37.547615063020778 ], [ 127.022523356483603, 37.547400408107151 ], [ 127.022468430086022, 37.547369721085282 ], [ 127.022410928304808, 37.547428584035195 ], [ 127.022402772234372, 37.547438577473187 ], [ 127.022304756774304, 37.547534541346714 ], [ 127.022227477901936, 37.547610616621682 ], [ 127.02217365409372, 37.547634835688342 ], [ 127.021802031079019, 37.547663569653594 ], [ 127.021711737781672, 37.54769661547418 ], [ 127.02156014340116, 37.547765143677424 ], [ 127.021389565031939, 37.547898239924578 ], [ 127.021261279196807, 37.548002307927028 ], [ 127.02136973901375, 37.54806388151367 ], [ 127.021568932484257, 37.54817874227691 ], [ 127.021562768459603, 37.548190969775924 ], [ 127.021551273666802, 37.548238039514118 ], [ 127.021268618549144, 37.548237141086354 ], [ 127.021267810301097, 37.548347620778166 ], [ 127.021271642857684, 37.548509708473247 ], [ 127.021271579289888, 37.548521826816781 ], [ 127.021272869561386, 37.548569849436639 ], [ 127.02127627750049, 37.54866227255178 ], [ 127.021280900154267, 37.548765065871457 ], [ 127.021282438693163, 37.548806150815047 ], [ 127.021296981428762, 37.548896986317153 ], [ 127.021364742434784, 37.548894280984356 ], [ 127.021392393979838, 37.548878292749244 ], [ 127.021456596897139, 37.548857694276514 ], [ 127.021595707882099, 37.548854814564088 ], [ 127.021729566592157, 37.548854665590326 ], [ 127.02189732154838, 37.548865376574305 ], [ 127.021972679717962, 37.548873211178829 ], [ 127.022166419277283, 37.548892674911492 ], [ 127.022323733748635, 37.548918749015243 ], [ 127.022472665493424, 37.548917416243967 ], [ 127.022555884943046, 37.548916356297532 ], [ 127.022685428148222, 37.548897637579707 ], [ 127.022737455225695, 37.548879806635682 ], [ 127.02279618114035, 37.548856739702728 ] ] ] } },
{ "type": "Feature", "properties": { "OBJECTID": 3897, "ID": "중심지_22", "CODE": "ZON540", "ENT_NAME": "중심지", "JOSER_ID": null, "GOSI_ID": null, "LABEL": "삼양지구중심(동북권)", "GOSI_DATE": null }, "geometry": { "type": "Polygon", "coordinates": [ [ [ 127.021179692085127, 37.621611351343653 ], [ 127.021718469295308, 37.621143796752264 ], [ 127.021791226991368, 37.621071877053076 ], [ 127.021897643311391, 37.620730449413479 ], [ 127.021999221879469, 37.620471192795698 ], [ 127.022174874861037, 37.620124472190696 ], [ 127.022216227480186, 37.620115806525369 ], [ 127.022289455718095, 37.620107910083014 ], [ 127.022290542068603, 37.620108225234922 ], [ 127.022399257714142, 37.620140190850535 ], [ 127.022556681722392, 37.620187185053901 ], [ 127.022568451516207, 37.620190696778323 ], [ 127.022576858475873, 37.62019881311079 ], [ 127.022575942785735, 37.620201182852263 ], [ 127.022585903503199, 37.620176061744807 ], [ 127.022595184387924, 37.620150219973581 ], [ 127.022632961992898, 37.620080882788692 ], [ 127.022633925416343, 37.620079089665573 ], [ 127.022637891136498, 37.62004349122487 ], [ 127.022640025403916, 37.620024372041179 ], [ 127.022643928420734, 37.620003378501785 ], [ 127.02265855075575, 37.619924359911082 ], [ 127.022661515023756, 37.619908321930602 ], [ 127.022662678424552, 37.619900735467958 ], [ 127.022674628661619, 37.619821645274179 ], [ 127.022674718869155, 37.619820203689493 ], [ 127.022678325150082, 37.619755422557354 ], [ 127.022678426872488, 37.619750647343359 ], [ 127.022696200086443, 37.619595044849717 ], [ 127.022694129705485, 37.619483864243968 ], [ 127.022719098769841, 37.619463749879344 ], [ 127.022823135145941, 37.619378876812547 ], [ 127.022830926237404, 37.6193724514157 ], [ 127.022975708002107, 37.619253748043768 ], [ 127.022966354311407, 37.619222440674633 ], [ 127.022966635835516, 37.619216701378228 ], [ 127.022971985070029, 37.61910864582368 ], [ 127.022995617215386, 37.618969873418699 ], [ 127.022855118029213, 37.618804676203418 ], [ 127.022733021524729, 37.618852614157042 ], [ 127.022574912793331, 37.618231587588703 ], [ 127.021438419244021, 37.618613493391578 ], [ 127.021181877013191, 37.618655855466194 ], [ 127.021124505593093, 37.618630119492657 ], [ 127.021116957472557, 37.618630376624765 ], [ 127.020971884660838, 37.618564674097222 ], [ 127.020965370981074, 37.618561724459475 ], [ 127.020950234324445, 37.618567930203461 ], [ 127.020917604986252, 37.61858454064204 ], [ 127.020907459395417, 37.618588245339133 ], [ 127.020858596774261, 37.618606083760504 ], [ 127.020845481570802, 37.6186108809272 ], [ 127.020841835857411, 37.618612375349848 ], [ 127.02059980450143, 37.618700728837069 ], [ 127.020494815875111, 37.618739668121599 ], [ 127.020371186858327, 37.618779763546534 ], [ 127.020334917157484, 37.618784096743802 ], [ 127.02032308550065, 37.618785511366923 ], [ 127.020307593118957, 37.618787359943276 ], [ 127.020021300485141, 37.618727765670464 ], [ 127.019969922410624, 37.618715695169307 ], [ 127.019915402118272, 37.618702920568886 ], [ 127.019913405084353, 37.618702454172279 ], [ 127.019878851750235, 37.618694357034975 ], [ 127.019844623204222, 37.618703502801864 ], [ 127.019802023389175, 37.618709639680134 ], [ 127.019603902397677, 37.618741967653186 ], [ 127.019517595402718, 37.618756273100345 ], [ 127.019493414712954, 37.618760277138861 ], [ 127.019478043794919, 37.618763297763479 ], [ 127.019435542986983, 37.618771634688684 ], [ 127.01936214740627, 37.618786023654465 ], [ 127.019239623061537, 37.618801652502675 ], [ 127.019238459594689, 37.618800807557669 ], [ 127.019222849387859, 37.618802673127973 ], [ 127.019213786256984, 37.61880044906534 ], [ 127.019064931025326, 37.618804489662075 ], [ 127.019051793763452, 37.618817285537254 ], [ 127.019024023102347, 37.618824200179809 ], [ 127.0189392115023, 37.618845322701233 ], [ 127.018851089968393, 37.618846146557672 ], [ 127.018823111590663, 37.618846420957276 ], [ 127.018721374447694, 37.618848958575278 ], [ 127.018642371282368, 37.618850934201461 ], [ 127.018575654685378, 37.618849448234705 ], [ 127.018558664330428, 37.618849072277115 ], [ 127.018421008461118, 37.618845938639552 ], [ 127.018280181703645, 37.618845553282249 ], [ 127.018133646217549, 37.61884516856064 ], [ 127.017903485159735, 37.61884718289437 ], [ 127.017782990295828, 37.61884774014888 ], [ 127.017731919411744, 37.618851107832846 ], [ 127.017644800368231, 37.618831343246832 ], [ 127.017572977940375, 37.618894349593205 ], [ 127.017565625292576, 37.618934714518105 ], [ 127.017623454082781, 37.618963961477007 ], [ 127.017685121767599, 37.618978314674699 ], [ 127.017785504610075, 37.619054604916556 ], [ 127.018386879936926, 37.619589810977239 ], [ 127.018456157424495, 37.619602784182625 ], [ 127.018443955307774, 37.619639609000366 ], [ 127.01839105153698, 37.619654455721658 ], [ 127.018421932588936, 37.619675966713743 ], [ 127.018442507031722, 37.619691541715518 ], [ 127.018465095767013, 37.619708648091063 ], [ 127.018474571114069, 37.619784932735499 ], [ 127.018479620103008, 37.6198172772039 ], [ 127.01849056549068, 37.619887552095626 ], [ 127.01850102064023, 37.62003341930334 ], [ 127.018396563973269, 37.620038569875064 ], [ 127.018281595922119, 37.620044217386898 ], [ 127.018275793049156, 37.620185383801669 ], [ 127.018271907605268, 37.620280122428078 ], [ 127.018268212445406, 37.620369806526696 ], [ 127.01826725371086, 37.620392988884376 ], [ 127.018268575858187, 37.620480068436308 ], [ 127.018270845208249, 37.620497592179589 ], [ 127.018269617904025, 37.620575797436736 ], [ 127.018373483429983, 37.620562853583337 ], [ 127.01838931792868, 37.620554319038341 ], [ 127.018419863397284, 37.620537826730136 ], [ 127.018421052594093, 37.620537168844287 ], [ 127.018465902600497, 37.620513736926931 ], [ 127.018494272950534, 37.620500983979618 ], [ 127.018624238736095, 37.62044082478441 ], [ 127.018707834582528, 37.620449254823647 ], [ 127.018798396772681, 37.620458395558273 ], [ 127.018825751202911, 37.620461157559447 ], [ 127.018841520978739, 37.620466903499739 ], [ 127.018928248561238, 37.62049851514427 ], [ 127.018988310023687, 37.62052073345135 ], [ 127.019019349172765, 37.620533090301464 ], [ 127.01907603903858, 37.620523405354177 ], [ 127.019088781510732, 37.620521214976925 ], [ 127.019186417126491, 37.620504378199691 ], [ 127.01927363219805, 37.620489336761402 ], [ 127.019376363578331, 37.620471617901572 ], [ 127.019464916248225, 37.620456349973367 ], [ 127.019549548742845, 37.620441769124618 ], [ 127.019559968094796, 37.620439964670865 ], [ 127.019725619140331, 37.62040876531649 ], [ 127.019745079305224, 37.620405095323264 ], [ 127.019782025409413, 37.620398125034555 ], [ 127.019813853037931, 37.620392128586488 ], [ 127.019858197640716, 37.620383787636868 ], [ 127.019988907427077, 37.620369351569501 ], [ 127.020020893741403, 37.62035933126301 ], [ 127.02013492189991, 37.620598628996184 ], [ 127.020086337759665, 37.62071749215535 ], [ 127.020390018775942, 37.621284883085039 ], [ 127.020381099424284, 37.621306107097141 ], [ 127.02029476549059, 37.621584844456137 ], [ 127.020284013309066, 37.621601498980539 ], [ 127.020095857164989, 37.621564668752455 ], [ 127.019965124241352, 37.621535101073015 ], [ 127.019718841721883, 37.621987061881889 ], [ 127.020125345241951, 37.622109440772881 ], [ 127.020468414004256, 37.622180307726339 ], [ 127.020932734829401, 37.622242189047469 ], [ 127.021005682164855, 37.62213903914617 ], [ 127.021179692085127, 37.621611351343653 ] ] ] } },
{ "type": "Feature", "properties": { "OBJECTID": 3898, "ID": "중심지_28", "CODE": "ZON540", "ENT_NAME": "중심지", "JOSER_ID": null, "GOSI_ID": null, "LABEL": "묵동지구중심(동북권)", "GOSI_DATE": null }, "geometry": { "type": "Polygon", "coordinates": [ [ [ 127.078549904493713, 37.610819163411591 ], [ 127.078506772431041, 37.610782242302555 ], [ 127.078410720651888, 37.610783025704713 ], [ 127.078303830740595, 37.610784284590835 ], [ 127.078214981404159, 37.610785540667806 ], [ 127.078107175520742, 37.61078707026553 ], [ 127.077907268922161, 37.61078896574525 ], [ 127.077889689734974, 37.61087579570205 ], [ 127.07789081968501, 37.610950774652764 ], [ 127.077894834864921, 37.611112714469151 ], [ 127.077650929219772, 37.612148856518793 ], [ 127.077607691796686, 37.612276760680693 ], [ 127.077552737227506, 37.612442108145757 ], [ 127.077461617734684, 37.612717767972079 ], [ 127.077409915351282, 37.612874220581084 ], [ 127.077329490119112, 37.613118825596864 ], [ 127.077311942471923, 37.613172085755878 ], [ 127.077273339492834, 37.613290940045303 ], [ 127.077267558567499, 37.613307557848302 ], [ 127.077238732134589, 37.613396313979457 ], [ 127.077238054693254, 37.613398404690315 ], [ 127.077208391892157, 37.613487846995959 ], [ 127.077200782529488, 37.613510789954233 ], [ 127.077198777543401, 37.613522810328099 ], [ 127.077151285286973, 37.613666042710257 ], [ 127.077140662260774, 37.613699286710087 ], [ 127.07709270760931, 37.613844690725116 ], [ 127.077063247038893, 37.613933978790371 ], [ 127.077045000962599, 37.613989122399893 ], [ 127.077033968639157, 37.614023158612632 ], [ 127.076933462443591, 37.61432770040517 ], [ 127.076915847606145, 37.614381157852307 ], [ 127.076828118249068, 37.614642589346204 ], [ 127.076770619135203, 37.614814072784512 ], [ 127.076722368686333, 37.614959593938124 ], [ 127.076667387222926, 37.615125751816755 ], [ 127.076605327526138, 37.615313132267723 ], [ 127.076598771484058, 37.615337544009812 ], [ 127.076590121166703, 37.615363047270392 ], [ 127.07657745019516, 37.615400013563644 ], [ 127.076570099456106, 37.615422596818092 ], [ 127.07655155821142, 37.615480037125444 ], [ 127.07653772706152, 37.615522319938123 ], [ 127.076609867482986, 37.615547798845952 ], [ 127.07680419619787, 37.615617834415964 ], [ 127.076868440145276, 37.615641146838527 ], [ 127.076923234023923, 37.615660573027249 ], [ 127.07701751392274, 37.615694587845269 ], [ 127.077038511279412, 37.615702962542017 ], [ 127.077055982676967, 37.615709032981044 ], [ 127.077155962341195, 37.615745494707618 ], [ 127.077240464981003, 37.615775623375839 ], [ 127.077382133193396, 37.615829284907235 ], [ 127.077496241395963, 37.615867656350758 ], [ 127.07757111402293, 37.615896097136911 ], [ 127.077700010766563, 37.615942820854322 ], [ 127.077856080125372, 37.615999904353636 ], [ 127.078011864455604, 37.616057142799328 ], [ 127.078102669516866, 37.616090293157448 ], [ 127.078131562447226, 37.616100572614307 ], [ 127.078172873961122, 37.616115538108211 ], [ 127.078291686740812, 37.616158185382972 ], [ 127.078386502023221, 37.616192838451958 ], [ 127.078522639026858, 37.616241150386912 ], [ 127.078626756224423, 37.616279500223243 ], [ 127.078764924681224, 37.616330297257228 ], [ 127.078827889281612, 37.616352951731237 ], [ 127.079183755600113, 37.616483747696201 ], [ 127.079424488801578, 37.616571777013704 ], [ 127.079422712322511, 37.616486626505562 ], [ 127.07940990864067, 37.616404970069802 ], [ 127.079407598843218, 37.616394880610812 ], [ 127.079379121582093, 37.616317514171826 ], [ 127.07935856525323, 37.616274109472769 ], [ 127.079335234306171, 37.616233202315833 ], [ 127.079301759110891, 37.61618438221997 ], [ 127.079292571395541, 37.616171612368746 ], [ 127.07920779874631, 37.616067163451291 ], [ 127.079137134205212, 37.615980950953926 ], [ 127.07908139300072, 37.615911719300911 ], [ 127.078973598178877, 37.615779237807452 ], [ 127.078938605483316, 37.615731310571498 ], [ 127.07887878885181, 37.615651685075846 ], [ 127.078839398110745, 37.615600336965201 ], [ 127.078817295318203, 37.615572448068818 ], [ 127.078752762098674, 37.615488996427722 ], [ 127.078679644133928, 37.61539612610374 ], [ 127.078667464230989, 37.615380088498895 ], [ 127.078644645446744, 37.615351910822277 ], [ 127.078612857554788, 37.61531183794456 ], [ 127.078606395156129, 37.615305634407918 ], [ 127.078593785331719, 37.615291127842447 ], [ 127.07856525449769, 37.615258314729935 ], [ 127.078467041425711, 37.615135845409739 ], [ 127.078380202931186, 37.61502589223204 ], [ 127.078510310957284, 37.614951026011674 ], [ 127.078555993760489, 37.614911010668635 ], [ 127.078592723157158, 37.614877614355024 ], [ 127.078642149993186, 37.614831794215945 ], [ 127.078698603380303, 37.614780320310615 ], [ 127.078732017794394, 37.614750530044489 ], [ 127.078761981196791, 37.61472303952884 ], [ 127.078800590996806, 37.614687875996182 ], [ 127.078847198636325, 37.614645481343466 ], [ 127.078949109340854, 37.614554586636338 ], [ 127.078958061395753, 37.614504179888044 ], [ 127.078943081703315, 37.614479360482839 ], [ 127.078928778233475, 37.614455672264164 ], [ 127.078897350954591, 37.614403778349917 ], [ 127.078869735537282, 37.614358990668521 ], [ 127.078839852524652, 37.614309699561012 ], [ 127.078806677838514, 37.614255707480361 ], [ 127.078790930187935, 37.614229652411723 ], [ 127.078781880950032, 37.614142408236326 ], [ 127.078772164984798, 37.614045657343517 ], [ 127.078761119886067, 37.613945034000693 ], [ 127.078750094815746, 37.613829796729142 ], [ 127.078740726561605, 37.613730776029669 ], [ 127.078729839091949, 37.613618205565992 ], [ 127.078718997104914, 37.613504680029408 ], [ 127.078708790016336, 37.613392838909085 ], [ 127.078699463473029, 37.613300098010207 ], [ 127.078686745079594, 37.613180204655684 ], [ 127.078678097743079, 37.613099130112907 ], [ 127.078665983378698, 37.612993768282792 ], [ 127.078654218412566, 37.612886721386296 ], [ 127.078643576117571, 37.612790872949638 ], [ 127.078637904403692, 37.612739619833782 ], [ 127.078614626259949, 37.612505929515663 ], [ 127.078596278691165, 37.612319708668359 ], [ 127.078590005400685, 37.612255049337072 ], [ 127.078581484086982, 37.612172966493922 ], [ 127.078568517143765, 37.611965469948537 ], [ 127.078567256522106, 37.611809510897366 ], [ 127.078567877726954, 37.611707942860406 ], [ 127.078567280503719, 37.611690031740189 ], [ 127.078567104124559, 37.611671660844678 ], [ 127.078567526180322, 37.611652613822365 ], [ 127.078564925297385, 37.611558814345955 ], [ 127.078562668548926, 37.611467041851554 ], [ 127.078560260792088, 37.611373800854487 ], [ 127.078558789175773, 37.611264701971123 ], [ 127.078555611805612, 37.611136827745121 ], [ 127.078553266089358, 37.611014773313883 ], [ 127.078551182869475, 37.61089575501645 ], [ 127.078549904493713, 37.610819163411591 ] ] ] } },
{ "type": "Feature", "properties": { "OBJECTID": 3899, "ID": "중심지_71", "CODE": "ZON540", "ENT_NAME": "중심지", "JOSER_ID": null, "GOSI_ID": null, "LABEL": "등촌지구중심(서남권)", "GOSI_DATE": null }, "geometry": { "type": "Polygon", "coordinates": [ [ [ 126.863708161034182, 37.552305621454281 ], [ 126.863987577824759, 37.552179177922689 ], [ 126.864139824027902, 37.552110213168369 ], [ 126.86420334110673, 37.552081401306054 ], [ 126.864470637479499, 37.551960347569647 ], [ 126.86460444389013, 37.551899758037983 ], [ 126.864874298633836, 37.551777554883941 ], [ 126.86498789878182, 37.551726103699885 ], [ 126.865120752986897, 37.551665935944449 ], [ 126.865332209388114, 37.551570135358524 ], [ 126.865500173448538, 37.551494104283783 ], [ 126.865586817043663, 37.551454830784444 ], [ 126.865699294789522, 37.551403973174828 ], [ 126.865738584449943, 37.551386170644363 ], [ 126.865836836710315, 37.551341719703913 ], [ 126.865851617008957, 37.551335034219861 ], [ 126.86586842465934, 37.551327421241041 ], [ 126.865952870542699, 37.551289199105575 ], [ 126.865981411823824, 37.551276257609807 ], [ 126.866091839120486, 37.551226289251069 ], [ 126.866172819087936, 37.551189621695549 ], [ 126.866512367673849, 37.551035941060647 ], [ 126.866650089519723, 37.550973569714415 ], [ 126.86672887969479, 37.550943533265674 ], [ 126.866867058615838, 37.550401661459162 ], [ 126.866753292888006, 37.550285433668115 ], [ 126.867111175532443, 37.550069388532577 ], [ 126.867191035765345, 37.550095108074942 ], [ 126.868696788332613, 37.550181699033132 ], [ 126.8687424477977, 37.549666900127022 ], [ 126.869779831021376, 37.54973831132299 ], [ 126.869792317936941, 37.549710414370253 ], [ 126.869793188253155, 37.549665992006005 ], [ 126.86979530211822, 37.549557970110257 ], [ 126.869761469802313, 37.549555950187198 ], [ 126.869771251026762, 37.54943735381007 ], [ 126.869756694009908, 37.549411463823773 ], [ 126.86977868955357, 37.549162612254968 ], [ 126.870181478531777, 37.549144256350722 ], [ 126.870180594135064, 37.54912331094058 ], [ 126.870141922996027, 37.549045300705274 ], [ 126.869627110204235, 37.548527378029277 ], [ 126.8691037849064, 37.54884289502003 ], [ 126.868822952608895, 37.548587902172216 ], [ 126.868821088491387, 37.548588093790492 ], [ 126.868822345950804, 37.548587325757495 ], [ 126.86862671222768, 37.548382941281069 ], [ 126.868540869258467, 37.548292924876293 ], [ 126.868458868208592, 37.548206157204419 ], [ 126.868450620253483, 37.548198940886003 ], [ 126.868345317373169, 37.548087928244129 ], [ 126.868290796732509, 37.548030455618708 ], [ 126.868129501398698, 37.547862778459034 ], [ 126.86808194035666, 37.547881556333429 ], [ 126.867968142826115, 37.54792125058016 ], [ 126.867927270411712, 37.547933188426754 ], [ 126.867874172922242, 37.547947183802009 ], [ 126.86782651051216, 37.547959292325196 ], [ 126.867776583901303, 37.547971940661206 ], [ 126.867663939589107, 37.547999383347367 ], [ 126.867561262867795, 37.548021520487175 ], [ 126.867456436186529, 37.548043566799748 ], [ 126.867407080590269, 37.548053241457197 ], [ 126.867184413474888, 37.548097317109708 ], [ 126.867006459292469, 37.548133334365637 ], [ 126.866916681099667, 37.54815629742852 ], [ 126.866832904768586, 37.548176834593733 ], [ 126.866695816830514, 37.548204338572297 ], [ 126.866547746144605, 37.548235163504614 ], [ 126.866388812995012, 37.548265345127973 ], [ 126.866245608650388, 37.548295814853134 ], [ 126.865966113551877, 37.548350634981595 ], [ 126.865679257157069, 37.54840841834816 ], [ 126.865533000654295, 37.548436812319508 ], [ 126.865409496231635, 37.548461537373299 ], [ 126.865264824115627, 37.548489751739112 ], [ 126.865194637677348, 37.5485040865847 ], [ 126.865188524818848, 37.548505249914491 ], [ 126.865069095139589, 37.548529348622523 ], [ 126.864995286630347, 37.548544130560423 ], [ 126.864861482660572, 37.548569653123003 ], [ 126.864680244721498, 37.548605572969429 ], [ 126.864626674707523, 37.548615612787721 ], [ 126.864593759305947, 37.548621780649519 ], [ 126.864154301741777, 37.548710379142697 ], [ 126.864086720091748, 37.548723364873041 ], [ 126.863931519435894, 37.548753456528765 ], [ 126.863648170949332, 37.548809619060954 ], [ 126.863311702152643, 37.548872700529266 ], [ 126.863133722564541, 37.548908216366726 ], [ 126.863026790066712, 37.548929426461576 ], [ 126.862984417114845, 37.548938197456664 ], [ 126.862872705430831, 37.54896137407323 ], [ 126.862764707569937, 37.548983385462122 ], [ 126.86280358134961, 37.549104208008153 ], [ 126.862840413749453, 37.549221389942154 ], [ 126.862867534163328, 37.549309484596542 ], [ 126.862910052819728, 37.549442159404919 ], [ 126.863018166813575, 37.549785852823256 ], [ 126.863052498881729, 37.549896958169342 ], [ 126.86308356931066, 37.549997238785657 ], [ 126.863091907167245, 37.550022980844503 ], [ 126.863135837531374, 37.550163749005122 ], [ 126.863141790036963, 37.550182081222864 ], [ 126.863176069348313, 37.550291313305195 ], [ 126.863194108670498, 37.550352069293169 ], [ 126.86322237800303, 37.55045576133746 ], [ 126.863188190617876, 37.55046204714683 ], [ 126.863034739948901, 37.550492193721041 ], [ 126.862912760123109, 37.550516332295643 ], [ 126.862885194986021, 37.550521454502601 ], [ 126.862744115765125, 37.550550110568402 ], [ 126.862635673478493, 37.550572526754692 ], [ 126.862603178933696, 37.550611743777402 ], [ 126.862628897874842, 37.550698999797277 ], [ 126.862654542661133, 37.550783559960337 ], [ 126.862681992600869, 37.550877214131297 ], [ 126.862720355708717, 37.551005362017278 ], [ 126.862728940749605, 37.551038160042019 ], [ 126.862754974041536, 37.551126929160333 ], [ 126.862791235516966, 37.551241244349427 ], [ 126.862845874339925, 37.551429371299392 ], [ 126.862850327120242, 37.551444811390375 ], [ 126.862852498372689, 37.551451751564066 ], [ 126.862892711252343, 37.55158965026714 ], [ 126.862893646990457, 37.551592785910245 ], [ 126.862840823165286, 37.551602536569419 ], [ 126.862548464547075, 37.551507884426933 ], [ 126.862520984932914, 37.551471616964228 ], [ 126.862406254521972, 37.551338939003017 ], [ 126.86228313056283, 37.551211971417601 ], [ 126.86220788207028, 37.551101270807315 ], [ 126.862121704989619, 37.551071609422969 ], [ 126.862009073036987, 37.551099129600424 ], [ 126.86162922709245, 37.551196895363731 ], [ 126.861600413498735, 37.551234049594825 ], [ 126.861565392979415, 37.551388483754238 ], [ 126.861556894402852, 37.551449500445386 ], [ 126.861548966917184, 37.551499224802185 ], [ 126.861538583148842, 37.55154380249386 ], [ 126.861531163341226, 37.551542921539614 ], [ 126.86151720113557, 37.551737599934761 ], [ 126.861343920616022, 37.551858253172497 ], [ 126.861011535127659, 37.551992448031186 ], [ 126.860995999638575, 37.552000837583584 ], [ 126.861078224906322, 37.552114071820277 ], [ 126.861221183052791, 37.55228155109512 ], [ 126.861342867075166, 37.552438942684439 ], [ 126.86172524429395, 37.552269772002923 ], [ 126.862015693292122, 37.552676598016184 ], [ 126.862029497708363, 37.552695941458829 ], [ 126.862054894384059, 37.552731451538932 ], [ 126.862095077594915, 37.552787648682767 ], [ 126.862152778679288, 37.552868509463842 ], [ 126.862174992260734, 37.552899646860297 ], [ 126.862209080359008, 37.552947349446399 ], [ 126.862263718528183, 37.552959306960133 ], [ 126.862351724704453, 37.552919406761177 ], [ 126.862436729018356, 37.55288101572269 ], [ 126.862482657358171, 37.55286027496237 ], [ 126.862502426464076, 37.552851290140516 ], [ 126.862530522636561, 37.552838573305735 ], [ 126.862617565647213, 37.552799185338159 ], [ 126.862722662738335, 37.552751628529883 ], [ 126.862752360384647, 37.552738183722575 ], [ 126.862975466067496, 37.552637228485402 ], [ 126.863012174595653, 37.552620612244297 ], [ 126.863284560216897, 37.552497306592564 ], [ 126.863708161034182, 37.552305621454281 ] ] ] } },
{ "type": "Feature", "properties": { "OBJECTID": 3900, "ID": "중심지_38", "CODE": "ZON530", "ENT_NAME": "중심지", "JOSER_ID": null, "GOSI_ID": null, "LABEL": "동대문지역중심(도심권)", "GOSI_DATE": null }, "geometry": { "type": "Polygon", "coordinates": [ [ [ 127.015875291753062, 37.570001275849641 ], [ 127.015588100592595, 37.573155373919576 ], [ 127.015585845536663, 37.57315469664568 ], [ 127.015585363165087, 37.573159955767267 ], [ 127.015605652025883, 37.574212583267062 ], [ 127.015806877810078, 37.574259978049497 ], [ 127.015814447732581, 37.574420812380872 ], [ 127.01587373329518, 37.57443188733123 ], [ 127.016023785734063, 37.574459925735965 ], [ 127.016166877285315, 37.574486658382106 ], [ 127.016144045764392, 37.574538946406676 ], [ 127.016264103951798, 37.574586223394938 ], [ 127.016270012390677, 37.574588547204044 ], [ 127.016271280166279, 37.57458814160136 ], [ 127.01631362251841, 37.57455062820187 ], [ 127.016357899590744, 37.574496768832155 ], [ 127.016426456067094, 37.574414916310197 ], [ 127.016482151786036, 37.574322542746977 ], [ 127.016520375249627, 37.574333914663264 ], [ 127.016544907877289, 37.574293006718634 ], [ 127.016546697218473, 37.574291186496453 ], [ 127.0165743509734, 37.574234438790619 ], [ 127.016576031556028, 37.5742322032267 ], [ 127.016660508030981, 37.574261826797162 ], [ 127.016705661424908, 37.574277661255799 ], [ 127.016743712052801, 37.574290755809869 ], [ 127.016781761562171, 37.574303851252758 ], [ 127.016851351129404, 37.574327925627017 ], [ 127.016989374532713, 37.574375675266239 ], [ 127.017005001943772, 37.574342888991673 ], [ 127.017005328803677, 37.574341483408546 ], [ 127.017019065457774, 37.57431277614959 ], [ 127.017036108635097, 37.574283753108759 ], [ 127.017062861255383, 37.574250322959308 ], [ 127.017080777126196, 37.574231922437598 ], [ 127.017103265755097, 37.574210899436409 ], [ 127.017125687231328, 37.574188191593436 ], [ 127.017150180169438, 37.574170429892376 ], [ 127.017191006753023, 37.574146899700047 ], [ 127.017218657054556, 37.574130209740467 ], [ 127.017262598621073, 37.574110841670525 ], [ 127.017303109805937, 37.574100402827632 ], [ 127.017347391427563, 37.574088711092941 ], [ 127.017411337236894, 37.574077593328106 ], [ 127.017447050623176, 37.574076291093419 ], [ 127.017652054775297, 37.574066244277695 ], [ 127.017767903121751, 37.574060948603957 ], [ 127.017784103097711, 37.574060207563576 ], [ 127.017842276669555, 37.574064417056526 ], [ 127.017898982450816, 37.574075688663427 ], [ 127.018045878255762, 37.574111058974857 ], [ 127.018200767642114, 37.574147950642669 ], [ 127.018229488739024, 37.574157226750636 ], [ 127.018247942488628, 37.574166297079849 ], [ 127.018267269688423, 37.574178349550373 ], [ 127.018291872098729, 37.574200708563616 ], [ 127.018306921437841, 37.574217726075517 ], [ 127.018326545770591, 37.574252258128119 ], [ 127.018343207643881, 37.574291782069295 ], [ 127.018354113064362, 37.574310304814226 ], [ 127.018379126100839, 37.574341096991581 ], [ 127.018385023968946, 37.5743465381126 ], [ 127.018399652357786, 37.574359014696292 ], [ 127.018429780514495, 37.574377705871505 ], [ 127.018464831334526, 37.574394333071503 ], [ 127.01852788783053, 37.574409650698975 ], [ 127.018685720177373, 37.57444656743322 ], [ 127.01869449147182, 37.574448601487816 ], [ 127.01878132817653, 37.574434227986004 ], [ 127.01880841872115, 37.574440747169881 ], [ 127.018828830152941, 37.574446195152142 ], [ 127.018946136431637, 37.574477171857779 ], [ 127.018965020198593, 37.574484899539804 ], [ 127.018991141509971, 37.574514512030419 ], [ 127.018998005640725, 37.574532196493983 ], [ 127.01899822155201, 37.574535742748033 ], [ 127.018998438594949, 37.574539287199897 ], [ 127.018999072533774, 37.574544179467054 ], [ 127.019000104327432, 37.574551288104026 ], [ 127.018997333932333, 37.574607879525715 ], [ 127.019004559871377, 37.574623654743029 ], [ 127.019009235419176, 37.574629897892308 ], [ 127.019025799913038, 37.574643230048871 ], [ 127.019038967522363, 37.574648120456438 ], [ 127.019071717981262, 37.574653530525261 ], [ 127.01909186743174, 37.574656581874628 ], [ 127.019126849591899, 37.574664081886425 ], [ 127.019151419809546, 37.574677766919002 ], [ 127.019163536514853, 37.574690523989474 ], [ 127.019174809663127, 37.57470239371235 ], [ 127.019180721908256, 37.57471082606888 ], [ 127.019185000079531, 37.574731195849871 ], [ 127.019180339537115, 37.574774201570101 ], [ 127.019153109062614, 37.574943032630415 ], [ 127.019115971257079, 37.575175456833385 ], [ 127.019094872828958, 37.575205264632629 ], [ 127.019068771127408, 37.575221828660169 ], [ 127.01903727003122, 37.575235140919453 ], [ 127.01888626242139, 37.575302638160373 ], [ 127.01889374265096, 37.575335928535807 ], [ 127.018878867356023, 37.575431381304213 ], [ 127.018861898383989, 37.575534358520429 ], [ 127.018861062124188, 37.57553569120325 ], [ 127.0188546213449, 37.575586517734557 ], [ 127.018835086675168, 37.575677782488341 ], [ 127.018884392393815, 37.575683233426147 ], [ 127.018910294799809, 37.575685022577623 ], [ 127.018916115161531, 37.575692436844065 ], [ 127.018937561045604, 37.575719724581525 ], [ 127.01898107436989, 37.575759857129164 ], [ 127.019019326629106, 37.575758905428593 ], [ 127.019028735856679, 37.575864336642681 ], [ 127.019065538955019, 37.575872134627687 ], [ 127.0191313255268, 37.57588479271017 ], [ 127.019126087336261, 37.575898065031268 ], [ 127.019143509925414, 37.575900567175687 ], [ 127.019161192957938, 37.575903384624084 ], [ 127.019155139108179, 37.575918918545916 ], [ 127.019152504321738, 37.575926216934832 ], [ 127.01911855015743, 37.576008283904152 ], [ 127.019147517492115, 37.576045346190135 ], [ 127.019199571273035, 37.576061835479017 ], [ 127.019253403610875, 37.576078765961391 ], [ 127.019260638898288, 37.576080629917506 ], [ 127.019271676786502, 37.576082871715997 ], [ 127.019320503278095, 37.576095000659372 ], [ 127.019359009715956, 37.576119600803246 ], [ 127.019391788325336, 37.576140534784457 ], [ 127.019448183778195, 37.576176692754224 ], [ 127.019491669284974, 37.576193038155928 ], [ 127.019477247280378, 37.576198428253093 ], [ 127.019474636603505, 37.576211754248455 ], [ 127.019464605590869, 37.576301304874498 ], [ 127.019463852137875, 37.576322198878046 ], [ 127.019460995467014, 37.576353004058291 ], [ 127.019476831798002, 37.576448181917918 ], [ 127.019482571754068, 37.576497401964254 ], [ 127.019482765355008, 37.576497492033504 ], [ 127.019701579256179, 37.576596134630243 ], [ 127.019727402925753, 37.576607924569714 ], [ 127.019730368103311, 37.576604725608568 ], [ 127.019752787985468, 37.576575809475884 ], [ 127.01978720287795, 37.576532556780379 ], [ 127.019787823346945, 37.576523736021748 ], [ 127.019789186343303, 37.57650063450442 ], [ 127.019782764219627, 37.576393841509066 ], [ 127.019789471425824, 37.576374741348644 ], [ 127.01980472197927, 37.576378133906537 ], [ 127.019850414769778, 37.576388262924276 ], [ 127.019880323792577, 37.576394889540751 ], [ 127.020013743341266, 37.576424619305719 ], [ 127.020134493475965, 37.576450990236651 ], [ 127.020179222884295, 37.576460704824889 ], [ 127.020196532750518, 37.576464468213281 ], [ 127.020200244379481, 37.576458584180926 ], [ 127.020247058340985, 37.576384209296648 ], [ 127.020261847231964, 37.576361249800669 ], [ 127.020323906243931, 37.576273348648151 ], [ 127.02036835457838, 37.576286577059207 ], [ 127.020376470754101, 37.576288891299711 ], [ 127.020440515168758, 37.576308378411625 ], [ 127.02047800105251, 37.576319850972318 ], [ 127.020437117119002, 37.576385773740704 ], [ 127.020429263973114, 37.576398505945299 ], [ 127.020384258611344, 37.57651098335252 ], [ 127.020400414658781, 37.576562922669403 ], [ 127.020404456628015, 37.576515881492426 ], [ 127.020436245329293, 37.576519561439731 ], [ 127.020435693718625, 37.576531778911665 ], [ 127.02048631880379, 37.576536663148325 ], [ 127.020561373813948, 37.576538750365685 ], [ 127.020583121655989, 37.576539359526969 ], [ 127.020586274961843, 37.576519375126367 ], [ 127.02059051476057, 37.576498345405192 ], [ 127.02061136925424, 37.576511649612264 ], [ 127.020636493853388, 37.576529503108524 ], [ 127.020693638359461, 37.576569596771662 ], [ 127.020705120485218, 37.576577658739645 ], [ 127.020847054348891, 37.57657500470598 ], [ 127.020863730409076, 37.576574695639053 ], [ 127.0208718686103, 37.576574451939763 ], [ 127.020915940416117, 37.576575227664669 ], [ 127.020928522524642, 37.576594876122684 ], [ 127.020990353968671, 37.576596091283243 ], [ 127.021000445672698, 37.576598628599676 ], [ 127.021002655848491, 37.57661764086204 ], [ 127.021005342552073, 37.576640750734398 ], [ 127.021072891676553, 37.576640749476404 ], [ 127.02109315932303, 37.576651863395895 ], [ 127.021208088400471, 37.576623499234458 ], [ 127.021227439001763, 37.576685763214897 ], [ 127.021268319062926, 37.57681723740906 ], [ 127.0213161978876, 37.576962630660624 ], [ 127.021327627543783, 37.576994361502571 ], [ 127.021356926502321, 37.577085347250616 ], [ 127.02132615818978, 37.577088568940049 ], [ 127.021331891535382, 37.577103785646713 ], [ 127.021347331829332, 37.577147372800312 ], [ 127.021374949955941, 37.577217735234164 ], [ 127.02138236266444, 37.577251908419413 ], [ 127.021395114215963, 37.577311884969141 ], [ 127.021417220723052, 37.577302376734764 ], [ 127.021434297503362, 37.577365126689166 ], [ 127.021438605799887, 37.57738521796918 ], [ 127.021446299299413, 37.577410876776341 ], [ 127.021434589623851, 37.577441827650496 ], [ 127.021395567163367, 37.577435869694014 ], [ 127.021383681673228, 37.577444304931397 ], [ 127.021340705548923, 37.577474810559501 ], [ 127.0213917365013, 37.577509111559131 ], [ 127.021407784828668, 37.577535669948382 ], [ 127.021434945559164, 37.577588111812709 ], [ 127.021447540008296, 37.577610436140795 ], [ 127.021449885922991, 37.577615760576855 ], [ 127.021468290442726, 37.577647805569306 ], [ 127.021498945149943, 37.577688858354193 ], [ 127.021509489253333, 37.577701893848293 ], [ 127.021536623892757, 37.577740956038198 ], [ 127.021545845446639, 37.577769722982644 ], [ 127.021564688812177, 37.577829563327121 ], [ 127.021555441970492, 37.577841674159245 ], [ 127.021518425427288, 37.57788695862547 ], [ 127.021506694233068, 37.577918041051966 ], [ 127.021495300364563, 37.577944811297414 ], [ 127.021494248730917, 37.577949253340122 ], [ 127.021506621666418, 37.577947260065187 ], [ 127.021526636410641, 37.5779424273858 ], [ 127.021567134498454, 37.577957845408854 ], [ 127.021593953773291, 37.577964508153464 ], [ 127.02167200424131, 37.577982217265131 ], [ 127.021681954567683, 37.577984459023149 ], [ 127.021741026254645, 37.577982187442693 ], [ 127.021789527052789, 37.577956113577905 ], [ 127.021801577869013, 37.577935190595397 ], [ 127.021826540136075, 37.577894398633021 ], [ 127.021812836302729, 37.577977094456052 ], [ 127.021797125820243, 37.578049239165239 ], [ 127.021795622299777, 37.578057086117084 ], [ 127.021763809599946, 37.578172318771017 ], [ 127.021740923218232, 37.578270971729921 ], [ 127.021721689044952, 37.578357821131981 ], [ 127.021705632169017, 37.578426470055206 ], [ 127.021703111903207, 37.578438039155252 ], [ 127.02169789496115, 37.578445120000495 ], [ 127.021697068548391, 37.57844512014173 ], [ 127.021653725945868, 37.578503676359688 ], [ 127.021578550075759, 37.578607130536163 ], [ 127.021534560798329, 37.578665413819678 ], [ 127.021534413681536, 37.57866561206167 ], [ 127.021518345171685, 37.578687418661914 ], [ 127.021524006202114, 37.578689850366743 ], [ 127.021480556033737, 37.578774820762277 ], [ 127.021405735331058, 37.578849254885661 ], [ 127.021502361511537, 37.578865789693545 ], [ 127.0215798541265, 37.578868389412065 ], [ 127.021817195463044, 37.578876367623657 ], [ 127.02184406192832, 37.578838773839188 ], [ 127.021884987181664, 37.578803655337126 ], [ 127.021931908641079, 37.578792069555021 ], [ 127.02196046028601, 37.57874888933496 ], [ 127.022113886314614, 37.578691974372454 ], [ 127.022149098351946, 37.578671254541291 ], [ 127.022156265512436, 37.578675316738426 ], [ 127.022260350864684, 37.578642808918573 ], [ 127.022324591742844, 37.578627012328234 ], [ 127.022376842415724, 37.578565231462456 ], [ 127.022422134910698, 37.578518327095168 ], [ 127.022452808160836, 37.5784930670035 ], [ 127.022485886848401, 37.578454994445885 ], [ 127.022649299411853, 37.578367452472861 ], [ 127.022762621832427, 37.578334996614089 ], [ 127.022522236515215, 37.578084015714076 ], [ 127.022883451133225, 37.577827827390806 ], [ 127.022972895149167, 37.577826856124396 ], [ 127.022996133173947, 37.57785503476569 ], [ 127.022998470130233, 37.577793289716226 ], [ 127.023001854201766, 37.577699888304259 ], [ 127.023003758794601, 37.577681809657442 ], [ 127.023008861388604, 37.577592584004677 ], [ 127.023012223284752, 37.577556021347412 ], [ 127.02301347488546, 37.577499294988762 ], [ 127.023013657181167, 37.577460029949194 ], [ 127.023013454776077, 37.577429333364343 ], [ 127.023015269102359, 37.57740051046477 ], [ 127.023016205616017, 37.577350370375868 ], [ 127.023016194048807, 37.577310132304802 ], [ 127.023017957790771, 37.577302257358454 ], [ 127.023016145899575, 37.577296221076388 ], [ 127.023016684887722, 37.577284859533862 ], [ 127.023017918399631, 37.577200680105662 ], [ 127.023018105010195, 37.577180371827389 ], [ 127.02301936570116, 37.5770804881911 ], [ 127.023019541788429, 37.577062954953952 ], [ 127.023022960098473, 37.576982532240045 ], [ 127.023023510592623, 37.57696395378958 ], [ 127.023023875347661, 37.576897848312711 ], [ 127.023024206336657, 37.576863917084665 ], [ 127.023025509905011, 37.576834445564593 ], [ 127.023028742926584, 37.576735678786832 ], [ 127.023029247749975, 37.576719695186306 ], [ 127.023030388789564, 37.576676186318267 ], [ 127.02303218968099, 37.576636164149171 ], [ 127.023031960892652, 37.576627893130507 ], [ 127.023034205978931, 37.576561841366384 ], [ 127.02303744583385, 37.576494771304873 ], [ 127.023036892233279, 37.576415975588176 ], [ 127.023039361810689, 37.5763865714272 ], [ 127.023041465884347, 37.576318344703267 ], [ 127.023529902746063, 37.576214645645862 ], [ 127.023628455231915, 37.576193723430308 ], [ 127.023768688932421, 37.57629332822988 ], [ 127.023927568176489, 37.576401993252738 ], [ 127.024027544355633, 37.576454466637351 ], [ 127.02410120947178, 37.576296140142851 ], [ 127.024174877210626, 37.576345544265322 ], [ 127.024987302269196, 37.577118559403047 ], [ 127.025177125932714, 37.577347619051679 ], [ 127.025434237849694, 37.577639639247614 ], [ 127.025629774609243, 37.577497375101487 ], [ 127.025903357477375, 37.576888453602685 ], [ 127.026171816118008, 37.576332377167553 ], [ 127.026206837840874, 37.576252875764773 ], [ 127.026239279574554, 37.57618022239226 ], [ 127.026258634147624, 37.576136097002852 ], [ 127.026281993079238, 37.576082825751577 ], [ 127.026305408648099, 37.576029761710309 ], [ 127.026351833956085, 37.575925651908854 ], [ 127.026420360231711, 37.57577182096005 ], [ 127.026456223167969, 37.575701031843636 ], [ 127.026460612129611, 37.575691084018828 ], [ 127.026486616698008, 37.575632126935382 ], [ 127.026508098556661, 37.575582694236935 ], [ 127.02655504112829, 37.575476656125701 ], [ 127.026599733508831, 37.575375213506469 ], [ 127.026644789435508, 37.575274626729012 ], [ 127.026667966908605, 37.575221977113365 ], [ 127.026668531149568, 37.575186415029108 ], [ 127.026673783669267, 37.574980916749425 ], [ 127.026675841471402, 37.574909621192099 ], [ 127.026697026422752, 37.574184366962662 ], [ 127.026720316612227, 37.573761852975572 ], [ 127.026723296689298, 37.573669726376664 ], [ 127.026726711840396, 37.573588844006487 ], [ 127.026729333502459, 37.573508105962524 ], [ 127.026730828638449, 37.57347719276401 ], [ 127.026734136855723, 37.573388084398267 ], [ 127.026737616424683, 37.573300246386822 ], [ 127.026739840541495, 37.573212219434787 ], [ 127.026743965036204, 37.573123507324865 ], [ 127.02674515219465, 37.573089053309054 ], [ 127.026751778600214, 37.572930550168628 ], [ 127.026753548468378, 37.572875202126014 ], [ 127.026765625219696, 37.572568764663899 ], [ 127.026768123746024, 37.572495703045703 ], [ 127.026776104366633, 37.572295007248705 ], [ 127.026780218872105, 37.572176994106584 ], [ 127.026787596444237, 37.572101336594585 ], [ 127.026788445429389, 37.572101345422723 ], [ 127.026788985085119, 37.572087064652806 ], [ 127.026791845871188, 37.572010849493701 ], [ 127.026794418555156, 37.571919533841601 ], [ 127.026795279743865, 37.571892017493219 ], [ 127.026798316865168, 37.571798350161835 ], [ 127.026801282831642, 37.571701827614042 ], [ 127.026803716473495, 37.571597744990484 ], [ 127.026807287527419, 37.57151648324016 ], [ 127.02680966277758, 37.571407138857175 ], [ 127.026946034902849, 37.571352924161054 ], [ 127.026987222489453, 37.571306117978153 ], [ 127.027027707862175, 37.571294810850979 ], [ 127.027053605894054, 37.571287669429353 ], [ 127.02708537715128, 37.571278977031319 ], [ 127.027261752865257, 37.571229357347477 ], [ 127.027296343712251, 37.571220430020929 ], [ 127.027324118387455, 37.57121299981403 ], [ 127.027335765139682, 37.571209681632702 ], [ 127.027430061803528, 37.57118575866992 ], [ 127.027479740468308, 37.571173376293061 ], [ 127.027445794705613, 37.571087087140313 ], [ 127.027407212985963, 37.571005430070628 ], [ 127.027242341405795, 37.570938090237689 ], [ 127.027220316231578, 37.570946068776799 ], [ 127.027218898267961, 37.570937293463942 ], [ 127.02684983194213, 37.571043482562175 ], [ 127.02662399966502, 37.571109311919983 ], [ 127.026450883260466, 37.571160524712283 ], [ 127.026387035217539, 37.571178377736643 ], [ 127.02622166023275, 37.571226909023721 ], [ 127.02616378844175, 37.571243538937139 ], [ 127.026064083227709, 37.571272283198617 ], [ 127.025911609837067, 37.571316976763725 ], [ 127.025903699307946, 37.571319338985845 ], [ 127.025734678298392, 37.57136991017903 ], [ 127.025726733772871, 37.57137219130729 ], [ 127.025555853357702, 37.571421274193497 ], [ 127.025487356032414, 37.571439561953149 ], [ 127.025462736923032, 37.571446711781583 ], [ 127.025364644753083, 37.571477123753617 ], [ 127.024997904580616, 37.571585629330137 ], [ 127.024989970203066, 37.571587928426531 ], [ 127.024929086008569, 37.571605576448718 ], [ 127.024560203042029, 37.571710913215405 ], [ 127.024193735833649, 37.571820106393183 ], [ 127.02417850084494, 37.571824578217218 ], [ 127.024160572000852, 37.571829843425114 ], [ 127.024037595223902, 37.571865939789852 ], [ 127.023905130518799, 37.571903340653897 ], [ 127.023889973542765, 37.571907614208548 ], [ 127.023723792263525, 37.571954488831508 ], [ 127.02370848811789, 37.571958788519161 ], [ 127.02365302713622, 37.571974395026743 ], [ 127.023393260397981, 37.572047491017642 ], [ 127.022310627074759, 37.57213060904229 ], [ 127.021501504538705, 37.57214224536564 ], [ 127.021266978592024, 37.57208811744907 ], [ 127.020597375054507, 37.571932545892523 ], [ 127.020317865698757, 37.571832914460131 ], [ 127.019666417451717, 37.571602264425721 ], [ 127.018884768373496, 37.571174241604027 ], [ 127.017597803306188, 37.570506323368669 ], [ 127.016993161951916, 37.570188697798336 ], [ 127.015875291753062, 37.570001275849641 ] ] ] } },
{ "type": "Feature", "properties": { "OBJECTID": 3901, "ID": "중심지_42", "CODE": "ZON540", "ENT_NAME": "중심지", "JOSER_ID": null, "GOSI_ID": null, "LABEL": "응암지구중심(서북권)", "GOSI_DATE": null }, "geometry": { "type": "Polygon", "coordinates": [ [ [ 126.918233355829898, 37.59183685382007 ], [ 126.918294348714326, 37.591768150830035 ], [ 126.918392953953131, 37.591680554529546 ], [ 126.918424362479513, 37.591641473920802 ], [ 126.918464106114655, 37.591589722317757 ], [ 126.918501260414729, 37.591523499070007 ], [ 126.918538456191811, 37.59147288989913 ], [ 126.91859696827197, 37.591393464190325 ], [ 126.918610814545545, 37.591365092906308 ], [ 126.918616714591622, 37.591353023858581 ], [ 126.918634645067996, 37.591316366382941 ], [ 126.918651824629151, 37.59124312840801 ], [ 126.918657747865623, 37.59121114761745 ], [ 126.91866481524616, 37.591168445914249 ], [ 126.918659918584098, 37.591091498402278 ], [ 126.918643333931144, 37.591036706902315 ], [ 126.918598353838718, 37.590940612345726 ], [ 126.918596570177854, 37.590936844977499 ], [ 126.918578153527122, 37.590901513445623 ], [ 126.918567417857886, 37.590882765423792 ], [ 126.918554086498617, 37.590856357208139 ], [ 126.918514049320521, 37.590814974772556 ], [ 126.918508732941746, 37.590811276096474 ], [ 126.918486230326337, 37.590784861422996 ], [ 126.918484873318334, 37.590783328794707 ], [ 126.918345595230804, 37.590690789725947 ], [ 126.918346614833808, 37.590689258770624 ], [ 126.918238780685229, 37.590627465299292 ], [ 126.918235957374804, 37.590620886120092 ], [ 126.918208116744296, 37.590609333871782 ], [ 126.918128233800843, 37.590560624298924 ], [ 126.918166962807831, 37.590554344760768 ], [ 126.918257115483541, 37.590532784755531 ], [ 126.918268786001946, 37.590524323731884 ], [ 126.918320461513744, 37.590484176253113 ], [ 126.918382963605708, 37.590482688615658 ], [ 126.918394856174075, 37.590479183151047 ], [ 126.918434268535762, 37.590471282234027 ], [ 126.918491591774242, 37.590443211848459 ], [ 126.918507447884679, 37.59043808738803 ], [ 126.918526154196002, 37.590417377895939 ], [ 126.918538984356886, 37.590385221765843 ], [ 126.918545161895793, 37.590327112601514 ], [ 126.918525171272861, 37.590281869120652 ], [ 126.918513658970824, 37.5902498760721 ], [ 126.918630672404007, 37.590202025914202 ], [ 126.91867438913826, 37.590192325969724 ], [ 126.91884397656807, 37.590110275069449 ], [ 126.91885125963158, 37.590107829491942 ], [ 126.918795629772873, 37.59000879122771 ], [ 126.918759927870113, 37.589938128104158 ], [ 126.918746372655946, 37.589909467287391 ], [ 126.918715180625995, 37.589858179383072 ], [ 126.918631226415343, 37.589702430306936 ], [ 126.918589645590558, 37.589625187613677 ], [ 126.918504337051687, 37.58946700393011 ], [ 126.918456089908673, 37.589377502204933 ], [ 126.91841564030959, 37.58930251180319 ], [ 126.918422885815616, 37.589303237691674 ], [ 126.918410208078441, 37.589279893261129 ], [ 126.91840393701672, 37.589268338221096 ], [ 126.918405148989066, 37.589267906601769 ], [ 126.918346895261678, 37.589144953227816 ], [ 126.918322680721161, 37.589081389706692 ], [ 126.918316993416212, 37.589023497424748 ], [ 126.918257298422887, 37.58892416680775 ], [ 126.918230197748329, 37.588879098448089 ], [ 126.918223474587009, 37.588867903472654 ], [ 126.918220812624142, 37.588869000795739 ], [ 126.918095246021878, 37.588668172699151 ], [ 126.918027722554569, 37.588604064935993 ], [ 126.918003916686942, 37.58852980694239 ], [ 126.917959935781241, 37.588392745026276 ], [ 126.917934739897163, 37.588314242393203 ], [ 126.917934075336419, 37.588312169657364 ], [ 126.91792353089285, 37.588283880274098 ], [ 126.917850427772819, 37.588087765151165 ], [ 126.917841415974834, 37.588057846063073 ], [ 126.917835763416818, 37.588039101569038 ], [ 126.917792104375053, 37.587898246660643 ], [ 126.917822572135279, 37.587888267333689 ], [ 126.917818399056657, 37.58787488474789 ], [ 126.917815114980641, 37.58787546805948 ], [ 126.917791560188874, 37.587879685984156 ], [ 126.917628886703639, 37.587957595788602 ], [ 126.917463971647308, 37.588014871216082 ], [ 126.917441771296268, 37.588022784073587 ], [ 126.917334508221117, 37.588060188600693 ], [ 126.917271418773169, 37.588082307820677 ], [ 126.917204818296341, 37.588105415582575 ], [ 126.916996406450252, 37.588178426515356 ], [ 126.916706334298638, 37.588277056505937 ], [ 126.916642816760543, 37.58827701085265 ], [ 126.916461631123823, 37.5883036396893 ], [ 126.916315663584896, 37.588324887763612 ], [ 126.916203440363105, 37.588341474929116 ], [ 126.916060893859438, 37.588362076451567 ], [ 126.915927527133519, 37.588382855645278 ], [ 126.915900519058212, 37.588386845441946 ], [ 126.915870963842693, 37.588390518039617 ], [ 126.91586866509212, 37.588390813696734 ], [ 126.915824403294536, 37.588414360347471 ], [ 126.91572119323844, 37.588470596931522 ], [ 126.915606540422829, 37.588533041892781 ], [ 126.915488036296296, 37.588596835412396 ], [ 126.915422439908255, 37.588632016094877 ], [ 126.915322729291177, 37.58869582315306 ], [ 126.915179167893044, 37.588789510757103 ], [ 126.915155803614113, 37.588824451876597 ], [ 126.915107152166399, 37.588893611905611 ], [ 126.915064509695426, 37.588954667451631 ], [ 126.914975993510524, 37.58908038006566 ], [ 126.915040554931423, 37.589108448007373 ], [ 126.915051078856905, 37.589113501231438 ], [ 126.915136744609981, 37.589151855804012 ], [ 126.915315434967937, 37.589229381022491 ], [ 126.91543267395781, 37.589281002908272 ], [ 126.915392526489086, 37.589339537631034 ], [ 126.915342283985623, 37.589412751021229 ], [ 126.915273327746348, 37.589513430751452 ], [ 126.915209476389052, 37.589605464719156 ], [ 126.915107173472322, 37.589755674119154 ], [ 126.915281904156743, 37.5898316648085 ], [ 126.91532547525884, 37.589850256915753 ], [ 126.915416121276976, 37.589890867379346 ], [ 126.915459011656779, 37.589909729235991 ], [ 126.915584854798567, 37.589964150290278 ], [ 126.915572127651529, 37.590004144742338 ], [ 126.915550076897603, 37.590078189621785 ], [ 126.915546324737775, 37.59009089077226 ], [ 126.915530278987674, 37.590162327164919 ], [ 126.915511518001324, 37.590229887342403 ], [ 126.915495793103076, 37.590316640700451 ], [ 126.915489411640863, 37.590352134842462 ], [ 126.91547938207556, 37.590409249954718 ], [ 126.915497153547662, 37.590512876131974 ], [ 126.915510459827772, 37.590658484930877 ], [ 126.915570067244104, 37.59071285771482 ], [ 126.915653313676387, 37.590789231688269 ], [ 126.91567502602733, 37.590811772093147 ], [ 126.915762683320224, 37.590892654118491 ], [ 126.915867984143986, 37.590990937881799 ], [ 126.915875902431466, 37.59099851189675 ], [ 126.915921464109786, 37.590959442217724 ], [ 126.915973369182495, 37.590916953377032 ], [ 126.916061990710816, 37.590848092253943 ], [ 126.91609905058391, 37.590818476687424 ], [ 126.916174867701116, 37.590758075466347 ], [ 126.916263996878911, 37.590689529901148 ], [ 126.916373845647229, 37.591119423845285 ], [ 126.916387712551611, 37.591172051339761 ], [ 126.916399324287099, 37.59121746933036 ], [ 126.916404621815389, 37.59123765520205 ], [ 126.916428741607021, 37.591334888813016 ], [ 126.916439566036232, 37.591375711210219 ], [ 126.916477446074609, 37.591518995029595 ], [ 126.916497845956698, 37.591601810191463 ], [ 126.916519153448121, 37.591684085411615 ], [ 126.916541026707478, 37.591765730345024 ], [ 126.916562331624334, 37.591849357029794 ], [ 126.916570899934044, 37.591880897648835 ], [ 126.916600026712857, 37.591986423873436 ], [ 126.916797837239187, 37.591955932546433 ], [ 126.91691810500555, 37.591938269413518 ], [ 126.916937130087149, 37.591935760291328 ], [ 126.917052074657704, 37.591918363502629 ], [ 126.917288193530581, 37.591884475019185 ], [ 126.91729170419103, 37.591883936933634 ], [ 126.917306619089757, 37.591881424818979 ], [ 126.917315905415862, 37.591879944819482 ], [ 126.917749055606606, 37.591810814143834 ], [ 126.917757924442554, 37.591848437435893 ], [ 126.917764544888939, 37.591881750624545 ], [ 126.917779864682231, 37.591952398667154 ], [ 126.917782341837651, 37.591963752827269 ], [ 126.917791749508737, 37.59200556517429 ], [ 126.91779428554608, 37.592016919375808 ], [ 126.91787197262876, 37.592005441853367 ], [ 126.917915005180603, 37.592000066433698 ], [ 126.917918742277124, 37.591999546509591 ], [ 126.917968876027501, 37.59199253630787 ], [ 126.91803029920078, 37.591983948337862 ], [ 126.91802442300957, 37.591963384619667 ], [ 126.918035181744187, 37.591961499261132 ], [ 126.918051150379796, 37.59195934819143 ], [ 126.91818668111766, 37.591889734789504 ], [ 126.918187781992856, 37.59188844715905 ], [ 126.918193337270495, 37.591882054091698 ], [ 126.918233355829898, 37.59183685382007 ] ] ] } },
{ "type": "Feature", "properties": { "OBJECTID": 3902, "ID": "중심지_44", "CODE": "ZON540", "ENT_NAME": "중심지", "JOSER_ID": null, "GOSI_ID": null, "LABEL": "홍제지구중심(서북권)", "GOSI_DATE": null }, "geometry": { "type": "Polygon", "coordinates": [ [ [ 126.944598294588531, 37.591632131844534 ], [ 126.944609768939543, 37.591623330253171 ], [ 126.944755095534106, 37.591697017872775 ], [ 126.945288971845827, 37.591134831073816 ], [ 126.944318668524474, 37.590528674327508 ], [ 126.944307699967368, 37.590461152821298 ], [ 126.944471955794143, 37.590283495058422 ], [ 126.944532408949001, 37.590219653449459 ], [ 126.944898839035275, 37.589832694636279 ], [ 126.945124637075963, 37.589599871116356 ], [ 126.945182891953635, 37.589568400502351 ], [ 126.945272464824242, 37.589520006270874 ], [ 126.945517122160297, 37.589396687666408 ], [ 126.94567533094164, 37.589317836340918 ], [ 126.945639292961985, 37.589196690875156 ], [ 126.945600677827798, 37.589066876700016 ], [ 126.945644276400301, 37.588952192951218 ], [ 126.945666714910175, 37.588893162025542 ], [ 126.945693761556086, 37.588822006016557 ], [ 126.945697049586627, 37.58881437622874 ], [ 126.94570169610644, 37.588810026668497 ], [ 126.945703948862842, 37.588809018630535 ], [ 126.945710201403301, 37.588791839803193 ], [ 126.9457321210147, 37.588731610308045 ], [ 126.945808685613983, 37.588725600858012 ], [ 126.945811697513548, 37.588725368023354 ], [ 126.945866828826325, 37.588736359015499 ], [ 126.945926114049769, 37.588657866108285 ], [ 126.945930353876335, 37.588652263978226 ], [ 126.945935816553572, 37.588645076690206 ], [ 126.945954718401268, 37.588621614929551 ], [ 126.945993332971781, 37.588569799431596 ], [ 126.946020489447776, 37.588531610437499 ], [ 126.946032808463414, 37.588514281276751 ], [ 126.946049808996307, 37.588491151971063 ], [ 126.946059772731061, 37.5884772003945 ], [ 126.946113473224983, 37.588402029400442 ], [ 126.946149757590092, 37.588360736260988 ], [ 126.946159593783875, 37.588349253314881 ], [ 126.946282544549376, 37.588206081315725 ], [ 126.94631835369411, 37.58816564383644 ], [ 126.946367147604434, 37.588095344757626 ], [ 126.946420781762569, 37.588031039468042 ], [ 126.946482247790172, 37.587956935087064 ], [ 126.94651225671582, 37.587920639374303 ], [ 126.946601100711234, 37.587814076180237 ], [ 126.946620967922925, 37.587787524379479 ], [ 126.946669438378606, 37.587725270817984 ], [ 126.946702675788671, 37.58768334539814 ], [ 126.946806225787867, 37.58759342105958 ], [ 126.946880597891962, 37.587490391812238 ], [ 126.946967027071722, 37.587369744818048 ], [ 126.946984787968447, 37.587344966921457 ], [ 126.947060121178751, 37.587239892763975 ], [ 126.947123001889338, 37.58715080530704 ], [ 126.947192626524952, 37.587049881972767 ], [ 126.947254763070205, 37.586937386502754 ], [ 126.947304785002231, 37.586843481771012 ], [ 126.947342017785118, 37.586772618351695 ], [ 126.947353286243853, 37.586751171062758 ], [ 126.947280011437755, 37.586718521749575 ], [ 126.947195393120012, 37.586686002318899 ], [ 126.947151791950347, 37.58666924193885 ], [ 126.947069711319756, 37.586634723399172 ], [ 126.947029948741218, 37.586618982857935 ], [ 126.9469357270644, 37.586572916997937 ], [ 126.946906434964404, 37.586558893128057 ], [ 126.946881254314178, 37.586545817188508 ], [ 126.946777671876902, 37.586341993343567 ], [ 126.946709526963929, 37.586214580411088 ], [ 126.946689113012241, 37.586139717064903 ], [ 126.946539338653324, 37.586043431172108 ], [ 126.946401488226016, 37.585958755348109 ], [ 126.946310797121924, 37.585903041079014 ], [ 126.946277422463311, 37.585883266855113 ], [ 126.946239874506361, 37.585859012769895 ], [ 126.946209093851408, 37.585840591219373 ], [ 126.946160657151452, 37.585810998172661 ], [ 126.946133384514226, 37.585794992888296 ], [ 126.946075182566574, 37.585759601887766 ], [ 126.946005301741081, 37.585717222729393 ], [ 126.945988892833611, 37.585706808629638 ], [ 126.945954885739638, 37.585686655602572 ], [ 126.945946873632124, 37.585680101666732 ], [ 126.945843157201509, 37.585814768140111 ], [ 126.94574771194138, 37.585939086104659 ], [ 126.945677452070072, 37.586025250164077 ], [ 126.945628609328637, 37.586086088613094 ], [ 126.945585885221988, 37.586094988132629 ], [ 126.945528028387386, 37.586067462630204 ], [ 126.945418210264478, 37.58601677511129 ], [ 126.945378011340921, 37.58602515318421 ], [ 126.945353132144504, 37.586030367064822 ], [ 126.945278677942127, 37.586047522418028 ], [ 126.945262575803, 37.586067309394764 ], [ 126.945246162657767, 37.586106179091637 ], [ 126.945245530879532, 37.58611973862061 ], [ 126.945249394800385, 37.586174205029209 ], [ 126.945270354096721, 37.586352988535161 ], [ 126.94528442700333, 37.586458662801647 ], [ 126.945308146560478, 37.586502191690506 ], [ 126.945346577968976, 37.586572730106035 ], [ 126.945150710730715, 37.586642940624024 ], [ 126.945154022451092, 37.586651888989486 ], [ 126.945199895444091, 37.586715286190532 ], [ 126.945224336791156, 37.586749066777791 ], [ 126.945194502857731, 37.58674975531509 ], [ 126.945178917892619, 37.586802680763675 ], [ 126.945181742631704, 37.58682684653715 ], [ 126.945170170132911, 37.586933878064229 ], [ 126.945125518085263, 37.586916287528517 ], [ 126.945079520799794, 37.586955953946401 ], [ 126.945010261297028, 37.587018025725854 ], [ 126.945038016781226, 37.587041095221778 ], [ 126.944972828799735, 37.587081905674637 ], [ 126.944840428882785, 37.587141775716141 ], [ 126.944777539184827, 37.587164549439599 ], [ 126.944708828887926, 37.587190167441676 ], [ 126.944657802984679, 37.587232948681951 ], [ 126.944632526223316, 37.587254145695688 ], [ 126.944586932974602, 37.587284486916964 ], [ 126.944497296015058, 37.587344133921739 ], [ 126.944477085867916, 37.587344466531881 ], [ 126.944473872996653, 37.587220885847934 ], [ 126.944426879716801, 37.587231233469048 ], [ 126.944401798066423, 37.587234077458895 ], [ 126.944344559723831, 37.587241095454161 ], [ 126.94432664822979, 37.587242582412955 ], [ 126.944291558956721, 37.587245493609132 ], [ 126.944269058696932, 37.587249852477292 ], [ 126.944169845981378, 37.587259940402774 ], [ 126.944065674917198, 37.587270539393259 ], [ 126.944077785858397, 37.587348976049107 ], [ 126.944050605671165, 37.587387822311442 ], [ 126.943945524774563, 37.587331414483728 ], [ 126.943901571537765, 37.587317986378714 ], [ 126.943823743884224, 37.587376377255694 ], [ 126.943618200215681, 37.587553860794678 ], [ 126.943288474697681, 37.587835706953697 ], [ 126.943158668383347, 37.587947635299066 ], [ 126.943203730064738, 37.588136972555183 ], [ 126.943124122465449, 37.588227031707802 ], [ 126.943116157483388, 37.588234037431128 ], [ 126.943023227631343, 37.588315827889296 ], [ 126.942950284919746, 37.588380004924332 ], [ 126.942886326032692, 37.588437275821072 ], [ 126.942812454866583, 37.588502632598733 ], [ 126.942712841424779, 37.588589410941296 ], [ 126.942631342932884, 37.588660953570731 ], [ 126.942627126624856, 37.588668006179766 ], [ 126.942490813719999, 37.588787904244612 ], [ 126.942395142385436, 37.588869836986746 ], [ 126.94238046002134, 37.588882218175087 ], [ 126.942306791391829, 37.588946628698309 ], [ 126.942233111334474, 37.589011012139508 ], [ 126.942145927320823, 37.589056468059113 ], [ 126.94197981589457, 37.589199136441913 ], [ 126.941803191729832, 37.589350827137984 ], [ 126.941258208254411, 37.589818882103074 ], [ 126.941633595264605, 37.590041616384909 ], [ 126.941627893889361, 37.590091708245488 ], [ 126.941514581963389, 37.590212869188903 ], [ 126.941513778503875, 37.590213733725832 ], [ 126.941359201693217, 37.590242937051471 ], [ 126.941286380208666, 37.590264974041816 ], [ 126.941226002800775, 37.590301613296539 ], [ 126.941036864868792, 37.590505679674102 ], [ 126.94101329859005, 37.590524678373995 ], [ 126.940977164270166, 37.590543670623795 ], [ 126.940914642067426, 37.590569046308751 ], [ 126.940724204948225, 37.59046279436491 ], [ 126.940544069663801, 37.590690965922782 ], [ 126.9404064132884, 37.590865325364362 ], [ 126.940355897847155, 37.590928548321997 ], [ 126.940265469768477, 37.591046034875816 ], [ 126.940148305325096, 37.59119513201955 ], [ 126.940166826498114, 37.591210818779295 ], [ 126.940181336413161, 37.591219178447069 ], [ 126.94031943923278, 37.591300293691745 ], [ 126.940458853593654, 37.591330035312332 ], [ 126.940486879748406, 37.591286712448451 ], [ 126.94052864739956, 37.591302627404616 ], [ 126.94060508812683, 37.59132870533012 ], [ 126.940631166537528, 37.591353685067183 ], [ 126.940652669414703, 37.5913662198423 ], [ 126.940649404897087, 37.591410943032571 ], [ 126.940679942193754, 37.591481866259961 ], [ 126.940676163511625, 37.591504488034275 ], [ 126.940717434908407, 37.591547441213372 ], [ 126.940833758461153, 37.591498956026172 ], [ 126.940814499403729, 37.591470024519445 ], [ 126.940855747110447, 37.591455747099822 ], [ 126.940859505777922, 37.591470272902377 ], [ 126.940867247614236, 37.591487783010322 ], [ 126.940876999230909, 37.591609961523815 ], [ 126.940904004698822, 37.591608984311527 ], [ 126.94097051870925, 37.591617550771936 ], [ 126.941342486239179, 37.591667619488966 ], [ 126.941447002831879, 37.591686025779559 ], [ 126.941569364593974, 37.59170522489859 ], [ 126.941676402166536, 37.591727335312633 ], [ 126.941856786380527, 37.591815915916307 ], [ 126.941860960131649, 37.591886609269324 ], [ 126.942060828707511, 37.592109565020415 ], [ 126.942140678220284, 37.5923218474164 ], [ 126.942380591679282, 37.592502374669799 ], [ 126.942580387000675, 37.592820838328976 ], [ 126.94262032954299, 37.59290575531783 ], [ 126.943420341298079, 37.593139618455844 ], [ 126.943553127864902, 37.592641651128346 ], [ 126.943608875150645, 37.592547789610975 ], [ 126.94370585718967, 37.592384488677226 ], [ 126.943731253400784, 37.59234172237251 ], [ 126.943790016180827, 37.592241120174279 ], [ 126.943801229352204, 37.592223277155824 ], [ 126.943964351994296, 37.591963702091412 ], [ 126.943963930548918, 37.591953718977784 ], [ 126.944127698053251, 37.59189977568532 ], [ 126.944140984138599, 37.591895403359644 ], [ 126.944347396509656, 37.591821893080009 ], [ 126.944598294588531, 37.591632131844534 ] ] ] } },
{ "type": "Feature", "properties": { "OBJECTID": 3903, "ID": "중심지_46", "CODE": "ZON530", "ENT_NAME": "중심지", "JOSER_ID": null, "GOSI_ID": null, "LABEL": "신촌지역중심(서북권)", "GOSI_DATE": null }, "geometry": { "type": "Polygon", "coordinates": [ [ [ 126.927602704497488, 37.55903756507098 ], [ 126.927763192182653, 37.558954504098189 ], [ 126.92795312730469, 37.558988752067904 ], [ 126.928037281669958, 37.55882057171042 ], [ 126.928132580882249, 37.558737118260275 ], [ 126.928153097088412, 37.558715786567724 ], [ 126.928332809440803, 37.558834675540375 ], [ 126.928458258211549, 37.558714732415247 ], [ 126.928444572648175, 37.558647672305675 ], [ 126.928980693388908, 37.558473589318311 ], [ 126.929058174842581, 37.558518668349969 ], [ 126.929639561721004, 37.558345727362934 ], [ 126.930068803864955, 37.558137192550021 ], [ 126.930449948278394, 37.557933420493939 ], [ 126.930568298855547, 37.557931040975461 ], [ 126.930648622843151, 37.557951920093757 ], [ 126.930868497274858, 37.558088326540613 ], [ 126.930896679331568, 37.55808712706353 ], [ 126.931361398813522, 37.557634215300901 ], [ 126.931982104826218, 37.557471602435889 ], [ 126.932711380720207, 37.557279244876931 ], [ 126.932897710786051, 37.557292048254538 ], [ 126.932967245882111, 37.557573467741719 ], [ 126.933088130297591, 37.55753466646037 ], [ 126.93378919083861, 37.557278162448789 ], [ 126.934003215214943, 37.55720298029221 ], [ 126.934092972357746, 37.557168775947808 ], [ 126.934174406493469, 37.557138386985081 ], [ 126.934468700619604, 37.557031471825056 ], [ 126.934532344416667, 37.557050500812608 ], [ 126.934538277646766, 37.557058676155968 ], [ 126.934553295078288, 37.557086209912342 ], [ 126.934567260487725, 37.557110661685037 ], [ 126.934659150074467, 37.557273405477787 ], [ 126.934711072813855, 37.557363155428 ], [ 126.934739153961218, 37.557412518521893 ], [ 126.934784554854659, 37.557494354059152 ], [ 126.934869718394822, 37.557648002889955 ], [ 126.934871330451983, 37.557655139638449 ], [ 126.934844382930578, 37.557693668765495 ], [ 126.934682035206222, 37.557752429630362 ], [ 126.933889413002106, 37.558034708878864 ], [ 126.933453903933312, 37.558192493122284 ], [ 126.933346014131374, 37.558223239320384 ], [ 126.933367449262732, 37.558259848090671 ], [ 126.933397113493243, 37.558311377487655 ], [ 126.933485431631652, 37.558461275591931 ], [ 126.933512843076841, 37.558506128228338 ], [ 126.933558890888349, 37.55856777702153 ], [ 126.933574580548907, 37.558587815048909 ], [ 126.933638020314078, 37.558664541966237 ], [ 126.933789401342892, 37.558773742334338 ], [ 126.933994160061886, 37.558884980448198 ], [ 126.934150602687083, 37.558939620219867 ], [ 126.934275355206125, 37.558974728110073 ], [ 126.934466067314887, 37.559034447832211 ], [ 126.934482886329022, 37.559073997306456 ], [ 126.93449020003996, 37.559110466305434 ], [ 126.934511591690594, 37.559147247828065 ], [ 126.93465832745909, 37.559159377237044 ], [ 126.935094254327183, 37.559199960572947 ], [ 126.93546006207815, 37.55923164636507 ], [ 126.935849464231609, 37.55926867800612 ], [ 126.936021368330231, 37.559284189416694 ], [ 126.936236688006161, 37.559299319143179 ], [ 126.936409117621821, 37.559310676718255 ], [ 126.936575934111218, 37.559331932828727 ], [ 126.936712843255364, 37.559334972305422 ], [ 126.936780874962125, 37.559336009723054 ], [ 126.937032084193191, 37.559298134440134 ], [ 126.937402175551355, 37.559311751715811 ], [ 126.937402946796112, 37.559297957985663 ], [ 126.937442650236008, 37.559297357855243 ], [ 126.93779205406436, 37.559309349909554 ], [ 126.937862571905626, 37.559314829923835 ], [ 126.93796319364192, 37.559320785608072 ], [ 126.937969122406187, 37.559321545630276 ], [ 126.938111014501473, 37.559320964189865 ], [ 126.938246638209193, 37.559319721497822 ], [ 126.93828452858223, 37.559320408527746 ], [ 126.938314700556745, 37.559322010423493 ], [ 126.93835993837962, 37.559321457996447 ], [ 126.938457286705784, 37.559318419633613 ], [ 126.938544119666517, 37.559315339543197 ], [ 126.93855852760953, 37.559314923761534 ], [ 126.93864288053615, 37.559313536136301 ], [ 126.938733412735075, 37.559311106588886 ], [ 126.938813016087408, 37.559306391665281 ], [ 126.938913896332636, 37.559299696784251 ], [ 126.938979782104198, 37.559295406949275 ], [ 126.939036987432786, 37.559302915446771 ], [ 126.939187653678346, 37.559298877555513 ], [ 126.939291337949598, 37.55929549046359 ], [ 126.939419956915387, 37.559291611842774 ], [ 126.939706258864689, 37.559283986527817 ], [ 126.939910853403802, 37.55929634691163 ], [ 126.940081187983637, 37.559307130408015 ], [ 126.940162512966367, 37.55931311922555 ], [ 126.940177474358237, 37.559314064028072 ], [ 126.940261415495158, 37.559319333344966 ], [ 126.940286595228059, 37.559320923136944 ], [ 126.940402844065815, 37.559330578901992 ], [ 126.940412771436684, 37.55923294380802 ], [ 126.940413808524525, 37.559222781183088 ], [ 126.940419704794294, 37.559167715755336 ], [ 126.940750277095276, 37.559179346934158 ], [ 126.940944587387591, 37.559185672613857 ], [ 126.940972327321177, 37.559185686841353 ], [ 126.941217055319427, 37.559195939199263 ], [ 126.941364153145685, 37.559197014328575 ], [ 126.941174733648609, 37.559243480814366 ], [ 126.941145987331467, 37.559242321863188 ], [ 126.941219659205913, 37.559307320851815 ], [ 126.941203873933645, 37.559375094229111 ], [ 126.941198887075799, 37.559396427112674 ], [ 126.941195389509616, 37.55941230977048 ], [ 126.941247439384284, 37.559413399517986 ], [ 126.941312302334183, 37.559411495481541 ], [ 126.941369285635318, 37.559414020264008 ], [ 126.941433411381581, 37.559416854990197 ], [ 126.941444150494135, 37.559417337978893 ], [ 126.941499697628473, 37.559419789888587 ], [ 126.941503840178569, 37.559488663629779 ], [ 126.942544251793834, 37.559494566764059 ], [ 126.94254961171761, 37.559428770179274 ], [ 126.942728338550921, 37.55943457157597 ], [ 126.942727407885329, 37.559596343772412 ], [ 126.9434128970111, 37.559596683093652 ], [ 126.943413004514909, 37.559458237104003 ], [ 126.943412791639759, 37.559440874931873 ], [ 126.94341437263941, 37.559387077627335 ], [ 126.943510199320485, 37.559374348712723 ], [ 126.943543042759202, 37.559287887870759 ], [ 126.944205525808513, 37.559413547941155 ], [ 126.94420826791206, 37.559394610472914 ], [ 126.945275936742973, 37.559393943559968 ], [ 126.945504040572786, 37.55940508911236 ], [ 126.945532979095063, 37.559331050509435 ], [ 126.945542866022265, 37.559336028658976 ], [ 126.945561855703403, 37.559247407320733 ], [ 126.945547232007684, 37.55915957192996 ], [ 126.945593025115102, 37.559160894657076 ], [ 126.945696254153773, 37.558005662167332 ], [ 126.945751717530271, 37.557378150804915 ], [ 126.945752467901642, 37.556371172420562 ], [ 126.945653033738608, 37.55630095992327 ], [ 126.945524813632701, 37.556293330874844 ], [ 126.945507384889268, 37.556293322608816 ], [ 126.945508527967135, 37.556232803653735 ], [ 126.945426815171203, 37.556280039810389 ], [ 126.945354708805553, 37.556301178800091 ], [ 126.945334215307383, 37.55631324231647 ], [ 126.945238102591503, 37.556350767827226 ], [ 126.94521383989337, 37.556363469228863 ], [ 126.945186009733177, 37.556362924371093 ], [ 126.945170379436135, 37.556350717509098 ], [ 126.945175783064769, 37.556298660886917 ], [ 126.945095768966297, 37.556297541492484 ], [ 126.945058872040732, 37.556300587221983 ], [ 126.944921144088468, 37.556296196535442 ], [ 126.944876430359002, 37.556308068162735 ], [ 126.944864013965784, 37.556266346370023 ], [ 126.944786861523596, 37.556224142995951 ], [ 126.944783468122338, 37.556220267108607 ], [ 126.944677495882914, 37.556126242887018 ], [ 126.944594053846188, 37.556169900705406 ], [ 126.944558056053708, 37.556167838098681 ], [ 126.944505487210307, 37.556195734408256 ], [ 126.942908488351335, 37.556103375900761 ], [ 126.942557241018292, 37.556077612917854 ], [ 126.942052663482144, 37.556041653653928 ], [ 126.94137203327746, 37.55599405199721 ], [ 126.941185039890811, 37.555961142544213 ], [ 126.940856684874561, 37.555856387392218 ], [ 126.94058163725505, 37.555763011322121 ], [ 126.939681437987545, 37.555460990968903 ], [ 126.938545007225926, 37.555082515118691 ], [ 126.938101249294505, 37.554936623559009 ], [ 126.937665311438764, 37.55436571044676 ], [ 126.937654730973449, 37.554258432825783 ], [ 126.937775523079054, 37.553481727310732 ], [ 126.93778089117238, 37.553412074641898 ], [ 126.937186499376509, 37.553126832115034 ], [ 126.937037985334726, 37.553052213974354 ], [ 126.937045048907677, 37.553010664152012 ], [ 126.937060513780338, 37.552912996219675 ], [ 126.937066668574872, 37.552874085801051 ], [ 126.937070316420773, 37.552843364017015 ], [ 126.937076002768308, 37.552810931463313 ], [ 126.937086127262432, 37.552749939932546 ], [ 126.937092836576511, 37.552713633676554 ], [ 126.937097127213988, 37.552684209667859 ], [ 126.937100804211823, 37.552659037999263 ], [ 126.937110813403592, 37.552600479076247 ], [ 126.937115140225913, 37.552569757659739 ], [ 126.937119337320567, 37.552533287852611 ], [ 126.93715070492317, 37.552403364101018 ], [ 126.937177403176648, 37.552283907304343 ], [ 126.937182298114124, 37.552250483221549 ], [ 126.937228647772244, 37.55210863848928 ], [ 126.937275650556131, 37.551971686469642 ], [ 126.937388138233459, 37.551603728978655 ], [ 126.937388820029653, 37.551546309213599 ], [ 126.937390337007045, 37.551506044764096 ], [ 126.93730457922419, 37.55142717949564 ], [ 126.937269932413145, 37.55139531062887 ], [ 126.937212071904369, 37.551342291870569 ], [ 126.937165244184115, 37.551300955936156 ], [ 126.937140902601456, 37.551275426611198 ], [ 126.937107005826704, 37.551238755824237 ], [ 126.937044760012455, 37.551191410832125 ], [ 126.937034391317027, 37.551201103434614 ], [ 126.936617583096591, 37.550767500337045 ], [ 126.933810284335678, 37.55284112528755 ], [ 126.933506672141675, 37.55249411272063 ], [ 126.932960584121858, 37.552886448581695 ], [ 126.930276388430499, 37.55481467092811 ], [ 126.929530235717721, 37.553836645822742 ], [ 126.928334124948421, 37.553235150039356 ], [ 126.926242660730281, 37.552742629745126 ], [ 126.924785944366619, 37.553064059291188 ], [ 126.924741848581164, 37.553047082999832 ], [ 126.924380280885529, 37.552910058998414 ], [ 126.924233027877577, 37.552864345569596 ], [ 126.924159630857929, 37.552749817667163 ], [ 126.924096026144795, 37.552677210212686 ], [ 126.923786885391365, 37.552496574772029 ], [ 126.923414993512594, 37.55202529695805 ], [ 126.923010324006327, 37.550873411240289 ], [ 126.922910694578391, 37.550819209835218 ], [ 126.921145167745294, 37.550856567539093 ], [ 126.920480854619584, 37.550882862127374 ], [ 126.919039714060901, 37.551996631159476 ], [ 126.91774113562515, 37.553100460984055 ], [ 126.916999311516989, 37.553858121058894 ], [ 126.918094780197563, 37.554319008728008 ], [ 126.91879342817775, 37.554816608926593 ], [ 126.919165411158929, 37.555463761758517 ], [ 126.919772789619984, 37.555655307197263 ], [ 126.920001711379697, 37.555724450651141 ], [ 126.920224133566848, 37.555792989126722 ], [ 126.920490909636399, 37.555873180397022 ], [ 126.920823523180161, 37.555978986168377 ], [ 126.921173037300534, 37.556083189730401 ], [ 126.921265415171803, 37.556110525515088 ], [ 126.921379806029151, 37.556145678741622 ], [ 126.921456911503583, 37.556178103612844 ], [ 126.921492913260892, 37.556197030785157 ], [ 126.921533833774063, 37.556221051871177 ], [ 126.921551166624781, 37.556236641725611 ], [ 126.921608663491767, 37.556306453305176 ], [ 126.921678074221845, 37.556422989235564 ], [ 126.921725749558519, 37.556500749854891 ], [ 126.921877364319769, 37.556749525399191 ], [ 126.921934848045552, 37.556757853262447 ], [ 126.922014030204849, 37.556688890785267 ], [ 126.922076198762355, 37.556940818736969 ], [ 126.92254794435982, 37.557283278825231 ], [ 126.923049164491914, 37.557834750160197 ], [ 126.923202778269456, 37.557942922246362 ], [ 126.923498804730215, 37.558349442895221 ], [ 126.923866339818417, 37.55845173665432 ], [ 126.924607059295298, 37.558996711036492 ], [ 126.925075953532087, 37.559325909108843 ], [ 126.925449332148617, 37.558950610635897 ], [ 126.925528911796604, 37.559080016934224 ], [ 126.925769051908929, 37.559460902336262 ], [ 126.925908652378354, 37.559678851043678 ], [ 126.926001744032959, 37.559655475884796 ], [ 126.926611560802471, 37.559633501768936 ], [ 126.926668499531175, 37.559625944338478 ], [ 126.927042390422145, 37.559609584536858 ], [ 126.927016039823087, 37.559385978384661 ], [ 126.927452395516298, 37.55936549410923 ], [ 126.927328973851274, 37.559206373971207 ], [ 126.927602704497488, 37.55903756507098 ] ] ] } },
{ "type": "Feature", "properties": { "OBJECTID": 3904, "ID": "중심지_50", "CODE": "ZON530", "ENT_NAME": "중심지", "JOSER_ID": null, "GOSI_ID": null, "LABEL": "성수지역중심(동북권)", "GOSI_DATE": null }, "geometry": { "type": "Polygon", "coordinates": [ [ [ 127.062496437064866, 37.547968330403172 ], [ 127.062600234313308, 37.54796166258194 ], [ 127.063027286260294, 37.547965855770912 ], [ 127.063593826807647, 37.547980210334373 ], [ 127.064028034811543, 37.547990685061244 ], [ 127.064119630604779, 37.54799446575241 ], [ 127.064449594946083, 37.548005237412887 ], [ 127.064494283346775, 37.548006492095723 ], [ 127.064791023970741, 37.548016280415311 ], [ 127.065192437971191, 37.548027777537513 ], [ 127.06527286354995, 37.548030023562617 ], [ 127.065548475163155, 37.548052020805642 ], [ 127.06603884782038, 37.548091118202485 ], [ 127.066478600699099, 37.54812651041474 ], [ 127.066584719275284, 37.548134769041077 ], [ 127.067090088594526, 37.548175799047485 ], [ 127.067350704460225, 37.548155869178906 ], [ 127.067364618965243, 37.548153500823915 ], [ 127.067318357068416, 37.548071950865051 ], [ 127.067310717332234, 37.548057538361036 ], [ 127.067280241575389, 37.548004379734635 ], [ 127.066905911903405, 37.547339234361004 ], [ 127.066620566683497, 37.546844114348303 ], [ 127.066615734778921, 37.546844117012007 ], [ 127.066438264977634, 37.546528750573735 ], [ 127.066251968088139, 37.546196414911002 ], [ 127.066150498342111, 37.546014861229565 ], [ 127.065853586296114, 37.545491066113392 ], [ 127.065725169156764, 37.545258258493782 ], [ 127.06563986640252, 37.545108413163128 ], [ 127.065601936567901, 37.54504268838793 ], [ 127.065466335477424, 37.544796542480974 ], [ 127.065127017963576, 37.544199634874076 ], [ 127.065830913936011, 37.54396019166078 ], [ 127.065929258783612, 37.543928075364683 ], [ 127.066068714542126, 37.543880984561746 ], [ 127.066194697302208, 37.543838432962623 ], [ 127.066318769305241, 37.543796540902427 ], [ 127.066422479269136, 37.543761516452854 ], [ 127.066453836586291, 37.543750931480517 ], [ 127.066551211627015, 37.543718054761605 ], [ 127.066685237904508, 37.543672792529705 ], [ 127.066748371443822, 37.543652070899491 ], [ 127.066874795569845, 37.543609179556661 ], [ 127.06698983960348, 37.543570165950399 ], [ 127.067107326925679, 37.543530322863205 ], [ 127.067206884479361, 37.543496543398504 ], [ 127.067239474551101, 37.543485496223575 ], [ 127.067344959525101, 37.543449732062072 ], [ 127.06746803460932, 37.543407983506526 ], [ 127.067529756978843, 37.543387605523826 ], [ 127.06765419686964, 37.543344998266619 ], [ 127.067756389334946, 37.543309992414009 ], [ 127.0677861398365, 37.54329980262299 ], [ 127.067886545780183, 37.54326513913599 ], [ 127.067961078980005, 37.543239400933729 ], [ 127.067998023733892, 37.543226640115115 ], [ 127.068030794378828, 37.543215324124148 ], [ 127.068132115228721, 37.543180343664446 ], [ 127.068247376784996, 37.543140565567789 ], [ 127.068309020742632, 37.543120296241369 ], [ 127.068428456079616, 37.543080211972658 ], [ 127.068548555292935, 37.54303989565117 ], [ 127.068650633299271, 37.543005627000639 ], [ 127.068680281728604, 37.542995446952872 ], [ 127.068787868915933, 37.542958499103918 ], [ 127.068927356554525, 37.542910603918692 ], [ 127.069028360018294, 37.542875928306003 ], [ 127.069111700724321, 37.542848157108772 ], [ 127.069280365208499, 37.542791011435803 ], [ 127.06932260369058, 37.54277670646799 ], [ 127.069448391462132, 37.542734098344589 ], [ 127.069573466447039, 37.542691733765594 ], [ 127.069605252678429, 37.542680957598371 ], [ 127.069707398439405, 37.542646364537454 ], [ 127.069737568184962, 37.542636147883016 ], [ 127.069832836236756, 37.542603873334855 ], [ 127.069953181329353, 37.542563113953825 ], [ 127.070015136497091, 37.542541438908195 ], [ 127.070111184763164, 37.542508836622375 ], [ 127.070228486620607, 37.542469035581469 ], [ 127.070259210480671, 37.542458610341903 ], [ 127.070356015287615, 37.542425748831498 ], [ 127.07047079549271, 37.542386795951842 ], [ 127.070597814859838, 37.542343690337049 ], [ 127.070795210960441, 37.542276692258483 ], [ 127.070758912295659, 37.542199093976983 ], [ 127.070715568529963, 37.542106461351871 ], [ 127.070672928952234, 37.542015350973706 ], [ 127.070818842214067, 37.541971576328891 ], [ 127.070957166049382, 37.541930077367553 ], [ 127.070992581625831, 37.541916811052303 ], [ 127.071116869777526, 37.541882482146633 ], [ 127.072060252322601, 37.541621848301688 ], [ 127.071925955536884, 37.541333560477668 ], [ 127.072973386472469, 37.541016249695417 ], [ 127.072274573085394, 37.539536402996433 ], [ 127.072970706818296, 37.539297779457058 ], [ 127.073163599975729, 37.539250028017456 ], [ 127.073236992948154, 37.539231854598334 ], [ 127.073745652092029, 37.53910565881997 ], [ 127.074060930525732, 37.539027663966316 ], [ 127.074213043568378, 37.538990035980625 ], [ 127.074334038723961, 37.53896180542138 ], [ 127.074354932154932, 37.538956755988536 ], [ 127.074631771205304, 37.538888342842334 ], [ 127.074512894135864, 37.538581998694553 ], [ 127.074453805502856, 37.538555364917919 ], [ 127.07430217163548, 37.538072166883921 ], [ 127.074052140238692, 37.537275572780302 ], [ 127.073696791029278, 37.53614333245433 ], [ 127.07373460997735, 37.536056182406384 ], [ 127.073706127882403, 37.536005105404158 ], [ 127.073532659270242, 37.536066307647005 ], [ 127.073430643034015, 37.536094993457844 ], [ 127.072976842606337, 37.53625134342802 ], [ 127.072664189861342, 37.536358332298619 ], [ 127.072468665945905, 37.536428240842632 ], [ 127.071163814509745, 37.536868044389735 ], [ 127.071006819149559, 37.536920826034432 ], [ 127.070397794300661, 37.537127329988039 ], [ 127.070219231172345, 37.537181178223634 ], [ 127.069764116783958, 37.537338074304174 ], [ 127.069668210058197, 37.537371138461637 ], [ 127.069561592369666, 37.537406078272923 ], [ 127.069509702840733, 37.537430966551021 ], [ 127.069442003928003, 37.537460074239519 ], [ 127.069428992774121, 37.537465668778765 ], [ 127.069508960634224, 37.53763413185461 ], [ 127.069619269925795, 37.537838575645225 ], [ 127.068799015459518, 37.538098611902157 ], [ 127.068805957481928, 37.538113023831229 ], [ 127.068675942484163, 37.538157391541915 ], [ 127.068598031139445, 37.538183978166693 ], [ 127.068553702643499, 37.538199112985346 ], [ 127.068426564904243, 37.538242487695705 ], [ 127.068301304692895, 37.538285238621263 ], [ 127.068174732231356, 37.538328430739774 ], [ 127.068047504698001, 37.538371840230674 ], [ 127.068005031023972, 37.538386344004181 ], [ 127.067864566865239, 37.538434265712404 ], [ 127.067723504171539, 37.538482403827061 ], [ 127.067580721973755, 37.538531119370099 ], [ 127.067307848260015, 37.53862416404381 ], [ 127.067190289734071, 37.538664233549696 ], [ 127.067054870491702, 37.538710402660762 ], [ 127.066829853852184, 37.538787137821906 ], [ 127.066851921593639, 37.538828070326133 ], [ 127.065387175991077, 37.539324784214472 ], [ 127.065250804017509, 37.539369647130492 ], [ 127.064775966496413, 37.539531557614247 ], [ 127.062856839845267, 37.540185920205985 ], [ 127.062855285193976, 37.540183182897366 ], [ 127.05635567029276, 37.542138332881748 ], [ 127.056373598772979, 37.542180892832064 ], [ 127.05646932333525, 37.542408971435925 ], [ 127.056501299512192, 37.54248649503522 ], [ 127.056532753637583, 37.542560281552682 ], [ 127.056661828111643, 37.542868801235443 ], [ 127.056761205742504, 37.543105860760178 ], [ 127.056820136129673, 37.543245143664763 ], [ 127.056857251393581, 37.543338028465371 ], [ 127.056874435794484, 37.543378925448195 ], [ 127.056896881402977, 37.543432937503532 ], [ 127.056947459359833, 37.543554044037229 ], [ 127.056967761112517, 37.543602372725395 ], [ 127.056996088780792, 37.54367033025418 ], [ 127.057035242254059, 37.543764555611432 ], [ 127.057055362871793, 37.543812613169344 ], [ 127.057073795235453, 37.543857609046157 ], [ 127.05713521101255, 37.544003604797673 ], [ 127.057270964781267, 37.544431187564264 ], [ 127.057295112601579, 37.54452131138364 ], [ 127.05733292088874, 37.544663325868747 ], [ 127.057344290629771, 37.544705567999678 ], [ 127.057364841099101, 37.544783168814327 ], [ 127.057365444163267, 37.54478612378216 ], [ 127.057366259968674, 37.5447890885603 ], [ 127.057381849731556, 37.544845492281482 ], [ 127.057384220783092, 37.544853644234344 ], [ 127.057413794768408, 37.54496806610431 ], [ 127.057437073332423, 37.545046836900816 ], [ 127.057458079844992, 37.545127240463998 ], [ 127.057500995669059, 37.545289119327897 ], [ 127.057543923992213, 37.545450818868417 ], [ 127.05758058842703, 37.545588778430677 ], [ 127.057605338897119, 37.545681794065615 ], [ 127.057627591044351, 37.545765937014437 ], [ 127.057664777889997, 37.545905996506228 ], [ 127.057677215247608, 37.545952976403228 ], [ 127.057707379014559, 37.546066523034597 ], [ 127.057744950511506, 37.546207574302585 ], [ 127.057764366387502, 37.546280067846702 ], [ 127.057777995055687, 37.546331066485855 ], [ 127.057789808320891, 37.546375569839149 ], [ 127.057802108670415, 37.546420721672654 ], [ 127.057821391177299, 37.546494782993513 ], [ 127.057872911290914, 37.546690210504266 ], [ 127.057914616603867, 37.546848593003951 ], [ 127.057924616899996, 37.546888169683335 ], [ 127.057958108794978, 37.547020365165253 ], [ 127.057989389776623, 37.547145208701039 ], [ 127.058008161896979, 37.547218729631368 ], [ 127.058034528044075, 37.547323484295035 ], [ 127.058064253895296, 37.547441590935271 ], [ 127.058105092253697, 37.547603181291421 ], [ 127.058118780633691, 37.547657694618195 ], [ 127.058137007255709, 37.547729296671463 ], [ 127.058168162263854, 37.547851375062685 ], [ 127.058187831226405, 37.54792822018311 ], [ 127.058217885270309, 37.5480457220497 ], [ 127.058255737591097, 37.548194880992313 ], [ 127.058264862378181, 37.548229979226832 ], [ 127.058290877211348, 37.548333112199572 ], [ 127.058318015453352, 37.548440245025382 ], [ 127.058323849061793, 37.54846276699957 ], [ 127.058356572925405, 37.54859354814581 ], [ 127.058443145619037, 37.548568674226296 ], [ 127.058501693989257, 37.548551627165459 ], [ 127.05860697878488, 37.548520473195872 ], [ 127.058682468418297, 37.548504733301058 ], [ 127.05882274351319, 37.548474608246295 ], [ 127.058997368424087, 37.548436663726108 ], [ 127.059185491345332, 37.548396108491986 ], [ 127.059304303692471, 37.548370264042362 ], [ 127.059408937271968, 37.548347958310508 ], [ 127.059558013676778, 37.548315151221708 ], [ 127.059602772987361, 37.548305570598203 ], [ 127.059660000178198, 37.548292748360169 ], [ 127.05969857060262, 37.548284556471842 ], [ 127.059771868780487, 37.548274402204456 ], [ 127.059888888418641, 37.548257477863849 ], [ 127.059955169949177, 37.548248030624926 ], [ 127.060002160546659, 37.54824113279868 ], [ 127.06010033960321, 37.548226820541586 ], [ 127.060157038156731, 37.548218296954019 ], [ 127.060197851218234, 37.548212825683414 ], [ 127.060215628024892, 37.548211725748139 ], [ 127.060418027953546, 37.548182073356848 ], [ 127.06046779055167, 37.548174705447138 ], [ 127.060559441672211, 37.548161054691448 ], [ 127.061190184790206, 37.548068214858191 ], [ 127.061234425543532, 37.548061569307521 ], [ 127.061850496460792, 37.54801326756148 ], [ 127.062154336619201, 37.547992463919002 ], [ 127.062278863004536, 37.547983272869743 ], [ 127.062393579642077, 37.547975744570465 ], [ 127.062496437064866, 37.547968330403172 ] ] ] } },
{ "type": "Feature", "properties": { "OBJECTID": 3873, "ID": "중심지_33", "CODE": "ZON540", "ENT_NAME": "중심지", "JOSER_ID": null, "GOSI_ID": null, "LABEL": "군자지구중심(동북권)", "GOSI_DATE": null }, "geometry": { "type": "Polygon", "coordinates": [ [ [ 127.077182849015045, 37.558873952231089 ], [ 127.07729565351481, 37.558829633196446 ], [ 127.077332292175726, 37.55889859754442 ], [ 127.077452639298798, 37.558848100837608 ], [ 127.077550079583418, 37.558810295682846 ], [ 127.077652464790475, 37.558770559141543 ], [ 127.077669741293178, 37.558763853648387 ], [ 127.077703126767048, 37.558750902912429 ], [ 127.077801279530362, 37.558712817783409 ], [ 127.077832470183623, 37.558700715358903 ], [ 127.077935874412148, 37.558660581477227 ], [ 127.078039786501549, 37.558620257967853 ], [ 127.078070489477739, 37.558608345004153 ], [ 127.078188339296403, 37.558562606389359 ], [ 127.078346837299705, 37.558501101828455 ], [ 127.078381592555417, 37.558487608514206 ], [ 127.078544683383214, 37.558424315836866 ], [ 127.078597913397559, 37.558439229419051 ], [ 127.078645379648634, 37.558525827670913 ], [ 127.078699580247317, 37.558624684869471 ], [ 127.078756026149662, 37.558727658094945 ], [ 127.078801313357147, 37.558810249202644 ], [ 127.078846629567565, 37.558886857702404 ], [ 127.078941003460869, 37.558849287665772 ], [ 127.079087328625022, 37.558792672557196 ], [ 127.079234694377661, 37.558735651136686 ], [ 127.079347114623033, 37.558692141285221 ], [ 127.079429552593865, 37.558660245047143 ], [ 127.07957492687936, 37.558603071346717 ], [ 127.07967554554871, 37.558563703623889 ], [ 127.07981099592115, 37.558510689762336 ], [ 127.080017923089031, 37.558429697570872 ], [ 127.080274719656728, 37.558330066328899 ], [ 127.080394297311727, 37.558283522477794 ], [ 127.080495776260861, 37.558244028242008 ], [ 127.080526615538218, 37.558232023548037 ], [ 127.080653365314106, 37.558182681566876 ], [ 127.080737330350274, 37.558150000430025 ], [ 127.080873413575617, 37.558096453338194 ], [ 127.080973668600322, 37.55805697663201 ], [ 127.081132774312024, 37.557994331770779 ], [ 127.081250586643279, 37.557947941408813 ], [ 127.08134882816185, 37.557910863276362 ], [ 127.081302264260401, 37.557833516855538 ], [ 127.081254355255652, 37.557745982031399 ], [ 127.081200787413891, 37.557648729326601 ], [ 127.081199868916258, 37.557647063115489 ], [ 127.081148104187022, 37.557553079760901 ], [ 127.081097009286751, 37.557460942959551 ], [ 127.081081474929192, 37.557433365122556 ], [ 127.081117891108605, 37.557419276129451 ], [ 127.081169692506236, 37.557398968928524 ], [ 127.081238146333007, 37.557372136307436 ], [ 127.08133541267047, 37.557334003782238 ], [ 127.081357687606868, 37.557325312191814 ], [ 127.081523353496053, 37.557260698203763 ], [ 127.081698191502809, 37.55719250983536 ], [ 127.081729381964564, 37.557180352319634 ], [ 127.081851264657288, 37.557132886409761 ], [ 127.08199293545853, 37.557077713337463 ], [ 127.08213532780249, 37.557022258493269 ], [ 127.082271103755275, 37.556969962367319 ], [ 127.082235512705736, 37.556903981090848 ], [ 127.082461951757878, 37.556814383923644 ], [ 127.082590113332927, 37.556763687400739 ], [ 127.082620069080917, 37.556751845843152 ], [ 127.082745535785577, 37.556702214169995 ], [ 127.082833922784872, 37.55666796167187 ], [ 127.082839329106051, 37.556665866751246 ], [ 127.082862362812492, 37.556656940096225 ], [ 127.082997752605266, 37.556604463200017 ], [ 127.083029688201705, 37.556592097597978 ], [ 127.083166593671564, 37.556539051837802 ], [ 127.083267309913168, 37.556500032361093 ], [ 127.083369632428585, 37.556460380991936 ], [ 127.083454102454908, 37.556427661525355 ], [ 127.083473870808035, 37.556382436134612 ], [ 127.083427952849163, 37.556308037222053 ], [ 127.083419201437465, 37.556293843691812 ], [ 127.083411978339981, 37.556282144842939 ], [ 127.083354600574694, 37.556189139396494 ], [ 127.083294556410081, 37.556091829035452 ], [ 127.08321772399789, 37.555967302343269 ], [ 127.082966660138609, 37.55556237357731 ], [ 127.08283789956046, 37.555350261152952 ], [ 127.08281296950129, 37.555309192272325 ], [ 127.082759307993314, 37.555220779011194 ], [ 127.082715920641917, 37.555149315292844 ], [ 127.082656001286068, 37.555134273907171 ], [ 127.082511791590605, 37.555190414493282 ], [ 127.082476687953346, 37.555204070545891 ], [ 127.082312917629793, 37.555267837664076 ], [ 127.08219677366462, 37.555313047668115 ], [ 127.082165120225696, 37.555325367805203 ], [ 127.082050932014852, 37.555369819498011 ], [ 127.082020116765776, 37.555381796648277 ], [ 127.081897377191751, 37.555429515605788 ], [ 127.081775292458573, 37.555476981713113 ], [ 127.081653241502778, 37.5555244296512 ], [ 127.081621316357641, 37.555536830915635 ], [ 127.081485564572318, 37.555589614626456 ], [ 127.081447066638788, 37.555527092163473 ], [ 127.081286143729017, 37.555588089887976 ], [ 127.081191842003264, 37.555624697709568 ], [ 127.081098625070211, 37.555660890269138 ], [ 127.080944954564913, 37.55572056719415 ], [ 127.080912477155209, 37.555733175865811 ], [ 127.080762584762383, 37.555791373289935 ], [ 127.080732458059217, 37.555803069433452 ], [ 127.080623257031263, 37.555845471149773 ], [ 127.080548685088672, 37.555874424842266 ], [ 127.080402761179101, 37.555929464786466 ], [ 127.080362748412696, 37.555945195765645 ], [ 127.080220322302182, 37.556001206217381 ], [ 127.080195513665572, 37.556010962451467 ], [ 127.080059445971457, 37.556066454907551 ], [ 127.080009364200038, 37.55608559009675 ], [ 127.079926476380066, 37.556117260001571 ], [ 127.079808855822904, 37.556162171305346 ], [ 127.079756701892677, 37.556147916173288 ], [ 127.079710156397951, 37.556062812465527 ], [ 127.079648040323008, 37.555949220729318 ], [ 127.079594439734407, 37.555849885999265 ], [ 127.07959243268202, 37.555846157227819 ], [ 127.079542280485484, 37.555753208211193 ], [ 127.079481890224656, 37.555644489596922 ], [ 127.079433257545148, 37.555555251606293 ], [ 127.07937229959245, 37.555443379841627 ], [ 127.079310424545639, 37.555329859835659 ], [ 127.079260804666049, 37.555238811429348 ], [ 127.079220099009603, 37.555163677629956 ], [ 127.079121328063223, 37.555201782385218 ], [ 127.07904163046544, 37.555232775636156 ], [ 127.079011390610574, 37.555244534485297 ], [ 127.078892292016889, 37.555290833377072 ], [ 127.078788984643651, 37.555330986073571 ], [ 127.078783939193173, 37.555332953533494 ], [ 127.07853086189813, 37.555431543016383 ], [ 127.078352551701954, 37.555501792241472 ], [ 127.078127665941167, 37.555588451422267 ], [ 127.078010431326902, 37.555633630985383 ], [ 127.077934363929529, 37.555662935383104 ], [ 127.077806926742525, 37.555713851642338 ], [ 127.077699250547965, 37.555754808086625 ], [ 127.077582975271767, 37.555799022546076 ], [ 127.077501318571223, 37.555830078185082 ], [ 127.077538174073936, 37.555847497629451 ], [ 127.077435397673341, 37.55588708117299 ], [ 127.07738449995513, 37.555906791506899 ], [ 127.077424658591553, 37.555955058760901 ], [ 127.07748921199456, 37.556032529412555 ], [ 127.077548098803476, 37.556103183182728 ], [ 127.07761170177443, 37.556179511021071 ], [ 127.077671121371353, 37.556250794176627 ], [ 127.077689353279965, 37.556272676472062 ], [ 127.077748650669719, 37.556343834428652 ], [ 127.077767471815548, 37.556366392073699 ], [ 127.077838665090482, 37.556452003189371 ], [ 127.077906823986027, 37.556533949195057 ], [ 127.07797400740526, 37.556614724504954 ], [ 127.078049008450918, 37.556704874013235 ], [ 127.078117009169588, 37.556786630788494 ], [ 127.078105190176018, 37.556828471413148 ], [ 127.077986507145482, 37.556874670001747 ], [ 127.077893050742844, 37.556911032268481 ], [ 127.077863782963846, 37.556922430697043 ], [ 127.07777031647457, 37.5569590073085 ], [ 127.077741195785109, 37.556970405611622 ], [ 127.077613767637061, 37.557020285507946 ], [ 127.077469390183396, 37.557076789434937 ], [ 127.077448710029643, 37.557084884613616 ], [ 127.0774085160661, 37.557100605695773 ], [ 127.077254657717631, 37.557160548223756 ], [ 127.077181145380649, 37.557189013471017 ], [ 127.077181226782258, 37.557269524964418 ], [ 127.077126132112369, 37.557290940742661 ], [ 127.077020818856099, 37.557332111282882 ], [ 127.076915901606313, 37.55737329048597 ], [ 127.076811108697484, 37.55741443347673 ], [ 127.076724270665821, 37.557448528209946 ], [ 127.076568252205092, 37.557510138047306 ], [ 127.076376142305989, 37.557584718687728 ], [ 127.07620637754593, 37.557650328144142 ], [ 127.07612891610195, 37.557680406201797 ], [ 127.076009379810515, 37.557726999772115 ], [ 127.075906350474057, 37.557767158766474 ], [ 127.075807269345674, 37.557805783504271 ], [ 127.075706072537187, 37.557845229388612 ], [ 127.075679397070473, 37.557855634556802 ], [ 127.075575234924159, 37.557896235457953 ], [ 127.075389742728234, 37.557968529933845 ], [ 127.075369356435999, 37.558011105438105 ], [ 127.075396932654584, 37.558062372519103 ], [ 127.075436570729678, 37.558136021635669 ], [ 127.075475688449913, 37.558208707004972 ], [ 127.075598383648611, 37.55843667957366 ], [ 127.075829379805029, 37.558850160714329 ], [ 127.075914769919734, 37.559007167437201 ], [ 127.075971134861177, 37.559110817781907 ], [ 127.076024630138932, 37.559209163080538 ], [ 127.076059257013526, 37.559272823161919 ], [ 127.076117812330864, 37.559292436762021 ], [ 127.076283180018194, 37.559227451916755 ], [ 127.076468085580956, 37.559154796028459 ], [ 127.076584601697633, 37.559109014814915 ], [ 127.076615532349848, 37.559096858818435 ], [ 127.076733395699108, 37.55905054501703 ], [ 127.076849538167608, 37.559004925957488 ], [ 127.076880762877764, 37.558992652575121 ], [ 127.076999245866389, 37.558946094844991 ], [ 127.077182849015045, 37.558873952231089 ] ] ] } },
{ "type": "Feature", "properties": { "OBJECTID": 3874, "ID": "중심지_65", "CODE": "ZON530", "ENT_NAME": "중심지", "JOSER_ID": null, "GOSI_ID": null, "LABEL": "봉천지역중심(서남권)", "GOSI_DATE": null }, "geometry": { "type": "Polygon", "coordinates": [ [ [ 126.956647635045442, 37.486515385090762 ], [ 126.95712841171401, 37.486326509691878 ], [ 126.957324051136752, 37.486330376239088 ], [ 126.957359486062799, 37.48633141662782 ], [ 126.957499923649408, 37.486338722084213 ], [ 126.957525521992125, 37.486339191127875 ], [ 126.957657842037335, 37.486345268012983 ], [ 126.957793860165893, 37.486350084717309 ], [ 126.958016677176659, 37.486360996987401 ], [ 126.957976551837845, 37.486298164433727 ], [ 126.957925062266824, 37.486217541918002 ], [ 126.957882146628009, 37.486150716867726 ], [ 126.957822420623685, 37.486059792823973 ], [ 126.957777482817164, 37.485990291013657 ], [ 126.957751929751296, 37.485951169105419 ], [ 126.957724568369883, 37.48593015663819 ], [ 126.957689758939111, 37.485903870547226 ], [ 126.957681915739613, 37.485897569641857 ], [ 126.957628417681377, 37.48584958950746 ], [ 126.957599563403221, 37.485829396367187 ], [ 126.957541539519823, 37.485786937645997 ], [ 126.957490451925864, 37.485754879030765 ], [ 126.957472934565686, 37.485741150259159 ], [ 126.957452300828663, 37.485720149245729 ], [ 126.95739127115624, 37.485655695897471 ], [ 126.957357972245916, 37.485618391030769 ], [ 126.957332875326685, 37.485573268534019 ], [ 126.957295080434093, 37.485509968091733 ], [ 126.957206112413402, 37.485330401317995 ], [ 126.957118085724829, 37.485165791441531 ], [ 126.956977985063986, 37.485051789122849 ], [ 126.956793114646231, 37.484950131432598 ], [ 126.95668400475455, 37.484819670188969 ], [ 126.956698463000336, 37.484805547978056 ], [ 126.956697914887883, 37.484776724747661 ], [ 126.956662275877093, 37.484758961504077 ], [ 126.956637999152704, 37.484742590107359 ], [ 126.956604162154974, 37.4847177456625 ], [ 126.956576969534993, 37.484699417972536 ], [ 126.9565491988578, 37.484664619757389 ], [ 126.956496818412674, 37.484603358770983 ], [ 126.956473388628069, 37.484532377989083 ], [ 126.956380308108834, 37.484522062047425 ], [ 126.956316611891495, 37.484514081859324 ], [ 126.956295409328405, 37.484481223248117 ], [ 126.956281269672203, 37.484454485134286 ], [ 126.956262947505067, 37.48442626777512 ], [ 126.95623501491508, 37.48437914372785 ], [ 126.95621245766867, 37.484342932857814 ], [ 126.956197296615244, 37.484303877656856 ], [ 126.956173669481487, 37.484242023877449 ], [ 126.956169740490921, 37.484232642948228 ], [ 126.956168095491577, 37.484204422962407 ], [ 126.956164533554187, 37.484167660750181 ], [ 126.956155326386622, 37.484080251097666 ], [ 126.95615261325753, 37.484042146718494 ], [ 126.956161303850479, 37.483955365625334 ], [ 126.956046414959346, 37.483831433811574 ], [ 126.955976958291004, 37.483758984589265 ], [ 126.955922520406375, 37.483698992957819 ], [ 126.955859956864842, 37.483633150663508 ], [ 126.955777756960188, 37.483544280155272 ], [ 126.955754435283481, 37.483520160333136 ], [ 126.95566317428424, 37.483420870659806 ], [ 126.955642678882569, 37.483397391622709 ], [ 126.955561125130671, 37.483306602078557 ], [ 126.955520493634992, 37.483263941880232 ], [ 126.955441640972538, 37.483175459866274 ], [ 126.955419242187091, 37.483158584386516 ], [ 126.955302036041303, 37.483019387967119 ], [ 126.955256368065051, 37.482967274202487 ], [ 126.955197822704264, 37.482877844908714 ], [ 126.955107371924257, 37.482787204725959 ], [ 126.95506512350795, 37.482745615923932 ], [ 126.954987091037182, 37.482667207116492 ], [ 126.954958964643964, 37.482625002144893 ], [ 126.954918816814356, 37.482532894971285 ], [ 126.954903361528267, 37.482514148047144 ], [ 126.95488682432881, 37.482489805475545 ], [ 126.954811904760689, 37.482406189989568 ], [ 126.954801214875971, 37.482396878419586 ], [ 126.954700998274461, 37.482267301787111 ], [ 126.954692435899091, 37.482273046783313 ], [ 126.954684972213883, 37.48227560266939 ], [ 126.954638776513349, 37.482291423955921 ], [ 126.954623222935609, 37.48226732500715 ], [ 126.954587056543886, 37.482209682599198 ], [ 126.954528368180561, 37.482116117309275 ], [ 126.954471202368865, 37.482028814554923 ], [ 126.95444874723654, 37.481994513497845 ], [ 126.954431917187122, 37.481968819241693 ], [ 126.954360067716323, 37.48185908465323 ], [ 126.954048423442785, 37.481576225606801 ], [ 126.954085176205766, 37.481563626344325 ], [ 126.954108245633066, 37.481555706789095 ], [ 126.95413097615743, 37.481547336592691 ], [ 126.954153480896252, 37.481538425700478 ], [ 126.954175533670622, 37.481529064122128 ], [ 126.954184264443853, 37.481525139253165 ], [ 126.954197360601967, 37.481519251948455 ], [ 126.954218848685954, 37.481508899034232 ], [ 126.954239884747963, 37.481498185534583 ], [ 126.954260581962131, 37.481486931294754 ], [ 126.954280940271417, 37.481475226415043 ], [ 126.954300846614927, 37.481463070850452 ], [ 126.954395738732927, 37.481408688237508 ], [ 126.954501612833837, 37.481348020927172 ], [ 126.954611309581196, 37.48128515659495 ], [ 126.95463879312139, 37.481269399974366 ], [ 126.954731524516291, 37.481216268624792 ], [ 126.954825171904432, 37.481162596962889 ], [ 126.954920447801669, 37.481107997836837 ], [ 126.954957148891324, 37.481086964906865 ], [ 126.955115376157579, 37.480996287276866 ], [ 126.955161996010844, 37.480969572857312 ], [ 126.95532974578154, 37.480873438603702 ], [ 126.955403011759998, 37.48083145351324 ], [ 126.955432079187617, 37.480813444820853 ], [ 126.955458999627879, 37.480793543180987 ], [ 126.955483546961119, 37.480771748507095 ], [ 126.955505494957691, 37.480748240912767 ], [ 126.955524730393336, 37.480723290655902 ], [ 126.95554114015485, 37.48069698779392 ], [ 126.955554384789778, 37.480669782696843 ], [ 126.95556457747098, 37.480641495209348 ], [ 126.955571491696404, 37.480612755945273 ], [ 126.955588712238963, 37.480517797064763 ], [ 126.955614599665694, 37.480375088457848 ], [ 126.955668560616289, 37.479952990100045 ], [ 126.955691486532174, 37.479827219146699 ], [ 126.955712234397225, 37.47971334056561 ], [ 126.955720515348261, 37.479667933284773 ], [ 126.955717210209244, 37.479526024218707 ], [ 126.955612984468786, 37.479429882921188 ], [ 126.955505459582881, 37.479330694859421 ], [ 126.955407697607242, 37.479240511516792 ], [ 126.955392954437372, 37.47931488346638 ], [ 126.955380411396163, 37.479378128899455 ], [ 126.95536840136144, 37.479438680543204 ], [ 126.955354202486745, 37.479510295632402 ], [ 126.95534591224299, 37.479552098877853 ], [ 126.955311520635576, 37.479587855206965 ], [ 126.955209655542092, 37.479624341944962 ], [ 126.955162341620607, 37.479641280247883 ], [ 126.955067951180013, 37.479675084809919 ], [ 126.955040121421916, 37.479685047957105 ], [ 126.954949881025897, 37.479717367403786 ], [ 126.954801853826083, 37.479772179984877 ], [ 126.954663990578211, 37.479826626999682 ], [ 126.954547161186468, 37.479872765969432 ], [ 126.954388636666124, 37.47993537653339 ], [ 126.954271490292825, 37.47998164124342 ], [ 126.954093491762222, 37.480051938177134 ], [ 126.95396931101233, 37.480100983858591 ], [ 126.953915730289452, 37.480086636359047 ], [ 126.953859382723735, 37.479996234162797 ], [ 126.953821693526578, 37.479935752729091 ], [ 126.953804051782271, 37.479907463161986 ], [ 126.95376800034542, 37.479849613296679 ], [ 126.953738502112785, 37.479656336491644 ], [ 126.953720262978337, 37.479536585975964 ], [ 126.953704512086105, 37.479433144594928 ], [ 126.953695685281033, 37.47937520660529 ], [ 126.953683739832769, 37.479296814610109 ], [ 126.953666559187496, 37.479184002221643 ], [ 126.953648433338955, 37.479064251731167 ], [ 126.953636263369717, 37.478983517031182 ], [ 126.953610313532863, 37.478811496238919 ], [ 126.953520377373948, 37.47882840758939 ], [ 126.953403910595739, 37.478839307399298 ], [ 126.953280569583924, 37.478850744889634 ], [ 126.95317722969898, 37.478859991990262 ], [ 126.953158121991052, 37.478861705085798 ], [ 126.953032282465941, 37.47887296109397 ], [ 126.95291164085684, 37.47888832767498 ], [ 126.952859177797563, 37.478895532119132 ], [ 126.952809224971574, 37.478867310179631 ], [ 126.952763007329196, 37.47883251244604 ], [ 126.952685468918872, 37.478804008768734 ], [ 126.952526456663975, 37.478818178781587 ], [ 126.952134843241609, 37.478863786671845 ], [ 126.952045937873379, 37.478808500047371 ], [ 126.951748217454096, 37.478837729672875 ], [ 126.951674036023135, 37.478845059591919 ], [ 126.951475495189683, 37.478864680592061 ], [ 126.951408108883356, 37.478871319450086 ], [ 126.951102722090084, 37.478901472229502 ], [ 126.95086483454152, 37.478924958728207 ], [ 126.950764998609017, 37.478934817902164 ], [ 126.950731305394655, 37.478938137133305 ], [ 126.950643793462888, 37.478946776138258 ], [ 126.950552889570389, 37.478955755996196 ], [ 126.950449661620809, 37.478965946811378 ], [ 126.950195955870953, 37.478991064949419 ], [ 126.950128671077792, 37.478997721141681 ], [ 126.9499539861134, 37.479014962301648 ], [ 126.949773987021032, 37.479032732467566 ], [ 126.949740293719273, 37.479036051416003 ], [ 126.949595559449406, 37.479050340869371 ], [ 126.949157444269304, 37.479093584852791 ], [ 126.948787732964092, 37.479130073210925 ], [ 126.948722709237643, 37.479136486340835 ], [ 126.948646842519622, 37.479144020836358 ], [ 126.948495335222518, 37.479158990672531 ], [ 126.948292835454751, 37.47917899197784 ], [ 126.948124594358148, 37.479195611643512 ], [ 126.948090900904447, 37.479198939131443 ], [ 126.947808011453631, 37.479226877098299 ], [ 126.947763124494372, 37.479231316646825 ], [ 126.947631855558228, 37.479244285346127 ], [ 126.947500597889089, 37.479257244894676 ], [ 126.947369317556849, 37.479270213297006 ], [ 126.947301930526038, 37.479276849812337 ], [ 126.94708823664034, 37.479297943138462 ], [ 126.946934456118257, 37.479313117155996 ], [ 126.946600132209582, 37.479346137141064 ], [ 126.946558637104403, 37.479350208397435 ], [ 126.946369500671778, 37.479368906167487 ], [ 126.946335784451549, 37.479372233144197 ], [ 126.946232781489456, 37.479382402359406 ], [ 126.946058999262604, 37.479399557091732 ], [ 126.945941184590794, 37.479411187733206 ], [ 126.945851297169838, 37.479420065340953 ], [ 126.945616798318824, 37.479443218506702 ], [ 126.945382299323725, 37.479466371206875 ], [ 126.94525012504586, 37.479479417919549 ], [ 126.945144634331143, 37.479489837281832 ], [ 126.945111053678801, 37.479493154963592 ], [ 126.945016643419834, 37.47950247126807 ], [ 126.944811891785761, 37.479522690779874 ], [ 126.944677218541884, 37.479535987932763 ], [ 126.944508975857772, 37.479552593438164 ], [ 126.94444158832259, 37.479559228321534 ], [ 126.944280581780617, 37.479575125205137 ], [ 126.944149876983914, 37.479588027238201 ], [ 126.944104989594052, 37.479592465396443 ], [ 126.943969886453118, 37.479605797574152 ], [ 126.943835099840399, 37.479619111731786 ], [ 126.94379021242041, 37.479623540760386 ], [ 126.943656002388408, 37.479636791925238 ], [ 126.94352121567178, 37.479650096714657 ], [ 126.9434763395207, 37.47965452562952 ], [ 126.943349478713841, 37.479667050244267 ], [ 126.943214816259825, 37.47968034573524 ], [ 126.943169928766906, 37.479684774528089 ], [ 126.942961761521801, 37.479705331527086 ], [ 126.942856959885134, 37.479715677107691 ], [ 126.942823379031466, 37.479718994139049 ], [ 126.942718000718202, 37.47972939337005 ], [ 126.942638403016701, 37.479735480547305 ], [ 126.942558468817836, 37.47973814369643 ], [ 126.942524664374517, 37.479738216925064 ], [ 126.942478537306798, 37.479737382986251 ], [ 126.942452986956056, 37.479736379115963 ], [ 126.942507979050617, 37.479879386554174 ], [ 126.942533726350433, 37.479946334825904 ], [ 126.942554418988607, 37.48000015297449 ], [ 126.942562973951993, 37.480019087288554 ], [ 126.942581004603909, 37.480065065389049 ], [ 126.942589690921992, 37.4800895138968 ], [ 126.942598559434103, 37.480112313661571 ], [ 126.942614988493645, 37.48015345257862 ], [ 126.942619830984583, 37.480278550063133 ], [ 126.942598829279262, 37.480373433086626 ], [ 126.942587288092781, 37.480428289320962 ], [ 126.942576551888479, 37.480480244729968 ], [ 126.942557649555525, 37.48056509163203 ], [ 126.942551104297152, 37.480592749115367 ], [ 126.942536727377785, 37.480659280908242 ], [ 126.942527684531512, 37.480699992656156 ], [ 126.942514317286907, 37.480762092021358 ], [ 126.942508948935398, 37.480788326506556 ], [ 126.942497590519963, 37.48084063298505 ], [ 126.942492747263486, 37.480860470620335 ], [ 126.942486573932982, 37.480889551866895 ], [ 126.942480955909446, 37.480916957527526 ], [ 126.942470629965655, 37.480964606340102 ], [ 126.942458308075587, 37.481019975737013 ], [ 126.942454243301825, 37.481041859032672 ], [ 126.942450680812442, 37.481057615768762 ], [ 126.942432115782509, 37.481144481054329 ], [ 126.942427905498718, 37.481164481182695 ], [ 126.942420144377991, 37.481199778540649 ], [ 126.942399237314177, 37.481303040874792 ], [ 126.942395887663679, 37.481321275469107 ], [ 126.942384620260867, 37.481372662955955 ], [ 126.942367131183744, 37.48145695190081 ], [ 126.942359947480298, 37.481491150320302 ], [ 126.94234980218512, 37.481538916338224 ], [ 126.942317521235424, 37.481696330350516 ], [ 126.942239784300199, 37.481708600860458 ], [ 126.942206777672098, 37.481713774066129 ], [ 126.942127489240178, 37.481726375291892 ], [ 126.94204481942603, 37.481740019924246 ], [ 126.941936910415905, 37.481758589263158 ], [ 126.941892675305056, 37.481765603771763 ], [ 126.941751295754784, 37.481789625125849 ], [ 126.941614805897231, 37.481820874820869 ], [ 126.941522734596177, 37.481841893522777 ], [ 126.941487859725711, 37.481850345224004 ], [ 126.941431997619503, 37.481862597480863 ], [ 126.941394239362552, 37.481871426108775 ], [ 126.941269312527893, 37.481906240242544 ], [ 126.94122489241721, 37.481918173874206 ], [ 126.94120384658838, 37.48192451519359 ], [ 126.941112606159052, 37.48195241765017 ], [ 126.941040929726796, 37.481974833942239 ], [ 126.940999674476188, 37.481987742190313 ], [ 126.940961324768523, 37.482000805083267 ], [ 126.940941001964362, 37.482007795447259 ], [ 126.940850675270227, 37.482038004733042 ], [ 126.940749761106815, 37.482074173134322 ], [ 126.940717618680154, 37.48208688774946 ], [ 126.940631111940817, 37.482118756674879 ], [ 126.940533193252634, 37.482155476044916 ], [ 126.940506016590447, 37.482165210850532 ], [ 126.940409918127017, 37.482201867987769 ], [ 126.940275732786702, 37.4822616069874 ], [ 126.940149955504722, 37.482311853646941 ], [ 126.940053421442911, 37.482355348867038 ], [ 126.939958753754823, 37.482397673678484 ], [ 126.939934696461592, 37.482408608309015 ], [ 126.939913568055033, 37.482418832670589 ], [ 126.939814443231128, 37.482463984186197 ], [ 126.939789334446672, 37.482474882197891 ], [ 126.939686579343203, 37.482521040830676 ], [ 126.939438201050578, 37.482633941212363 ], [ 126.939351540051263, 37.482673179306893 ], [ 126.939341688558386, 37.48267769714996 ], [ 126.939312552336844, 37.482691331984419 ], [ 126.939219488466364, 37.482734657156549 ], [ 126.939149883189998, 37.482766560933136 ], [ 126.939120906318195, 37.482778835292358 ], [ 126.939049221002392, 37.482810260380305 ], [ 126.938886755403658, 37.482884822331748 ], [ 126.93873900602712, 37.482950958506756 ], [ 126.938604003783809, 37.483010911405501 ], [ 126.938564360257544, 37.483028694075315 ], [ 126.938402653357443, 37.483100723948787 ], [ 126.938301377218025, 37.483147422762066 ], [ 126.938198564386568, 37.48319282322295 ], [ 126.938087992130832, 37.483241949573816 ], [ 126.938058651758112, 37.483255809238351 ], [ 126.937958450321162, 37.483301300991855 ], [ 126.937900811900604, 37.483326371866667 ], [ 126.937872566992112, 37.483368289250578 ], [ 126.937873888527164, 37.483463147363288 ], [ 126.93787448577315, 37.483572141792003 ], [ 126.937876224108308, 37.483695480770869 ], [ 126.937878734381201, 37.483775175670083 ], [ 126.937883522687542, 37.484093779434744 ], [ 126.938043938404022, 37.484316234571146 ], [ 126.938137075451152, 37.484443731157427 ], [ 126.938213553200484, 37.484550441661185 ], [ 126.93826849390932, 37.484628272516375 ], [ 126.938319282974419, 37.48464165252615 ], [ 126.938435907914823, 37.484590420860499 ], [ 126.93858007431318, 37.484527031228957 ], [ 126.938602742142578, 37.484515663658264 ], [ 126.938620139114306, 37.484506689940211 ], [ 126.938747101952245, 37.484450498953045 ], [ 126.938781837207642, 37.484435047213246 ], [ 126.93886632808038, 37.484397736540764 ], [ 126.938899367145083, 37.484382482087092 ], [ 126.939122867536497, 37.484281859394208 ], [ 126.939211237988516, 37.484242388120059 ], [ 126.939376045296967, 37.484169457784191 ], [ 126.939551020221145, 37.484092387945161 ], [ 126.939673390527403, 37.48403705851068 ], [ 126.939755946965164, 37.483999917376885 ], [ 126.939871767259902, 37.483948575746915 ], [ 126.940006250069672, 37.483888639159161 ], [ 126.94012046422138, 37.483837647838619 ], [ 126.940260544355525, 37.483776434446803 ], [ 126.940537920909463, 37.483656041988816 ], [ 126.94068733305258, 37.48358876916685 ], [ 126.940725562797041, 37.483571327439471 ], [ 126.940788936110991, 37.483542167589846 ], [ 126.940878922480479, 37.483501641721908 ], [ 126.940962032261695, 37.48346386031475 ], [ 126.941089545537508, 37.483407739161386 ], [ 126.941194007993687, 37.483361904547685 ], [ 126.941270725279409, 37.48332921932542 ], [ 126.94131942527325, 37.48331073758159 ], [ 126.941385633704044, 37.48328448007863 ], [ 126.94143037378052, 37.483269293938015 ], [ 126.941443492520193, 37.483265074912772 ], [ 126.941574397069658, 37.483223019586781 ], [ 126.941595149238125, 37.483216714094056 ], [ 126.941612260217155, 37.483211091512636 ], [ 126.941743547737204, 37.483170612945038 ], [ 126.941860561445623, 37.483136533144247 ], [ 126.941891310766763, 37.483127196272193 ], [ 126.941922760013043, 37.483119193226884 ], [ 126.941994873391224, 37.483102867392894 ], [ 126.942049662372369, 37.483090434132528 ], [ 126.94216501725667, 37.483066264208276 ], [ 126.942301360527551, 37.483037095124473 ], [ 126.942371773594843, 37.483026102135376 ], [ 126.942456615371697, 37.483012719653743 ], [ 126.942489801612254, 37.483009889072584 ], [ 126.942524176563353, 37.48300508588288 ], [ 126.942609050758293, 37.482993550360455 ], [ 126.942766292563007, 37.482972698387961 ], [ 126.942830178774585, 37.482965531135406 ], [ 126.942878528680723, 37.482960203191872 ], [ 126.942904999519939, 37.482956630340304 ], [ 126.94297736612117, 37.482948575223155 ], [ 126.94301790341359, 37.482943171271685 ], [ 126.943097143766394, 37.482935696124791 ], [ 126.943176757316152, 37.482928085958797 ], [ 126.943207750415084, 37.482924812602448 ], [ 126.943327832645082, 37.482912717291555 ], [ 126.943442237860239, 37.482902195820728 ], [ 126.943518029195332, 37.482895385437232 ], [ 126.943665241620252, 37.482874851705105 ], [ 126.943766316382295, 37.482864638743521 ], [ 126.943827940673032, 37.482858091536656 ], [ 126.943863365748953, 37.482854856212064 ], [ 126.943954851330062, 37.482846467442563 ], [ 126.944131988330668, 37.482829767947919 ], [ 126.944257305952831, 37.4828165119429 ], [ 126.944318715301137, 37.482810018435906 ], [ 126.944343081926675, 37.482807921885509 ], [ 126.944801007451503, 37.482764786388991 ], [ 126.944827827787847, 37.482762321505803 ], [ 126.944932169833436, 37.482752000993933 ], [ 126.944969731560249, 37.482748946560946 ], [ 126.945068102119222, 37.482740938644476 ], [ 126.945140016302204, 37.482732521585717 ], [ 126.945241079407737, 37.482722253296551 ], [ 126.945339778971714, 37.482712659548277 ], [ 126.945478437845665, 37.482699039179209 ], [ 126.945637934405838, 37.482685014042829 ], [ 126.945795249194632, 37.482670456071489 ], [ 126.945937073892352, 37.482656521306481 ], [ 126.946115284752693, 37.482638936361575 ], [ 126.946197102574942, 37.482631090933069 ], [ 126.946236089520724, 37.482627027643211 ], [ 126.946333069694376, 37.482618234151708 ], [ 126.946501918955065, 37.482600437020771 ], [ 126.946645744489388, 37.482586646496671 ], [ 126.946655819535096, 37.482585029372451 ], [ 126.946743957693073, 37.482576826098928 ], [ 126.946924474838809, 37.482558979711847 ], [ 126.947084074197363, 37.482542736207108 ], [ 126.947187838594473, 37.48253299007748 ], [ 126.947375298803152, 37.482513416271026 ], [ 126.947464183204772, 37.482504942501627 ], [ 126.947490981216148, 37.482501828282608 ], [ 126.947570016889898, 37.48249471044214 ], [ 126.947761197013008, 37.482474633160777 ], [ 126.947899740738649, 37.482462703779625 ], [ 126.94798459992343, 37.482454344922274 ], [ 126.948017762905309, 37.482451783077977 ], [ 126.948181228930935, 37.482434972210569 ], [ 126.948303808466235, 37.482422575637919 ], [ 126.948402688268246, 37.482412808221305 ], [ 126.94859873997919, 37.482394092286114 ], [ 126.94863245795942, 37.482390052875552 ], [ 126.948755760380962, 37.482378458048615 ], [ 126.948871419287869, 37.482367544448806 ], [ 126.948904322626106, 37.482364315498927 ], [ 126.949047638944293, 37.482349873102621 ], [ 126.949070230108305, 37.48234792795899 ], [ 126.949174887848969, 37.482337207398906 ], [ 126.94931013032047, 37.482324364889848 ], [ 126.949447973946903, 37.482310406130509 ], [ 126.949591560796009, 37.48229684617484 ], [ 126.949733825545792, 37.482282159213554 ], [ 126.949768051572406, 37.482279020702876 ], [ 126.949794667558834, 37.482277284413577 ], [ 126.949910823874063, 37.482266018623257 ], [ 126.949983053159187, 37.482258292524563 ], [ 126.950057634463064, 37.482250062845267 ], [ 126.950091725244221, 37.482246257440877 ], [ 126.95023543632793, 37.482232543586385 ], [ 126.950376004104655, 37.482219026416978 ], [ 126.950555603248318, 37.482201885874616 ], [ 126.950585589177891, 37.48219905163878 ], [ 126.950693013240041, 37.482186482071128 ], [ 126.950701401423387, 37.482241394505401 ], [ 126.950741336671456, 37.482502775950671 ], [ 126.95075422975286, 37.482587149453565 ], [ 126.950762765886935, 37.482654133559045 ], [ 126.950776675158082, 37.482750645783455 ], [ 126.950781308088963, 37.48278799427684 ], [ 126.950793835343674, 37.482888497339353 ], [ 126.950800211888193, 37.482938983178244 ], [ 126.950809522429552, 37.483014563160815 ], [ 126.950946619398181, 37.483002728697713 ], [ 126.950955551554131, 37.483002471229746 ], [ 126.951064000883505, 37.482986795113206 ], [ 126.951084964740176, 37.482983866798385 ], [ 126.951222258019811, 37.482965761130274 ], [ 126.951354695133787, 37.482939264919217 ], [ 126.95147023856488, 37.482932700563921 ], [ 126.951487862437801, 37.482919706578592 ], [ 126.951602774289924, 37.48285972145986 ], [ 126.951705589053446, 37.482798514777983 ], [ 126.9518236057704, 37.48276164143558 ], [ 126.951880307965013, 37.482742663150539 ], [ 126.9519479130078, 37.4827352943094 ], [ 126.951967846289222, 37.482854649302567 ], [ 126.951976161820426, 37.482897828771158 ], [ 126.952082480653118, 37.482871897431494 ], [ 126.952142695923854, 37.482857776887556 ], [ 126.952222564735877, 37.482838718016403 ], [ 126.952250642290991, 37.482832539847429 ], [ 126.952388706143054, 37.482793647044502 ], [ 126.952417624818096, 37.482780612565548 ], [ 126.952542290013596, 37.482725234700467 ], [ 126.952614988838008, 37.482691242999671 ], [ 126.9526281517103, 37.48268758137106 ], [ 126.952689559451102, 37.482664910538723 ], [ 126.95282413891853, 37.482610942033524 ], [ 126.952850982934862, 37.482641208717261 ], [ 126.952902620496189, 37.482708075261684 ], [ 126.952973068225504, 37.482797925045368 ], [ 126.952990544527793, 37.482820358146277 ], [ 126.953058811453388, 37.482908504089139 ], [ 126.953131902856583, 37.483002039954535 ], [ 126.953193912888878, 37.483080128080339 ], [ 126.953259854812927, 37.483162632684596 ], [ 126.953319233118108, 37.483237007542648 ], [ 126.953508122887769, 37.483510358109612 ], [ 126.953538897514861, 37.483547834239104 ], [ 126.953550397711354, 37.48356302077817 ], [ 126.953535165925715, 37.48360163150496 ], [ 126.953429752746516, 37.483642593216651 ], [ 126.953360641465707, 37.483670406007121 ], [ 126.953329642562124, 37.483682926295856 ], [ 126.953378944953215, 37.483743376539984 ], [ 126.953451982420745, 37.483834749769713 ], [ 126.953470229144841, 37.483855309026815 ], [ 126.953561985992053, 37.483971133957823 ], [ 126.953601153884989, 37.484020587779213 ], [ 126.953606581761207, 37.484019373628662 ], [ 126.953668327181305, 37.48400032445447 ], [ 126.953775341815799, 37.483948560176039 ], [ 126.953803355549638, 37.483972078610918 ], [ 126.953779291232934, 37.484049744198217 ], [ 126.953766864472897, 37.484122314816723 ], [ 126.953753393339937, 37.484201408258812 ], [ 126.953746609192322, 37.484237328429849 ], [ 126.953758564139306, 37.484266597777768 ], [ 126.95378085975905, 37.484321162402615 ], [ 126.953804297807054, 37.484392819474344 ], [ 126.953825809814163, 37.484452942949659 ], [ 126.953856179140928, 37.484541947076977 ], [ 126.953907361187575, 37.484635230327825 ], [ 126.953920919889896, 37.484685322437187 ], [ 126.953926691315203, 37.484712967473101 ], [ 126.953943511422054, 37.48477287279372 ], [ 126.953943892315166, 37.484778441133294 ], [ 126.953960842693405, 37.484793404573281 ], [ 126.953961613761876, 37.484843419449199 ], [ 126.953962684444861, 37.484920212194602 ], [ 126.953964551480794, 37.485007132510432 ], [ 126.953964304118529, 37.48504063162693 ], [ 126.953987203981299, 37.4851771605056 ], [ 126.953997240150173, 37.485219376436419 ], [ 126.954020535178486, 37.485214087917051 ], [ 126.954126663204633, 37.485190010734321 ], [ 126.954230981289967, 37.485167221163195 ], [ 126.954235633430542, 37.485159105006261 ], [ 126.954316826897028, 37.485122295538829 ], [ 126.954432288128572, 37.485071489110474 ], [ 126.954548171788105, 37.48503197227889 ], [ 126.954626681351542, 37.485001477547584 ], [ 126.954659601657326, 37.485008743664899 ], [ 126.954701526467048, 37.485099509100607 ], [ 126.954748351763001, 37.485201016391102 ], [ 126.954755679881288, 37.485216885918049 ], [ 126.954794819126093, 37.48529649582359 ], [ 126.954843385413241, 37.485380605433768 ], [ 126.954850307369725, 37.48539512329257 ], [ 126.954875653398176, 37.48543716499276 ], [ 126.954903202135682, 37.485482622349636 ], [ 126.954906186187458, 37.48552049259461 ], [ 126.954918853594975, 37.485623418922479 ], [ 126.954928650417585, 37.485687853358279 ], [ 126.95494045094317, 37.485766641526098 ], [ 126.954944943752125, 37.485796565535473 ], [ 126.954963367774681, 37.485951932371123 ], [ 126.954968282937841, 37.485993659655882 ], [ 126.955002916828008, 37.486101009522088 ], [ 126.955004937353763, 37.486142951904931 ], [ 126.955010854953741, 37.486227459098764 ], [ 126.955011289039703, 37.486275041121054 ], [ 126.95503487358252, 37.486350374066134 ], [ 126.955061289367379, 37.486436718347996 ], [ 126.955089369865547, 37.486518945703402 ], [ 126.955096287303036, 37.486541013929454 ], [ 126.955105263223388, 37.48658033712767 ], [ 126.955120160686846, 37.486661496113953 ], [ 126.955128899017311, 37.486701098526524 ], [ 126.955138146963989, 37.486775993335904 ], [ 126.955374541508462, 37.486736468886974 ], [ 126.955503282285747, 37.486716796186478 ], [ 126.9555296308246, 37.48671102201974 ], [ 126.955767211750413, 37.486672200026959 ], [ 126.955854611899625, 37.486656709592779 ], [ 126.956242625732216, 37.486587734128243 ], [ 126.956397895953117, 37.486561295089025 ], [ 126.956427772108157, 37.486555513058782 ], [ 126.956528029950732, 37.486536540159008 ], [ 126.956550861203382, 37.486531962756054 ], [ 126.956647635045442, 37.486515385090762 ] ] ] } },
{ "type": "Feature", "properties": { "OBJECTID": 3875, "ID": "중심지_66", "CODE": "ZON540", "ENT_NAME": "중심지", "JOSER_ID": null, "GOSI_ID": null, "LABEL": "까치산지구중심(서남권)", "GOSI_DATE": null }, "geometry": { "type": "Polygon", "coordinates": [ [ [ 126.846755685119504, 37.532730698060774 ], [ 126.846804463992726, 37.532723854057394 ], [ 126.846817080681589, 37.532728458439635 ], [ 126.84685672699878, 37.532661367476585 ], [ 126.8468735062485, 37.532633531650305 ], [ 126.846913476453324, 37.532568432285323 ], [ 126.846929956410619, 37.532543063878229 ], [ 126.847013975998507, 37.532404232611142 ], [ 126.847097693522898, 37.532269085045748 ], [ 126.847181938933701, 37.532130171957022 ], [ 126.847202590759053, 37.532095131396218 ], [ 126.847265222277699, 37.531991302597724 ], [ 126.847306427561918, 37.531924953225833 ], [ 126.847349178198087, 37.531855316330592 ], [ 126.847393625882546, 37.531780142328699 ], [ 126.847398688297289, 37.531772111176416 ], [ 126.84743376185925, 37.531716512513242 ], [ 126.847473555169287, 37.531643430819749 ], [ 126.847502694972135, 37.531595913510593 ], [ 126.847566903520132, 37.531495023836257 ], [ 126.847618547567947, 37.531408181354031 ], [ 126.847679326870008, 37.531307735841047 ], [ 126.847724798602755, 37.53123491373168 ], [ 126.847786518803659, 37.531133417025586 ], [ 126.847832194246521, 37.531060459988701 ], [ 126.847849933172057, 37.531049779271925 ], [ 126.847866879499705, 37.53103941286895 ], [ 126.847960330572477, 37.531044345710171 ], [ 126.848107480513207, 37.531052473784861 ], [ 126.848257449928411, 37.53105944395476 ], [ 126.848328219290977, 37.531063446977917 ], [ 126.848360641604771, 37.531064578327239 ], [ 126.848471889625245, 37.531069182453614 ], [ 126.848584878100382, 37.531074690622951 ], [ 126.848688363844033, 37.531079888159432 ], [ 126.84880949818259, 37.531085359802688 ], [ 126.848870845676757, 37.531088251106574 ], [ 126.848928131623268, 37.531091136230316 ], [ 126.849049037013714, 37.531097940801914 ], [ 126.849140532593708, 37.53110208722196 ], [ 126.849142937001986, 37.531043552801322 ], [ 126.84915267511991, 37.530911461751785 ], [ 126.849156302895054, 37.530824367424266 ], [ 126.849185056669683, 37.530654449271879 ], [ 126.849191107722717, 37.530555123478329 ], [ 126.849192371979598, 37.530539835254316 ], [ 126.849197300614634, 37.530469492061492 ], [ 126.849196581089501, 37.530461697542272 ], [ 126.849198362492402, 37.530442453723715 ], [ 126.849203680777649, 37.530352956816969 ], [ 126.849208268083046, 37.530233472108861 ], [ 126.849213159726276, 37.530197998203832 ], [ 126.849217878489483, 37.530141827359344 ], [ 126.849227655700119, 37.529956992186655 ], [ 126.849230488153395, 37.529943841336802 ], [ 126.849249642512078, 37.529843260220076 ], [ 126.849243038288435, 37.52984244892054 ], [ 126.849209291042357, 37.529798793725888 ], [ 126.84922440768247, 37.52972491284595 ], [ 126.84934872656396, 37.528940775459432 ], [ 126.849330941207398, 37.528854932917596 ], [ 126.848795284083167, 37.52878510916802 ], [ 126.848246399051405, 37.528730407019147 ], [ 126.848183300614394, 37.5287271995727 ], [ 126.848074978376161, 37.528720895198354 ], [ 126.848013328815057, 37.528717311126201 ], [ 126.847796340801636, 37.528706757586427 ], [ 126.847669296862094, 37.528699690558334 ], [ 126.84763682057536, 37.528697800312919 ], [ 126.847508112352372, 37.528691353529624 ], [ 126.847381645403019, 37.528684304063361 ], [ 126.84732428242468, 37.528681292851473 ], [ 126.847152940767216, 37.528671978014309 ], [ 126.847096945496176, 37.528669552323301 ], [ 126.847003700038925, 37.528665124526093 ], [ 126.846825159854561, 37.528657465732863 ], [ 126.846794742656073, 37.52865555182396 ], [ 126.846559022303154, 37.528644062368031 ], [ 126.846497688326934, 37.528641116723207 ], [ 126.846371308780533, 37.528635652939442 ], [ 126.846170485996581, 37.528625955570128 ], [ 126.846027946149235, 37.528617514003017 ], [ 126.845939972039844, 37.528613433782155 ], [ 126.845793513340226, 37.528607177986103 ], [ 126.845725859539428, 37.528602222501348 ], [ 126.845603675773333, 37.528597494136328 ], [ 126.845329177502308, 37.528584436459802 ], [ 126.845246980486522, 37.528576857596768 ], [ 126.845230952791198, 37.528575386690974 ], [ 126.845114542322449, 37.528568979700516 ], [ 126.845081996397155, 37.528567990554897 ], [ 126.844965529010906, 37.528561763540907 ], [ 126.844853404438084, 37.528556235937536 ], [ 126.844704118985874, 37.528549342543833 ], [ 126.844670624882468, 37.528547343814267 ], [ 126.844555140524832, 37.528541729475627 ], [ 126.844459747059773, 37.528536738199605 ], [ 126.844405980383556, 37.528534450246433 ], [ 126.844256602697897, 37.528533809959981 ], [ 126.844199196077497, 37.528530147556026 ], [ 126.843942889482491, 37.528517273066107 ], [ 126.84377847039697, 37.528508853652085 ], [ 126.843613022669274, 37.528500046107766 ], [ 126.843439246959463, 37.528491966901427 ], [ 126.843265902996862, 37.528483031173145 ], [ 126.843122490307664, 37.528475693152352 ], [ 126.842992425183368, 37.528469293688438 ], [ 126.842846694635227, 37.528461349457167 ], [ 126.842613598949868, 37.528450431388585 ], [ 126.842418975957088, 37.528441114399385 ], [ 126.842412573365564, 37.52844080754582 ], [ 126.842090639416625, 37.528422804058778 ], [ 126.841809514806599, 37.528408855294757 ], [ 126.841680329493386, 37.528403789046031 ], [ 126.841576848704705, 37.528398233990011 ], [ 126.84143542520556, 37.528391950776914 ], [ 126.841334244614046, 37.528384714669187 ], [ 126.841195094708965, 37.528378615351549 ], [ 126.841165990384496, 37.528376565725289 ], [ 126.841022782520255, 37.528368865936891 ], [ 126.840876303498447, 37.528361954400076 ], [ 126.840845420438697, 37.528361111408714 ], [ 126.840687303650142, 37.5283526070668 ], [ 126.840534377075954, 37.528345289889003 ], [ 126.840503372083177, 37.528343283459513 ], [ 126.840391011752246, 37.528337218811778 ], [ 126.840246587258335, 37.528332436542314 ], [ 126.840153039116871, 37.52832710913831 ], [ 126.840013189404573, 37.528320359657982 ], [ 126.839984184484749, 37.52831945503911 ], [ 126.839969366115255, 37.528318604956773 ], [ 126.839848218152525, 37.528311340263478 ], [ 126.839825820575157, 37.528310218500366 ], [ 126.839696298010793, 37.52830430268623 ], [ 126.839590998618959, 37.528297580216275 ], [ 126.839453798832182, 37.528289653405224 ], [ 126.839373784781017, 37.528423844765356 ], [ 126.839368086991186, 37.528432433321257 ], [ 126.839247586898338, 37.52863262983783 ], [ 126.839206430277642, 37.528700174818319 ], [ 126.839193287539814, 37.528724808835655 ], [ 126.839154614476456, 37.528789555120859 ], [ 126.839140309107023, 37.528812961281687 ], [ 126.839087558258598, 37.528900447280435 ], [ 126.839076987958464, 37.528917830023346 ], [ 126.838968632839382, 37.529093753061751 ], [ 126.838899384519721, 37.529208373104446 ], [ 126.83886632418546, 37.529261846581413 ], [ 126.838765901786232, 37.529425932285477 ], [ 126.838707200525548, 37.529523248750699 ], [ 126.838659607723514, 37.529600245085902 ], [ 126.838627932205966, 37.529651448997839 ], [ 126.838531622100405, 37.529807305084468 ], [ 126.838472169887709, 37.529906305246911 ], [ 126.838529088495335, 37.529989022901241 ], [ 126.838717870478291, 37.530001482716408 ], [ 126.838941134628257, 37.530014450107437 ], [ 126.839114647524909, 37.530025131332792 ], [ 126.839263534044889, 37.530034508074252 ], [ 126.839423225601152, 37.530043557080297 ], [ 126.839582824159805, 37.530053776133045 ], [ 126.839585923825737, 37.530053870482185 ], [ 126.839605041671206, 37.530054698576102 ], [ 126.839748714566056, 37.530063274684622 ], [ 126.839929199407337, 37.530072721792934 ], [ 126.840039761771649, 37.530079575494561 ], [ 126.840153048267126, 37.530087551848091 ], [ 126.840220479750926, 37.53009112179064 ], [ 126.840387657819221, 37.530101657345512 ], [ 126.840413257393493, 37.530102890588203 ], [ 126.840526782225709, 37.530110550659778 ], [ 126.84067916347945, 37.53012060612533 ], [ 126.840846803789461, 37.530131952553717 ], [ 126.840868036537927, 37.530133124796627 ], [ 126.841020850688878, 37.53014182892047 ], [ 126.841161625320794, 37.530151508494541 ], [ 126.841328307627734, 37.530161221240242 ], [ 126.841396913957581, 37.530165666969005 ], [ 126.841764404637743, 37.530188220923812 ], [ 126.841912309941847, 37.530196475767873 ], [ 126.842143491897488, 37.530210726314749 ], [ 126.842308939719956, 37.530221183835174 ], [ 126.842343471715552, 37.530224889312386 ], [ 126.842415178459305, 37.530229138607659 ], [ 126.842504950451925, 37.530234468146645 ], [ 126.842743291803203, 37.530249772310455 ], [ 126.84281216047718, 37.530253288645937 ], [ 126.843179761887541, 37.53027738805438 ], [ 126.843436469042558, 37.530290877413655 ], [ 126.843740849787366, 37.530310358445604 ], [ 126.844148616116328, 37.530333679573602 ], [ 126.844213967356509, 37.530336766938227 ], [ 126.844505237956326, 37.530355417644856 ], [ 126.844642293627956, 37.530363997023883 ], [ 126.844846622595639, 37.530376295603403 ], [ 126.845077386296524, 37.530390919171424 ], [ 126.845088052663485, 37.530391978451256 ], [ 126.84517218984152, 37.530397838194794 ], [ 126.845243171862634, 37.530402562340257 ], [ 126.845412061935221, 37.530412012758397 ], [ 126.845484018512408, 37.530421414201818 ], [ 126.845649966946652, 37.530430967611686 ], [ 126.845804750254629, 37.530439939344106 ], [ 126.845941208476205, 37.530447624445081 ], [ 126.845926416420738, 37.530602719942351 ], [ 126.845912020734147, 37.530763040814954 ], [ 126.845900366689349, 37.530872505133971 ], [ 126.845886103385567, 37.531012618697424 ], [ 126.84587129177541, 37.531155235392902 ], [ 126.845859424042857, 37.531269473781009 ], [ 126.84585688278699, 37.531294626157568 ], [ 126.845841824658947, 37.531441486194637 ], [ 126.845828325363613, 37.53157860854661 ], [ 126.845812220647773, 37.531722728174387 ], [ 126.845806537737047, 37.531773374507146 ], [ 126.845804497389338, 37.531791572776086 ], [ 126.845799460002198, 37.531836461712963 ], [ 126.845796485866103, 37.531863019064062 ], [ 126.845799978539148, 37.53188635127762 ], [ 126.845807214646584, 37.531889128668269 ], [ 126.845701209779335, 37.532267257227467 ], [ 126.845683348532489, 37.532315238562916 ], [ 126.845515601062388, 37.532586769170287 ], [ 126.845492609418869, 37.53264858384825 ], [ 126.845303031559297, 37.532962993274687 ], [ 126.845299627359481, 37.532983543120267 ], [ 126.845287660969603, 37.533014880939199 ], [ 126.845187451856972, 37.533174323166669 ], [ 126.845532456043827, 37.533343138834674 ], [ 126.845894405782332, 37.53350311005326 ], [ 126.84621093701611, 37.533617363539555 ], [ 126.846226477345724, 37.533612688000183 ], [ 126.846376250640631, 37.533367149887049 ], [ 126.846415468119204, 37.533303166040774 ], [ 126.846564081630746, 37.533053254535233 ], [ 126.846602601845746, 37.532989273312211 ], [ 126.846755685119504, 37.532730698060774 ] ] ] } },
{ "type": "Feature", "properties": { "OBJECTID": 3876, "ID": "중심지_69", "CODE": "ZON540", "ENT_NAME": "중심지", "JOSER_ID": null, "GOSI_ID": null, "LABEL": "난곡사거리지구중심(서남권)", "GOSI_DATE": null }, "geometry": { "type": "Polygon", "coordinates": [ [ [ 126.914993299903799, 37.482660088122906 ], [ 126.915038191466323, 37.482635487615212 ], [ 126.915155604481583, 37.48265720652541 ], [ 126.915207590795404, 37.482666893330794 ], [ 126.915287893862256, 37.482681305808995 ], [ 126.915321240262685, 37.482687447936812 ], [ 126.915412258339302, 37.482704795498975 ], [ 126.915534069931766, 37.482726319017935 ], [ 126.915656626044367, 37.482749383664192 ], [ 126.915779759810263, 37.482771609770353 ], [ 126.915912536082374, 37.482795429397285 ], [ 126.916027895341671, 37.482814091558687 ], [ 126.917189673861145, 37.483011430227158 ], [ 126.917984688853011, 37.48257907829904 ], [ 126.917525300646915, 37.482491024867727 ], [ 126.917770272420441, 37.481711184853808 ], [ 126.916528491138791, 37.481487165250911 ], [ 126.91641679281544, 37.481458201459503 ], [ 126.916420406854357, 37.481445691856784 ], [ 126.915292547549228, 37.48123877017256 ], [ 126.915389383973007, 37.480755894137637 ], [ 126.91558101773424, 37.479800261176209 ], [ 126.91547352016272, 37.479791982933527 ], [ 126.915389869328592, 37.479781317203539 ], [ 126.915269593042879, 37.4797659755192 ], [ 126.915037970895682, 37.479736433581273 ], [ 126.914841534089149, 37.479715396329425 ], [ 126.914818733779086, 37.479712360346532 ], [ 126.914713820652167, 37.479698453850993 ], [ 126.914580103082116, 37.479682209598536 ], [ 126.914457850134738, 37.479665550171227 ], [ 126.914378427858807, 37.479654967930607 ], [ 126.914282639043748, 37.479640742518875 ], [ 126.914262218875848, 37.479729890559099 ], [ 126.914250280166243, 37.479788031483444 ], [ 126.914230600873552, 37.479881676961853 ], [ 126.914223849036915, 37.479912773646824 ], [ 126.91420741287105, 37.479988347424253 ], [ 126.914204501950408, 37.480002635157803 ], [ 126.914189514594071, 37.480076749478634 ], [ 126.914163140188535, 37.480172010894726 ], [ 126.914147818068486, 37.480251981470374 ], [ 126.914132335420476, 37.480333852136326 ], [ 126.914113774481862, 37.48042804712334 ], [ 126.914100442357011, 37.480498091026149 ], [ 126.914096283483559, 37.480516035898425 ], [ 126.914070122312083, 37.480631822257067 ], [ 126.914057467659305, 37.480702559523991 ], [ 126.914046068464245, 37.480763151541083 ], [ 126.914039935513713, 37.480796638124673 ], [ 126.914032370182653, 37.480836834305798 ], [ 126.914026164548801, 37.480864770665768 ], [ 126.914010933701434, 37.480943786220145 ], [ 126.914005428383135, 37.480972270905987 ], [ 126.913958775961163, 37.480994969511976 ], [ 126.913841648849555, 37.480972988329654 ], [ 126.913718056153414, 37.480949830925461 ], [ 126.913684054888819, 37.480943705877145 ], [ 126.913582301444663, 37.480923978456673 ], [ 126.913508851661277, 37.480909868152203 ], [ 126.913419338713041, 37.480893530264673 ], [ 126.913377255524765, 37.480885867399856 ], [ 126.913258239450556, 37.480864910470615 ], [ 126.913167358641559, 37.480848526320365 ], [ 126.913115689974589, 37.480839216372416 ], [ 126.913011086740482, 37.480820316150123 ], [ 126.91290723003047, 37.480801181233623 ], [ 126.912803340285436, 37.480781344320924 ], [ 126.912682597114042, 37.480758369073826 ], [ 126.912577541832306, 37.480739495157778 ], [ 126.912535287070668, 37.480733650985684 ], [ 126.912371838682816, 37.480703488402256 ], [ 126.91218041516774, 37.480667465956344 ], [ 126.912026822589823, 37.480640040380798 ], [ 126.911936225177712, 37.48062348340671 ], [ 126.91178428463077, 37.480595067666627 ], [ 126.911627810695208, 37.480566504122329 ], [ 126.911312499682637, 37.480509843128658 ], [ 126.911144586300082, 37.480479792568609 ], [ 126.910972866733289, 37.480446612378358 ], [ 126.91085302952996, 37.48042331069373 ], [ 126.910769294745677, 37.480407235620667 ], [ 126.910546697398161, 37.48036598780368 ], [ 126.910341495988973, 37.480328104716655 ], [ 126.909935163745786, 37.48025247577835 ], [ 126.909918361640493, 37.480309324957382 ], [ 126.909887636874885, 37.480416619419223 ], [ 126.909847671273923, 37.480554793031402 ], [ 126.909785581325963, 37.48076568729622 ], [ 126.90965416585442, 37.481112497758964 ], [ 126.909606239460842, 37.481278803354456 ], [ 126.909568499199324, 37.481408545210215 ], [ 126.909509658312842, 37.481622161048506 ], [ 126.909608489040451, 37.481639088487462 ], [ 126.909719514279431, 37.481658104828902 ], [ 126.909857507561497, 37.48168398058796 ], [ 126.91074749646036, 37.481847109123073 ], [ 126.910914111220478, 37.481878249457807 ], [ 126.911005263539607, 37.481895122988249 ], [ 126.911074464207033, 37.481907988212932 ], [ 126.911097863258163, 37.481911853395751 ], [ 126.91123456894384, 37.481937429230321 ], [ 126.911336460330872, 37.481955896472087 ], [ 126.911351460315004, 37.481958619932719 ], [ 126.911499799013413, 37.481985186427828 ], [ 126.911635758840646, 37.482010698159755 ], [ 126.911882236620826, 37.482055007418275 ], [ 126.912006701902968, 37.482077527689185 ], [ 126.912092994545546, 37.482093153317159 ], [ 126.91213137173682, 37.482099237082608 ], [ 126.912276825529389, 37.482127810553195 ], [ 126.9124600373476, 37.482160357792651 ], [ 126.912684890320861, 37.482202180332727 ], [ 126.912799216312905, 37.482223115393445 ], [ 126.912912784897415, 37.482244013735531 ], [ 126.913138722559538, 37.482286863366312 ], [ 126.9131656593147, 37.482291884067017 ], [ 126.913254043106292, 37.482308348341405 ], [ 126.913369081319559, 37.482329615851988 ], [ 126.913530431839817, 37.482358802406402 ], [ 126.913543849453902, 37.482361236990926 ], [ 126.913539479176507, 37.482395354651374 ], [ 126.913529747733477, 37.482469760190213 ], [ 126.913526396236421, 37.482493184625525 ], [ 126.913516454225984, 37.482525379002681 ], [ 126.91350137294296, 37.482572526169719 ], [ 126.913492307773183, 37.482589727637645 ], [ 126.913538883339811, 37.482643191692269 ], [ 126.913573184232462, 37.482683718127944 ], [ 126.913594637323882, 37.482708294482457 ], [ 126.913658586889895, 37.482784386543237 ], [ 126.913592250270469, 37.483047241208183 ], [ 126.913579077251924, 37.483115770555955 ], [ 126.913564747901802, 37.483186911943768 ], [ 126.91355947152168, 37.48321271178505 ], [ 126.913545757513234, 37.483279727943732 ], [ 126.913538444565148, 37.48331637522076 ], [ 126.913524411712658, 37.483385291349457 ], [ 126.913515769285169, 37.483427577900649 ], [ 126.913500848565164, 37.483501547979579 ], [ 126.913496768906597, 37.483519167619093 ], [ 126.913486568171223, 37.483569382716013 ], [ 126.913479856634623, 37.483604129323581 ], [ 126.913467571033266, 37.48366778489823 ], [ 126.913481764863008, 37.483759532689284 ], [ 126.913300949399272, 37.484647044085683 ], [ 126.913395511291583, 37.48469653273937 ], [ 126.91395441966354, 37.484792236288335 ], [ 126.914605801154536, 37.484426549565455 ], [ 126.914758245208958, 37.483831558605821 ], [ 126.91476099690513, 37.483818117691975 ], [ 126.914789766530546, 37.483685692570887 ], [ 126.914794699978557, 37.483662791845994 ], [ 126.914809073437539, 37.4835916872876 ], [ 126.914817193511979, 37.483550741849818 ], [ 126.914830922466109, 37.48347963591349 ], [ 126.914835905660652, 37.48345279874912 ], [ 126.914850418952625, 37.483378026310533 ], [ 126.914855697451173, 37.483350018060108 ], [ 126.914861505438722, 37.483323659930527 ], [ 126.914870593307427, 37.483276814541114 ], [ 126.914881551152249, 37.48321632936581 ], [ 126.914886466869405, 37.483189148867218 ], [ 126.914894354020575, 37.483154016509317 ], [ 126.914900960432988, 37.483121584413041 ], [ 126.914908908438235, 37.48308269492393 ], [ 126.914920154313521, 37.483027299709249 ], [ 126.91492763477946, 37.482991842689685 ], [ 126.914939043862404, 37.482932159727731 ], [ 126.914946028612107, 37.482895160730344 ], [ 126.914964720725138, 37.482804496771422 ], [ 126.914981702440045, 37.48271652735091 ], [ 126.914984841450348, 37.482700499938666 ], [ 126.914993299903799, 37.482660088122906 ] ] ] } },
{ "type": "Feature", "properties": { "OBJECTID": 3877, "ID": "중심지_70", "CODE": "ZON540", "ENT_NAME": "중심지", "JOSER_ID": null, "GOSI_ID": null, "LABEL": "흑석지구중심(서남권)", "GOSI_DATE": null }, "geometry": { "type": "Polygon", "coordinates": [ [ [ 126.964164543726, 37.508085512731377 ], [ 126.964167169753566, 37.508081323923477 ], [ 126.96417683415163, 37.508092823706249 ], [ 126.964186484268254, 37.508087582950914 ], [ 126.96419785436116, 37.508057925706943 ], [ 126.964228977613857, 37.508039411027056 ], [ 126.96423689630555, 37.50803612488555 ], [ 126.964270317830795, 37.508012889693198 ], [ 126.964287870389441, 37.508014264742293 ], [ 126.964290877581377, 37.508016860562655 ], [ 126.964372024337123, 37.50795455510049 ], [ 126.964435663954319, 37.507913156239475 ], [ 126.964460655303995, 37.507898144453364 ], [ 126.964525086439224, 37.507856925991554 ], [ 126.964580523095478, 37.507821633245882 ], [ 126.964595366532706, 37.507812186422235 ], [ 126.964632825408245, 37.507789204667482 ], [ 126.964712166238883, 37.507741359415341 ], [ 126.964727529794686, 37.507732137986366 ], [ 126.964840742510489, 37.507664301045992 ], [ 126.964869230201714, 37.507645794387791 ], [ 126.964883043457831, 37.507638185243053 ], [ 126.964971402147, 37.507581936304646 ], [ 126.964977782973961, 37.507577874779528 ], [ 126.965049623496128, 37.507532766011359 ], [ 126.965118884464999, 37.507489278199969 ], [ 126.965128093269527, 37.507484199410712 ], [ 126.965236755272386, 37.507423307377131 ], [ 126.965301488518193, 37.507387107137568 ], [ 126.965307874672135, 37.50739536223287 ], [ 126.965371359361569, 37.507368288677547 ], [ 126.965443306753983, 37.507335217028597 ], [ 126.965731343647306, 37.507228428299484 ], [ 126.965731978901502, 37.507224455092505 ], [ 126.965953062259047, 37.507136944888956 ], [ 126.966019541715681, 37.507113917364805 ], [ 126.966205686864825, 37.507028900956534 ], [ 126.96621626910995, 37.507037076167656 ], [ 126.966325473769786, 37.506997482873878 ], [ 126.96633232383715, 37.507005467753302 ], [ 126.966365892110701, 37.506980466052084 ], [ 126.96637673006407, 37.506973964073502 ], [ 126.96641107080454, 37.506941655498245 ], [ 126.96652910159797, 37.506892108614032 ], [ 126.96654618865314, 37.506872616084308 ], [ 126.966521060605089, 37.506842893740448 ], [ 126.966486696071428, 37.506805293933006 ], [ 126.96649033612384, 37.506784797315468 ], [ 126.966443403136097, 37.506729885602581 ], [ 126.966433759629737, 37.506721710690179 ], [ 126.966415127769963, 37.506731282760775 ], [ 126.96636318771813, 37.506669711154792 ], [ 126.966352652552743, 37.506657688710192 ], [ 126.966233376973648, 37.50651699839586 ], [ 126.966209038999523, 37.506491222589808 ], [ 126.966199786887572, 37.506480609675144 ], [ 126.966196551813269, 37.506476780368672 ], [ 126.966189244589913, 37.50648143544089 ], [ 126.966013976708297, 37.506594341880621 ], [ 126.965954122588414, 37.506630225031451 ], [ 126.965891275176816, 37.506662697873871 ], [ 126.965825741050864, 37.506691602821199 ], [ 126.96575783695971, 37.506716801211184 ], [ 126.965492864472196, 37.506806307806173 ], [ 126.965410583439507, 37.50683063575228 ], [ 126.965325861218162, 37.506848883861942 ], [ 126.965239401376095, 37.506860900978438 ], [ 126.965151926686332, 37.506866585507758 ], [ 126.964556081969505, 37.506883554681522 ], [ 126.964483560591646, 37.506888106334401 ], [ 126.96441179452701, 37.506897592043096 ], [ 126.964341313100832, 37.506911940796648 ], [ 126.964272634346486, 37.506931047344047 ], [ 126.963798383701217, 37.507081457181272 ], [ 126.963756664856291, 37.507094687617538 ], [ 126.963670589955086, 37.507118290537484 ], [ 126.963582099137355, 37.507135301821371 ], [ 126.96349198532964, 37.507145568549475 ], [ 126.963401056131985, 37.507148999977922 ], [ 126.963387036362263, 37.507148917967818 ], [ 126.963373018937531, 37.507148672876234 ], [ 126.963359008381417, 37.50714826560565 ], [ 126.963345006956416, 37.507147695255789 ], [ 126.963331016924656, 37.507146961827367 ], [ 126.963317041678266, 37.507146067123507 ], [ 126.963173968042298, 37.507136062946905 ], [ 126.963150968958857, 37.507134455308062 ], [ 126.963135798804188, 37.506997724893608 ], [ 126.963094949707965, 37.506536300802999 ], [ 126.962629181367959, 37.506580329721288 ], [ 126.962628223715257, 37.506564502480664 ], [ 126.962625676120695, 37.506548244039685 ], [ 126.962618893347283, 37.506483332130557 ], [ 126.962646144722001, 37.506487121686781 ], [ 126.962636946216705, 37.506472252197703 ], [ 126.962620649071638, 37.506384390546316 ], [ 126.962610065544396, 37.506336030513552 ], [ 126.962596280753829, 37.506267036576759 ], [ 126.962594827993485, 37.506252903948656 ], [ 126.962577429672578, 37.506255921062518 ], [ 126.962445929909606, 37.506278708927027 ], [ 126.962310527830923, 37.506302162088339 ], [ 126.962119193088441, 37.506336084067627 ], [ 126.962073746151717, 37.506343799462854 ], [ 126.961949880881448, 37.506365327926765 ], [ 126.96179981930382, 37.506391884033548 ], [ 126.961753873898516, 37.506401049744376 ], [ 126.961733051076024, 37.506403718696951 ], [ 126.9617356119075, 37.50647991693517 ], [ 126.961755142617605, 37.506546525259935 ], [ 126.961753004776767, 37.506568373734261 ], [ 126.961747205062196, 37.506628107928137 ], [ 126.961751043137141, 37.506663158029646 ], [ 126.961759887679662, 37.506726726391818 ], [ 126.961761245182046, 37.506747458804782 ], [ 126.961751440256904, 37.506810020781728 ], [ 126.96174650200409, 37.506844797628446 ], [ 126.96174238905904, 37.506880160401082 ], [ 126.961736603773133, 37.506912639417799 ], [ 126.961734938477548, 37.506922063292258 ], [ 126.961734941871526, 37.506960427772377 ], [ 126.961753678628469, 37.506988878575484 ], [ 126.961793158603655, 37.507069191467991 ], [ 126.961806447046939, 37.507081248580633 ], [ 126.961984540882611, 37.507354333105773 ], [ 126.961956705922873, 37.507375711667905 ], [ 126.961930593754616, 37.507396528578241 ], [ 126.96191061024841, 37.50742201740794 ], [ 126.961759891826077, 37.507542164358178 ], [ 126.961617181554857, 37.507655925746178 ], [ 126.961497260101851, 37.507751521562199 ], [ 126.961465275846862, 37.507767457477392 ], [ 126.961313801312855, 37.507888205460993 ], [ 126.961291526646306, 37.507927332703801 ], [ 126.961275169544521, 37.507968271160998 ], [ 126.961264954258823, 37.508010455986025 ], [ 126.961261022488088, 37.508053304283401 ], [ 126.961263429980278, 37.508096224117388 ], [ 126.961272140872723, 37.508138621718075 ], [ 126.961275710495912, 37.508148865473018 ], [ 126.961280847932301, 37.508158676382067 ], [ 126.961586663037238, 37.508640374972032 ], [ 126.961614074790546, 37.50867996234561 ], [ 126.961644976650661, 37.508717884045424 ], [ 126.961679209251614, 37.508753943597725 ], [ 126.961688378267894, 37.50876275033454 ], [ 126.961697745286457, 37.50877142198776 ], [ 126.961707308046215, 37.508779956754594 ], [ 126.961717063155135, 37.508788352831864 ], [ 126.961727008353535, 37.508796605713741 ], [ 126.961737140249326, 37.508804713597101 ], [ 126.961747454319848, 37.508812673777321 ], [ 126.961757949435508, 37.508820483551027 ], [ 126.961768618811178, 37.508828141113881 ], [ 126.961779461317732, 37.508835642861456 ], [ 126.961790473563497, 37.508842986089554 ], [ 126.961801651024857, 37.508850169895652 ], [ 126.961812989179634, 37.508857190674185 ], [ 126.961824486897683, 37.508864046622719 ], [ 126.961862100920243, 37.508886055302945 ], [ 126.962803215097153, 37.509436704723932 ], [ 126.962914788560639, 37.509421941455123 ], [ 126.962943880115844, 37.509414654682161 ], [ 126.963010687337956, 37.509342763381625 ], [ 126.963146929072607, 37.50916966306616 ], [ 126.9631979794665, 37.509111276992122 ], [ 126.96324102877675, 37.509062033425906 ], [ 126.96331682638349, 37.508980310474691 ], [ 126.963350831527578, 37.508945110490679 ], [ 126.963592038159661, 37.508689485127327 ], [ 126.963622206721439, 37.508658581589053 ], [ 126.963739275899414, 37.508528776352513 ], [ 126.963810818029287, 37.508450592635462 ], [ 126.964147165140972, 37.508120817325484 ], [ 126.964164543726, 37.508085512731377 ] ] ] } },
{ "type": "Feature", "properties": { "OBJECTID": 3878, "ID": "중심지_72", "CODE": "ZON540", "ENT_NAME": "중심지", "JOSER_ID": null, "GOSI_ID": null, "LABEL": "강서지구중심(서남권)", "GOSI_DATE": null }, "geometry": { "type": "Polygon", "coordinates": [ [ [ 126.852697768425728, 37.557018668381247 ], [ 126.852750578520229, 37.557000192571721 ], [ 126.852821655244369, 37.557123978902382 ], [ 126.852832516458108, 37.557148562553621 ], [ 126.852897734984225, 37.557264638001634 ], [ 126.852957747761678, 37.55736925529034 ], [ 126.853046822955179, 37.557531518336418 ], [ 126.853061677765297, 37.557558065736735 ], [ 126.853372458649091, 37.5574478479408 ], [ 126.853660122901971, 37.557347207626492 ], [ 126.853847670528395, 37.557281588129193 ], [ 126.853894183653168, 37.557265311357071 ], [ 126.853962384737642, 37.557241449213535 ], [ 126.853976586694429, 37.557236475480231 ], [ 126.854081560998011, 37.557199747135471 ], [ 126.854178800032599, 37.557165720121525 ], [ 126.854213364788592, 37.557153645843556 ], [ 126.854298757488792, 37.557123748501503 ], [ 126.854302642053597, 37.557122392851078 ], [ 126.854414637711741, 37.557083204252613 ], [ 126.854631267280695, 37.557007395308354 ], [ 126.854866277227117, 37.556925165821092 ], [ 126.855198320913601, 37.556808979832667 ], [ 126.855211647889817, 37.556765209170749 ], [ 126.855126669197517, 37.556682211935467 ], [ 126.855070709450189, 37.55662765972459 ], [ 126.854813447769118, 37.55637648784343 ], [ 126.854638262318957, 37.556205441585817 ], [ 126.85459530476426, 37.556163510159259 ], [ 126.854477242397493, 37.556048235683178 ], [ 126.85463903675894, 37.555920984899196 ], [ 126.854611383801213, 37.555894017223551 ], [ 126.854535928985072, 37.555820312492365 ], [ 126.854447698834321, 37.555734212206815 ], [ 126.854388747225343, 37.555676601584508 ], [ 126.854182829127112, 37.555475604388072 ], [ 126.854350892551395, 37.555416808173455 ], [ 126.854408400986827, 37.555396688660991 ], [ 126.854540575148519, 37.555350443289754 ], [ 126.854598796960275, 37.555330072295149 ], [ 126.854649397023664, 37.555312367730714 ], [ 126.854761208573294, 37.555273250638997 ], [ 126.855222915529652, 37.555111726555985 ], [ 126.855655899544345, 37.55496021031621 ], [ 126.855475186457852, 37.554632877289166 ], [ 126.855298927449368, 37.554305354870479 ], [ 126.855298912790033, 37.55430532782264 ], [ 126.855187126765969, 37.55434384990901 ], [ 126.855039532271022, 37.554394518764774 ], [ 126.854948528315418, 37.554425129585255 ], [ 126.854787999826627, 37.554480674443859 ], [ 126.854565207720995, 37.55455760318376 ], [ 126.854496937248101, 37.554583565809061 ], [ 126.854465682182735, 37.55459425046736 ], [ 126.85436901004411, 37.5544505014877 ], [ 126.854367406463254, 37.554451051795972 ], [ 126.85423092762791, 37.554497874552723 ], [ 126.854248359548777, 37.55445578404224 ], [ 126.854166348647908, 37.554333039027931 ], [ 126.854059374392008, 37.554174925970251 ], [ 126.853983952328477, 37.554062793699835 ], [ 126.853939831035916, 37.553997741172672 ], [ 126.853926188189803, 37.553977749180603 ], [ 126.853888678892631, 37.55392276895217 ], [ 126.853776842419791, 37.553728781150291 ], [ 126.853726675795812, 37.553636312869621 ], [ 126.853676980548272, 37.55354589941301 ], [ 126.85366214250071, 37.55351803124249 ], [ 126.853627054406019, 37.553452124953331 ], [ 126.853578569541924, 37.553362100394189 ], [ 126.853529135548271, 37.553271380862263 ], [ 126.853424469902706, 37.553080410999399 ], [ 126.853364022733274, 37.55296795471763 ], [ 126.853357360472458, 37.552954818937195 ], [ 126.853295505170735, 37.552844910652482 ], [ 126.853228712697558, 37.552725202373978 ], [ 126.853178520987214, 37.55262894064704 ], [ 126.853086240218275, 37.552459519680667 ], [ 126.853027162507288, 37.552353209687901 ], [ 126.852928624454606, 37.552166589834655 ], [ 126.852911269593463, 37.552135564932001 ], [ 126.852843351617608, 37.552013377283373 ], [ 126.852785955110406, 37.551909925417377 ], [ 126.852715919380159, 37.551783022846138 ], [ 126.852634543513616, 37.551633905540065 ], [ 126.852573083988389, 37.551530916956381 ], [ 126.85254766617976, 37.551480060046401 ], [ 126.852511425437129, 37.551414296108838 ], [ 126.85243980797047, 37.551280877209983 ], [ 126.852363762891841, 37.551143326137918 ], [ 126.852279762875767, 37.550994259317108 ], [ 126.852190651291494, 37.55083225676109 ], [ 126.852151496404261, 37.550826422883787 ], [ 126.851888657651841, 37.551030686955556 ], [ 126.851813546844994, 37.551088651556512 ], [ 126.851702869339931, 37.551174168315995 ], [ 126.851466227876259, 37.551360616054716 ], [ 126.851353835090137, 37.551448959411374 ], [ 126.851221287885423, 37.551553819185045 ], [ 126.851159291035231, 37.551601015204263 ], [ 126.851037732187805, 37.551694410147689 ], [ 126.850948188375156, 37.551765077775066 ], [ 126.85088209870915, 37.551782085264541 ], [ 126.850836377519343, 37.551794226334557 ], [ 126.850711091369689, 37.551827520152806 ], [ 126.850693715000844, 37.551863825874271 ], [ 126.85062410318767, 37.55179226140897 ], [ 126.850752576203803, 37.551289213590501 ], [ 126.850151742887661, 37.550595709715083 ], [ 126.850102128898811, 37.550585735216146 ], [ 126.849991625926222, 37.550455859901341 ], [ 126.849804065387261, 37.550422967193178 ], [ 126.849013317624554, 37.550855180691393 ], [ 126.849013337946545, 37.550855204143389 ], [ 126.848717412566344, 37.550988333901365 ], [ 126.848556318859607, 37.551078161272741 ], [ 126.848428681123153, 37.551149174079747 ], [ 126.848440979480657, 37.551266733180306 ], [ 126.848518823050597, 37.551356942075664 ], [ 126.848614936572147, 37.551466996356503 ], [ 126.848708684099407, 37.551577588089501 ], [ 126.848797389250862, 37.551680388671855 ], [ 126.848853365046295, 37.55174521520027 ], [ 126.848966739852415, 37.551876329617926 ], [ 126.848987041402765, 37.55189883554192 ], [ 126.849103308004445, 37.552032773659178 ], [ 126.84916919663857, 37.552109280647898 ], [ 126.849215126102521, 37.552161858596207 ], [ 126.849299906093165, 37.55225891442398 ], [ 126.849366953330772, 37.552344639919468 ], [ 126.849430437387312, 37.552418512770195 ], [ 126.849499237213379, 37.552499555298681 ], [ 126.849578899887902, 37.552592450770113 ], [ 126.849663406272796, 37.55269096558208 ], [ 126.849768709399257, 37.552813689625822 ], [ 126.84987210443478, 37.552934383895995 ], [ 126.850022185304496, 37.553109305482337 ], [ 126.850077762332489, 37.553215657521392 ], [ 126.850130917905716, 37.553321907319237 ], [ 126.850196414609911, 37.553453409628297 ], [ 126.850261972789511, 37.553582605443523 ], [ 126.850324964378643, 37.553710743775518 ], [ 126.850389033095155, 37.553837991470168 ], [ 126.850399809031032, 37.553859340695894 ], [ 126.850455331110155, 37.553965422177434 ], [ 126.850466068179628, 37.553983617883304 ], [ 126.850523624181236, 37.55410256806384 ], [ 126.850588188486057, 37.554225707763841 ], [ 126.850660570390872, 37.554355804043411 ], [ 126.85066828006498, 37.554371283883476 ], [ 126.850744531658449, 37.554507511780947 ], [ 126.850754127957458, 37.554524660854604 ], [ 126.850762887669049, 37.554541376384407 ], [ 126.850816387225123, 37.554640733720795 ], [ 126.850826214271663, 37.554658521884306 ], [ 126.850881052567033, 37.554759125164551 ], [ 126.850936962949433, 37.554864125712534 ], [ 126.850946985364416, 37.55488327550961 ], [ 126.85099586108413, 37.554969193110239 ], [ 126.851044502035961, 37.555054290489942 ], [ 126.851037160929607, 37.555056933647641 ], [ 126.850564455872345, 37.555227648023767 ], [ 126.850617100075254, 37.555321951596973 ], [ 126.850530789608996, 37.555352673121945 ], [ 126.850420640389629, 37.555391283778263 ], [ 126.850143095007269, 37.555492875248277 ], [ 126.850010870618235, 37.555540106717174 ], [ 126.849908249255307, 37.555577519226695 ], [ 126.849857299601595, 37.555700078448666 ], [ 126.849862459457881, 37.555706067645055 ], [ 126.849850476213376, 37.555766634776518 ], [ 126.849840336119087, 37.5558167978471 ], [ 126.849847507547366, 37.555829808334735 ], [ 126.849916885513537, 37.555956837812708 ], [ 126.850063539535796, 37.556200761630365 ], [ 126.850101622524463, 37.556273421195868 ], [ 126.850174984894096, 37.556406122844884 ], [ 126.850213661328439, 37.556470845417451 ], [ 126.850352188951319, 37.556422395553682 ], [ 126.850448771915467, 37.556585325210165 ], [ 126.850539841813529, 37.556750317306658 ], [ 126.850665683969439, 37.556978698701087 ], [ 126.850751045292313, 37.557133507560053 ], [ 126.850819718418705, 37.557257841624399 ], [ 126.850886474871231, 37.55737865934384 ], [ 126.850969807926504, 37.557529501095537 ], [ 126.851013186244188, 37.557608074888655 ], [ 126.851396364460527, 37.557474002661266 ], [ 126.852697768425728, 37.557018668381247 ] ] ] } },
{ "type": "Feature", "properties": { "OBJECTID": 3879, "ID": "중심지_75", "CODE": "ZON540", "ENT_NAME": "중심지", "JOSER_ID": null, "GOSI_ID": null, "LABEL": "신림지구중심(서남권)", "GOSI_DATE": null }, "geometry": { "type": "Polygon", "coordinates": [ [ [ 126.930314213114812, 37.488081192872251 ], [ 126.930298178614308, 37.488058501424533 ], [ 126.930341866350446, 37.48806857570591 ], [ 126.931903485950926, 37.487407793330725 ], [ 126.934062834569787, 37.486429261729896 ], [ 126.934114069511196, 37.486342041666845 ], [ 126.934092370481807, 37.485490370946131 ], [ 126.934092915233634, 37.48543526424514 ], [ 126.93409424957332, 37.485233770585893 ], [ 126.934093923744896, 37.485206307893968 ], [ 126.934093906919031, 37.48512437086611 ], [ 126.93409378684764, 37.485031504637476 ], [ 126.934014985417761, 37.484962379908019 ], [ 126.934001566034709, 37.48459625051737 ], [ 126.934036925984344, 37.484415367743388 ], [ 126.934062404790339, 37.484283791097411 ], [ 126.933957225465193, 37.484278198860132 ], [ 126.933903035972406, 37.484275365750882 ], [ 126.933862119752334, 37.484273152898112 ], [ 126.933845262594104, 37.484272233233966 ], [ 126.933785001621899, 37.484269288473101 ], [ 126.933759834503959, 37.484268021652632 ], [ 126.933711003968725, 37.484265560938638 ], [ 126.933654282083637, 37.484262457763784 ], [ 126.933650544439459, 37.484294646580615 ], [ 126.933600199519859, 37.484253937458774 ], [ 126.933578121586777, 37.484224930554383 ], [ 126.933550398332301, 37.484224644310679 ], [ 126.933522161023063, 37.484205211493311 ], [ 126.933514999651919, 37.484210027727471 ], [ 126.933509586484718, 37.484207114378798 ], [ 126.933497391936726, 37.484201431053208 ], [ 126.933464425461636, 37.484185392273332 ], [ 126.933427774716534, 37.484167558369158 ], [ 126.933421080007449, 37.484168960072758 ], [ 126.933265043456601, 37.484201630441994 ], [ 126.933221911986223, 37.484211002960826 ], [ 126.933167449832865, 37.48422209883212 ], [ 126.933169671153223, 37.484191511132977 ], [ 126.933139936203943, 37.484165482030541 ], [ 126.932697801474689, 37.484135140924003 ], [ 126.932702047989807, 37.484103302021353 ], [ 126.932721181150924, 37.483964802274762 ], [ 126.932616274507069, 37.483958362061543 ], [ 126.932610844663017, 37.483973666902834 ], [ 126.932488142484075, 37.483966333215875 ], [ 126.932487120510942, 37.483971107924326 ], [ 126.932447197185766, 37.483971372914453 ], [ 126.932334973035651, 37.483967369886663 ], [ 126.932225621416862, 37.483962629615966 ], [ 126.932087235306653, 37.48395739465672 ], [ 126.932028540763014, 37.483960378507241 ], [ 126.931864517085941, 37.483949280710497 ], [ 126.931863300538765, 37.483956560081737 ], [ 126.931647851439692, 37.483949468143145 ], [ 126.931607836723387, 37.483950750926823 ], [ 126.93144223593977, 37.483945643267688 ], [ 126.931411676757833, 37.483943345608012 ], [ 126.931327808075736, 37.483952711279095 ], [ 126.931285053195964, 37.483958263070583 ], [ 126.931162005909783, 37.483969461392597 ], [ 126.931116592125264, 37.483977002752184 ], [ 126.93101237202572, 37.483986076761738 ], [ 126.93099770486198, 37.48398894220238 ], [ 126.930962108064435, 37.4840173295147 ], [ 126.930851348425307, 37.483934956882976 ], [ 126.930815899565928, 37.483902301419974 ], [ 126.93078105144626, 37.483784132296243 ], [ 126.930502388764964, 37.483836745789397 ], [ 126.930498802331158, 37.483779439967059 ], [ 126.930442401660613, 37.48376003633426 ], [ 126.930418885538572, 37.483711005926992 ], [ 126.930393654288977, 37.483658372280026 ], [ 126.930483129350506, 37.483614637450835 ], [ 126.930458643882815, 37.483562454765725 ], [ 126.930446333357594, 37.483536327340303 ], [ 126.93042219750798, 37.483485126948452 ], [ 126.930398301216968, 37.483419789988062 ], [ 126.93037235250776, 37.483348865579444 ], [ 126.930358233473896, 37.483310348289514 ], [ 126.930316337915386, 37.483197013149059 ], [ 126.930292622965609, 37.483131405973076 ], [ 126.930287773735458, 37.483118248433151 ], [ 126.930286503873759, 37.483026705949563 ], [ 126.930285334162988, 37.482948768642743 ], [ 126.930268419875844, 37.482663050963502 ], [ 126.930248055729223, 37.482319486905475 ], [ 126.930027132396646, 37.482319623750229 ], [ 126.929742546992188, 37.482328281041262 ], [ 126.929747157334418, 37.482283702298425 ], [ 126.929757713197574, 37.482181607243419 ], [ 126.929767538614627, 37.48208664767251 ], [ 126.929779463803754, 37.48197132674408 ], [ 126.929808095499084, 37.481694466408292 ], [ 126.929819826465234, 37.481581127553198 ], [ 126.92982265654264, 37.481553738828069 ], [ 126.929838830285064, 37.481429050046096 ], [ 126.929842114776122, 37.481411212210439 ], [ 126.929863263149031, 37.481298329558228 ], [ 126.929890961172546, 37.481181756764407 ], [ 126.929908372501302, 37.481122472411442 ], [ 126.929918717199399, 37.481087249522808 ], [ 126.929926804678104, 37.481059692788079 ], [ 126.929965701543296, 37.480948586825292 ], [ 126.929934085582914, 37.48094134164478 ], [ 126.929796728023618, 37.48108437342885 ], [ 126.929535660062868, 37.481356236028603 ], [ 126.929482479851657, 37.481411498077847 ], [ 126.929376153147118, 37.481521986083401 ], [ 126.929349953379145, 37.481549216367135 ], [ 126.929230393922111, 37.481673476071187 ], [ 126.929169183679008, 37.48176858975971 ], [ 126.929116753011471, 37.481854963675573 ], [ 126.929123171948589, 37.481881457047834 ], [ 126.929075691498085, 37.481993062013544 ], [ 126.92859844338156, 37.482357944288289 ], [ 126.928057036166635, 37.482771799206084 ], [ 126.927938910160918, 37.482862096128308 ], [ 126.927880752303963, 37.482906481059629 ], [ 126.927793175806784, 37.482973459135806 ], [ 126.927680706575543, 37.483059434520264 ], [ 126.927594035023759, 37.483125603913386 ], [ 126.927477831402584, 37.483214459969496 ], [ 126.927398627195259, 37.483275047689261 ], [ 126.927290343618921, 37.483357781718773 ], [ 126.927265563985287, 37.483376687173127 ], [ 126.927166445236551, 37.483452399037809 ], [ 126.92706992863188, 37.483526220355536 ], [ 126.927052729973596, 37.483539274033831 ], [ 126.926841365858465, 37.483700870334047 ], [ 126.926698029917588, 37.483682777659887 ], [ 126.926436336734156, 37.484016837995199 ], [ 126.926406351315677, 37.484040118823877 ], [ 126.926363260826491, 37.48407554581361 ], [ 126.926263716130691, 37.484157014036469 ], [ 126.92616905828902, 37.484235827337741 ], [ 126.926152265412753, 37.484249809172979 ], [ 126.926105644051518, 37.484288225138464 ], [ 126.92607201355419, 37.484315657169056 ], [ 126.925983727260075, 37.484388131341035 ], [ 126.925955517645761, 37.484410449117853 ], [ 126.925900715353066, 37.484454932515675 ], [ 126.925852871740759, 37.484494230578633 ], [ 126.925762252977151, 37.484569577281945 ], [ 126.92566272864822, 37.484651973035 ], [ 126.925557772081746, 37.484739176555607 ], [ 126.925507800630513, 37.484780293130619 ], [ 126.925405775060455, 37.484864588166772 ], [ 126.925378513878854, 37.484887861475698 ], [ 126.92529860789567, 37.484956925734565 ], [ 126.925214967846941, 37.485028681519793 ], [ 126.925110561660716, 37.485118434824777 ], [ 126.925042166348916, 37.485175414919176 ], [ 126.924974415475745, 37.48523233232077 ], [ 126.924947767545746, 37.485252704703427 ], [ 126.924759378586543, 37.485416195205453 ], [ 126.92473857989539, 37.485432841196697 ], [ 126.924655011595334, 37.485499740231703 ], [ 126.924583671399589, 37.485561060964571 ], [ 126.924486839250335, 37.485650773590763 ], [ 126.924468393698277, 37.485665988476605 ], [ 126.924432041563094, 37.485700049624 ], [ 126.924411839642801, 37.485718966467971 ], [ 126.924346155910129, 37.485776875953292 ], [ 126.924330095617492, 37.485792479805298 ], [ 126.924269121773818, 37.485855140597359 ], [ 126.924219311067773, 37.485914420897998 ], [ 126.924178364859998, 37.485962651701072 ], [ 126.924133420867349, 37.486017132816094 ], [ 126.924083135220556, 37.486076259576429 ], [ 126.923909289450734, 37.486277086684495 ], [ 126.923869453056327, 37.486323245804854 ], [ 126.923821033981469, 37.486381058216061 ], [ 126.923763887688068, 37.486448118140409 ], [ 126.923672948048889, 37.486555989124341 ], [ 126.923582210811475, 37.486675573177081 ], [ 126.923536229855387, 37.486747839125009 ], [ 126.923498707533582, 37.486808100302284 ], [ 126.923445588013706, 37.48689484057806 ], [ 126.923383387337836, 37.486993963581035 ], [ 126.923369795297219, 37.487016767925361 ], [ 126.923317087500806, 37.487098738515755 ], [ 126.923434973827227, 37.487120128744124 ], [ 126.92345792281165, 37.487124045239597 ], [ 126.923684324259128, 37.487164883775705 ], [ 126.923720861672109, 37.487171241871728 ], [ 126.923926709276643, 37.487210255397443 ], [ 126.924121265043595, 37.487245792316557 ], [ 126.924184097818284, 37.487256681503013 ], [ 126.924250830067521, 37.487268969756826 ], [ 126.924383028124325, 37.487293671464734 ], [ 126.924528681166805, 37.487318742192613 ], [ 126.924581531263513, 37.487328417322075 ], [ 126.924711412845056, 37.487351909813384 ], [ 126.924735232814939, 37.487355619396745 ], [ 126.924802429592816, 37.487367159810418 ], [ 126.924823286578516, 37.4873714260725 ], [ 126.924833223320988, 37.487373459772968 ], [ 126.924906952865413, 37.487387635288151 ], [ 126.925010391618088, 37.487407236000728 ], [ 126.925030198613328, 37.487409996875613 ], [ 126.92516243113424, 37.487434661693392 ], [ 126.925298214085018, 37.487459373703473 ], [ 126.925426479249282, 37.487482837335733 ], [ 126.925544999522344, 37.487504672762505 ], [ 126.925580632500626, 37.487511227921743 ], [ 126.925701797686486, 37.487534065001483 ], [ 126.925769140281801, 37.48754707358944 ], [ 126.925936932064332, 37.487573445202081 ], [ 126.925967138662827, 37.487579095773086 ], [ 126.92604695147719, 37.487593580806291 ], [ 126.926217214421726, 37.487625206431737 ], [ 126.926365161698754, 37.48765261895813 ], [ 126.926545566628306, 37.487684917300818 ], [ 126.926567419124439, 37.487688877546404 ], [ 126.926705497514845, 37.487714400295054 ], [ 126.926733601411982, 37.487719761018532 ], [ 126.926750649409826, 37.487722754118771 ], [ 126.926843496751701, 37.48774002194228 ], [ 126.926858769952076, 37.487742617465045 ], [ 126.926870741649097, 37.487745066740082 ], [ 126.926891407248306, 37.487748719835736 ], [ 126.927024240172955, 37.48777346403827 ], [ 126.927066070804074, 37.487781143501124 ], [ 126.927152517640138, 37.487797010497815 ], [ 126.927145827477233, 37.487827600657148 ], [ 126.92712990704716, 37.487884750101209 ], [ 126.927099755824699, 37.487994049493224 ], [ 126.927072079316034, 37.48809341240063 ], [ 126.927053010571882, 37.488166822904546 ], [ 126.92701393988483, 37.488274044346916 ], [ 126.926976732576193, 37.488406224658981 ], [ 126.926954981649715, 37.488481867931739 ], [ 126.9269503153741, 37.488501029263595 ], [ 126.926911834728912, 37.488628586614894 ], [ 126.926902157688758, 37.488660800274481 ], [ 126.926886409012226, 37.488715426985152 ], [ 126.926876811557179, 37.488747181182326 ], [ 126.926860492814015, 37.488806501739944 ], [ 126.926858291341091, 37.488814420141203 ], [ 126.926830913218069, 37.488908737565069 ], [ 126.926827964343232, 37.488917781743488 ], [ 126.926811986785694, 37.488975048227807 ], [ 126.926821807493852, 37.489082534753877 ], [ 126.926844455136163, 37.489151421525619 ], [ 126.926852086938382, 37.489174726213989 ], [ 126.926866899666237, 37.489219929743797 ], [ 126.926893461114275, 37.489287395396936 ], [ 126.926897842820622, 37.489304300927763 ], [ 126.92693047056899, 37.489400305078092 ], [ 126.926994146495758, 37.489384199334353 ], [ 126.927082806832132, 37.48936135179715 ], [ 126.92718500763695, 37.489332719281379 ], [ 126.927264802712756, 37.489310127319797 ], [ 126.927291472587086, 37.489302683795565 ], [ 126.927316536381525, 37.489295689756787 ], [ 126.927424619906375, 37.489263889206846 ], [ 126.927430716298332, 37.489262082019231 ], [ 126.927531743806227, 37.489230484176581 ], [ 126.927628552602116, 37.489199928769416 ], [ 126.92770747878572, 37.489175263664393 ], [ 126.927720508763656, 37.489171154232395 ], [ 126.927787717343691, 37.489149797435275 ], [ 126.927883790935681, 37.4891192683897 ], [ 126.927939846247568, 37.489102247375698 ], [ 126.92843205404948, 37.488923722331585 ], [ 126.928607142451526, 37.488845939031201 ], [ 126.928692808699239, 37.488807897571064 ], [ 126.928848406379103, 37.488738300999302 ], [ 126.928954344420191, 37.488690333781534 ], [ 126.929036571556694, 37.488653722549344 ], [ 126.929193164755915, 37.488582954831713 ], [ 126.929357607762825, 37.488509119288764 ], [ 126.929486858890641, 37.48845100254308 ], [ 126.92968859541061, 37.488361989390853 ], [ 126.929728435809253, 37.488344489147018 ], [ 126.929933431035721, 37.48825250425358 ], [ 126.930017591619873, 37.48821495646645 ], [ 126.930119364744485, 37.488169535509819 ], [ 126.930160178026085, 37.488151323917336 ], [ 126.930314213114812, 37.488081192872251 ] ], [ [ 126.926716175738434, 37.484479949772194 ], [ 126.926719834029925, 37.484473646883536 ], [ 126.926715065252679, 37.484482403395702 ], [ 126.926716175738434, 37.484479949772194 ] ], [ [ 126.927304288711099, 37.484885246635478 ], [ 126.92729584422365, 37.48488369521391 ], [ 126.927302434786341, 37.484884886872706 ], [ 126.927304288711099, 37.484885246635478 ] ] ] } },
{ "type": "Feature", "properties": { "OBJECTID": 3882, "ID": "중심지_24", "CODE": "ZON540", "ENT_NAME": "중심지", "JOSER_ID": null, "GOSI_ID": null, "LABEL": "동선지구중심(동북권)", "GOSI_DATE": null }, "geometry": { "type": "Polygon", "coordinates": [ [ [ 127.020338836477961, 37.594932295643126 ], [ 127.020337408520433, 37.594918409902995 ], [ 127.020329045700748, 37.594911434915566 ], [ 127.019794913472793, 37.594465972227134 ], [ 127.019422619992795, 37.594155477127593 ], [ 127.019499121402802, 37.594100100015744 ], [ 127.019544124067139, 37.594067896478904 ], [ 127.01963590408856, 37.594000808652616 ], [ 127.019664160264981, 37.59397981678422 ], [ 127.019680358394481, 37.593967769935006 ], [ 127.019640857466328, 37.593844768221345 ], [ 127.019640563978129, 37.593843856470272 ], [ 127.019625000480801, 37.593727181387436 ], [ 127.019623208900128, 37.593712018095751 ], [ 127.019622867411115, 37.593709270145865 ], [ 127.019619797682637, 37.593699697657961 ], [ 127.019610848944666, 37.59364296855022 ], [ 127.019610806955242, 37.593642579331402 ], [ 127.019609183058549, 37.593627822357554 ], [ 127.019609087669949, 37.593626685329895 ], [ 127.019607897493998, 37.593612128308003 ], [ 127.019600258638491, 37.593535811597683 ], [ 127.019598239388955, 37.593515611837354 ], [ 127.019589967017211, 37.593446259831438 ], [ 127.019588205083394, 37.593427212390239 ], [ 127.019588202806176, 37.593427160133494 ], [ 127.019585962293505, 37.593405011577204 ], [ 127.019582362062522, 37.593369515145021 ], [ 127.019581654170338, 37.593363978704225 ], [ 127.019579958178511, 37.593350711968462 ], [ 127.019572833864288, 37.593294897074458 ], [ 127.019570451481542, 37.59327602271641 ], [ 127.0195606434296, 37.593195883453944 ], [ 127.019554545316595, 37.593146057244056 ], [ 127.019545127221065, 37.593062936561374 ], [ 127.019539929123525, 37.593017065533914 ], [ 127.019535165692687, 37.592980008770432 ], [ 127.019468905934232, 37.592912880205482 ], [ 127.019442894277489, 37.592886527659331 ], [ 127.019395172818761, 37.592867919655589 ], [ 127.019347479693621, 37.592849322440038 ], [ 127.019291742123059, 37.592827866691849 ], [ 127.01925122621428, 37.592812270436767 ], [ 127.019044099905983, 37.592730541531573 ], [ 127.019016401602627, 37.592719765361011 ], [ 127.018947699403284, 37.592692935196396 ], [ 127.018932426262069, 37.592655312337513 ], [ 127.018959383753682, 37.592597041689395 ], [ 127.018953836657928, 37.592553254661176 ], [ 127.018943661078168, 37.592520433297416 ], [ 127.018933488841782, 37.592497063259799 ], [ 127.018915736244864, 37.592455435887011 ], [ 127.018884159476755, 37.592369355968103 ], [ 127.01885993470124, 37.592297975423826 ], [ 127.018857720271185, 37.592289565959192 ], [ 127.018866584827279, 37.592269709659959 ], [ 127.018866061880544, 37.592241159337803 ], [ 127.01886551943997, 37.592211551262466 ], [ 127.018850439494585, 37.592156847495787 ], [ 127.018850433826515, 37.59215681866511 ], [ 127.018848773691801, 37.592048466501758 ], [ 127.018845732771354, 37.591942646305895 ], [ 127.01884399173116, 37.591910184085599 ], [ 127.018842285509024, 37.591876496520889 ], [ 127.01881846962182, 37.59180973705228 ], [ 127.018780147733736, 37.591760488534796 ], [ 127.018780116020494, 37.591760447094117 ], [ 127.018742668218565, 37.591701027220459 ], [ 127.018705544429267, 37.591642143373015 ], [ 127.018681162607749, 37.591604990312675 ], [ 127.018675128156318, 37.591572882799134 ], [ 127.018673734321709, 37.59157284425936 ], [ 127.018673727514027, 37.591572782993396 ], [ 127.018670896724515, 37.591547625209628 ], [ 127.018669172156748, 37.591532300611796 ], [ 127.018669184601364, 37.591532255560764 ], [ 127.018689683378369, 37.591458984506154 ], [ 127.018692037177942, 37.59145323588141 ], [ 127.018707168230691, 37.591416185188535 ], [ 127.018719436682687, 37.591392974936632 ], [ 127.018775370033296, 37.591291821328852 ], [ 127.01877926339165, 37.591284721000065 ], [ 127.018864529505464, 37.591117251479794 ], [ 127.018864495535425, 37.591117242474915 ], [ 127.018842051313229, 37.591110282059638 ], [ 127.018842018475297, 37.591110272153614 ], [ 127.018786591388036, 37.591093428255782 ], [ 127.018786554020835, 37.59109341744945 ], [ 127.018764000067662, 37.591086821934176 ], [ 127.018728660649955, 37.591075537752637 ], [ 127.018708356540458, 37.591069053620821 ], [ 127.018650480062846, 37.591050614371582 ], [ 127.018560324981991, 37.591021890512245 ], [ 127.01841869132663, 37.590976654409275 ], [ 127.018332946335704, 37.590946830543011 ], [ 127.018332894247834, 37.590946813431735 ], [ 127.018223667614549, 37.590913059128695 ], [ 127.018200521505236, 37.590906070759999 ], [ 127.018098985551376, 37.590873428871475 ], [ 127.017961201195774, 37.590829047613241 ], [ 127.017885222742791, 37.590806444354321 ], [ 127.017851139356196, 37.590795573287394 ], [ 127.017771680975059, 37.590770378303425 ], [ 127.017771602844888, 37.590770358492534 ], [ 127.017764967536948, 37.590769114244907 ], [ 127.017762340535725, 37.590768375798866 ], [ 127.017726886959991, 37.590756622820415 ], [ 127.017606870538799, 37.590717986989794 ], [ 127.017595061428054, 37.590714312580616 ], [ 127.017577396998036, 37.590708710859431 ], [ 127.017571371783021, 37.590706522285835 ], [ 127.017567091602245, 37.590705378617074 ], [ 127.017421848231436, 37.590659448047866 ], [ 127.017258983600868, 37.590607528101394 ], [ 127.017246755485516, 37.590603358171492 ], [ 127.017241886527145, 37.590602142490603 ], [ 127.017238172527257, 37.590601196951162 ], [ 127.017176323330148, 37.590581050140337 ], [ 127.017129501390073, 37.590565964845517 ], [ 127.017121235452294, 37.59056371347625 ], [ 127.017120009196717, 37.590563605520131 ], [ 127.017119706878759, 37.590563578530542 ], [ 127.016923656283552, 37.590561162608502 ], [ 127.016754829728598, 37.590559090630379 ], [ 127.016760949838655, 37.59055485070671 ], [ 127.016923887881362, 37.590426812223619 ], [ 127.017722594212884, 37.589799162100917 ], [ 127.017636110026913, 37.589731020735663 ], [ 127.017454628509071, 37.589588030228008 ], [ 127.017047717123219, 37.589267420290057 ], [ 127.016225033585556, 37.588619204711385 ], [ 127.014086318911424, 37.590355639051609 ], [ 127.011494727927285, 37.589537747139744 ], [ 127.011462299203671, 37.589527511983221 ], [ 127.011212341461288, 37.589799109465119 ], [ 127.011078406519033, 37.58994463936574 ], [ 127.01077389696384, 37.59027550709056 ], [ 127.010443698277783, 37.59063428306019 ], [ 127.010201002464086, 37.590897980668629 ], [ 127.010193299532105, 37.590906349581566 ], [ 127.010860895970197, 37.591237418645001 ], [ 127.012855414859871, 37.5922264818578 ], [ 127.012881603097341, 37.592239467933616 ], [ 127.012585199417344, 37.592563163980145 ], [ 127.01257504671544, 37.59257425154604 ], [ 127.013788944733093, 37.592746217851513 ], [ 127.013952168534146, 37.592826858706324 ], [ 127.014027538713606, 37.592856430064408 ], [ 127.014115240591664, 37.592891874477758 ], [ 127.014221534870998, 37.592934506682568 ], [ 127.014292060047211, 37.592963258496603 ], [ 127.014461250361222, 37.592981827377535 ], [ 127.014539752147925, 37.592981539439414 ], [ 127.014647433540588, 37.59298369888522 ], [ 127.014671947612385, 37.592983353782238 ], [ 127.014760572396156, 37.592984767429542 ], [ 127.014809147976294, 37.592986068398062 ], [ 127.014945475299143, 37.592988485628858 ], [ 127.014964766078009, 37.593032046031581 ], [ 127.015005827233196, 37.593118085361972 ], [ 127.01504413763098, 37.593201331940293 ], [ 127.015108613413162, 37.59334160780876 ], [ 127.015176963141016, 37.593370926962649 ], [ 127.015041122696005, 37.593441192354774 ], [ 127.015124246528117, 37.593506684368307 ], [ 127.015154290711621, 37.59352999837742 ], [ 127.015170710173408, 37.593542222837634 ], [ 127.01525349282079, 37.593604516303962 ], [ 127.015254817801093, 37.593605534262124 ], [ 127.015272121720002, 37.593618281176084 ], [ 127.01535064796731, 37.593679268641964 ], [ 127.015366513705928, 37.59369099759811 ], [ 127.015384484695673, 37.593704312037282 ], [ 127.015395674522793, 37.593712590768561 ], [ 127.01545892137429, 37.593759939053726 ], [ 127.015570062512126, 37.593843266927486 ], [ 127.015600535993372, 37.593865941071684 ], [ 127.015724475060011, 37.593962646888144 ], [ 127.015787846845754, 37.594009787753592 ], [ 127.0158177454433, 37.594039399489645 ], [ 127.015905591803701, 37.594102043263682 ], [ 127.016035034104632, 37.594201577169898 ], [ 127.016077365288552, 37.594235115601087 ], [ 127.016277780645851, 37.594388041800627 ], [ 127.016325051686366, 37.594424039211148 ], [ 127.016447744150781, 37.594517473842501 ], [ 127.016520870253231, 37.59457398421268 ], [ 127.016562567351272, 37.594605449383614 ], [ 127.016732194794386, 37.594581001962169 ], [ 127.016847447949772, 37.594499655206768 ], [ 127.01693719296027, 37.594433556325548 ], [ 127.016970591299653, 37.594409675876193 ], [ 127.017031160858664, 37.594365132281098 ], [ 127.017100222945913, 37.59431637993746 ], [ 127.01719515255148, 37.594245757232592 ], [ 127.017260068548197, 37.594253848442364 ], [ 127.017314366705847, 37.594325451417951 ], [ 127.017369559031152, 37.594394864855921 ], [ 127.017426021551273, 37.594467882933991 ], [ 127.017470986120273, 37.594527836465332 ], [ 127.017482822025272, 37.594542836252522 ], [ 127.01752444783321, 37.594599142129148 ], [ 127.017536431063817, 37.594614619412418 ], [ 127.017581361056131, 37.594670924819873 ], [ 127.017590989966749, 37.594685223029451 ], [ 127.017636576972109, 37.594742383359751 ], [ 127.017677749568691, 37.594796328663712 ], [ 127.017691658487379, 37.594814950101863 ], [ 127.017772471141072, 37.594919498214949 ], [ 127.017816248829405, 37.594975983885554 ], [ 127.017863161994256, 37.595037676793595 ], [ 127.017875700422906, 37.595054154056768 ], [ 127.017912715220646, 37.595101810982698 ], [ 127.018084777623685, 37.595122338409212 ], [ 127.018122534422545, 37.595094267448786 ], [ 127.018183240029643, 37.595051074724822 ], [ 127.018278689668492, 37.594982180973538 ], [ 127.018347360341537, 37.594931122342487 ], [ 127.019535428332048, 37.595812159883295 ], [ 127.019539733926479, 37.595809352660837 ], [ 127.019854480715082, 37.595604123996651 ], [ 127.020280042270642, 37.595326636021383 ], [ 127.020373148475883, 37.595265925491844 ], [ 127.020338836477961, 37.594932295643126 ] ] ] } },
{ "type": "Feature", "properties": { "OBJECTID": 3883, "ID": "중심지_27", "CODE": "ZON540", "ENT_NAME": "중심지", "JOSER_ID": null, "GOSI_ID": null, "LABEL": "전농지구중심(동북권)", "GOSI_DATE": null }, "geometry": { "type": "Polygon", "coordinates": [ [ [ 127.056936423074674, 37.578780729145251 ], [ 127.057276929918999, 37.578317005808692 ], [ 127.057334619303646, 37.578482613223187 ], [ 127.057391035830136, 37.578415518895795 ], [ 127.057391405858468, 37.578472880933738 ], [ 127.057487457162168, 37.578466123086088 ], [ 127.05749677371098, 37.578465578076916 ], [ 127.057722656938566, 37.578404888415811 ], [ 127.057730782060318, 37.578400694959612 ], [ 127.057830900466868, 37.578384510575972 ], [ 127.057848694936411, 37.578380762992339 ], [ 127.05797541169369, 37.578356105527511 ], [ 127.058078734073945, 37.578338856237153 ], [ 127.058175044977929, 37.578301500200034 ], [ 127.058346040735557, 37.578267207551647 ], [ 127.058412505892605, 37.578254111233356 ], [ 127.058522776754117, 37.578250336965269 ], [ 127.058542554015546, 37.578248867815738 ], [ 127.058692432994462, 37.578270824448758 ], [ 127.058880517351596, 37.578303366946656 ], [ 127.058939921078192, 37.578308590820313 ], [ 127.05906423994422, 37.578329946739487 ], [ 127.059183982350561, 37.578348926158476 ], [ 127.059249952693847, 37.578356327055985 ], [ 127.0592864671478, 37.578361552936286 ], [ 127.059332996060178, 37.578362584313744 ], [ 127.059357595238453, 37.578363112856472 ], [ 127.059391377010627, 37.578364114415955 ], [ 127.059536812863342, 37.578346383694353 ], [ 127.059572130272898, 37.578342266843428 ], [ 127.060177423496171, 37.578252742938211 ], [ 127.060166038396574, 37.578200932853747 ], [ 127.060056296305362, 37.578216196875005 ], [ 127.0599685702595, 37.578228069394306 ], [ 127.05994890928568, 37.578231989408778 ], [ 127.059867069554571, 37.578241886679415 ], [ 127.059830055027589, 37.578145562467157 ], [ 127.059827126952669, 37.578136148602972 ], [ 127.059795359744442, 37.57803412755063 ], [ 127.059869674448635, 37.578012665380307 ], [ 127.0598734997603, 37.57801129398981 ], [ 127.059893690162397, 37.578004058095047 ], [ 127.059877309834988, 37.577975892340476 ], [ 127.059867199396294, 37.577958526314973 ], [ 127.059864501448644, 37.577953869547308 ], [ 127.059856453009758, 37.577940052389202 ], [ 127.059851917527766, 37.577932243075878 ], [ 127.059849639021934, 37.577928324909671 ], [ 127.059847735735516, 37.57792505526843 ], [ 127.059845003800291, 37.577920362477592 ], [ 127.059842079147487, 37.577915327407005 ], [ 127.059836750184047, 37.57790618502478 ], [ 127.059834143838088, 37.577902852661538 ], [ 127.059797381936136, 37.577897996476835 ], [ 127.059658543438076, 37.577880630840525 ], [ 127.059245336038401, 37.577831234294045 ], [ 127.059202551748925, 37.577826525026538 ], [ 127.05903704631119, 37.577813127017365 ], [ 127.058954343015486, 37.577805157510461 ], [ 127.058762248419214, 37.577783708217837 ], [ 127.058674610163422, 37.57777526338473 ], [ 127.058593943393305, 37.577765634823784 ], [ 127.058556118736547, 37.577763882665359 ], [ 127.058572690204699, 37.57753731704215 ], [ 127.058581061522261, 37.577529565411254 ], [ 127.058598368496732, 37.577513338382438 ], [ 127.058622219230756, 37.577481422907766 ], [ 127.058641343910921, 37.57745583464196 ], [ 127.058700192646569, 37.577433461681579 ], [ 127.058709134475137, 37.577430123699244 ], [ 127.058722357893998, 37.577401826308524 ], [ 127.05873453370684, 37.577335958275839 ], [ 127.058776131098369, 37.577284230477723 ], [ 127.058801147187978, 37.577253125288621 ], [ 127.058814240381395, 37.577201222096171 ], [ 127.058823360990473, 37.577137247607084 ], [ 127.058825838358999, 37.577121569234237 ], [ 127.058829083566721, 37.577070842101811 ], [ 127.058814704904151, 37.577070218390212 ], [ 127.058814359586904, 37.577061298788379 ], [ 127.058815363563227, 37.577043368663581 ], [ 127.058812749244126, 37.577028053156525 ], [ 127.058811819257869, 37.576997753421175 ], [ 127.0588226367922, 37.576930831879437 ], [ 127.05880995894951, 37.576932279611377 ], [ 127.058780413825602, 37.57693553749796 ], [ 127.058770336480322, 37.576931307747266 ], [ 127.058747234174049, 37.576921678389283 ], [ 127.058609247413656, 37.576816185579538 ], [ 127.058539609660329, 37.576762934872008 ], [ 127.058510461139107, 37.576690869997847 ], [ 127.058482228902747, 37.576678783369786 ], [ 127.058467316150796, 37.576672420587123 ], [ 127.058460633758273, 37.576669540652375 ], [ 127.058563261397836, 37.576603989362333 ], [ 127.058554735748118, 37.576557682755642 ], [ 127.058658488455109, 37.576486274423246 ], [ 127.058591585216035, 37.576427563340097 ], [ 127.058549513032801, 37.576390642307189 ], [ 127.058557388274721, 37.576356022585259 ], [ 127.058562128314307, 37.576320647548499 ], [ 127.058545345723317, 37.576268560592062 ], [ 127.058586177091016, 37.576223851909866 ], [ 127.058475527419745, 37.576158854086771 ], [ 127.058525271825758, 37.576102959876245 ], [ 127.058540269787684, 37.576086113187024 ], [ 127.058597796967732, 37.576021484622274 ], [ 127.058591340998518, 37.576017072907277 ], [ 127.058658308457467, 37.575952890241751 ], [ 127.058565412979078, 37.575894055666438 ], [ 127.058531915452292, 37.575878349624872 ], [ 127.058420012639246, 37.575800738532813 ], [ 127.05852078763904, 37.575683885962384 ], [ 127.058536509048508, 37.575665768531422 ], [ 127.058549740873644, 37.575650301202842 ], [ 127.058710252936734, 37.575637519637723 ], [ 127.058705914853249, 37.575634368284526 ], [ 127.058699471149893, 37.575629677263215 ], [ 127.058631759684388, 37.575580435058278 ], [ 127.05860990049392, 37.575564498160368 ], [ 127.058536550605382, 37.575439648694086 ], [ 127.058520048390548, 37.575456603328441 ], [ 127.058379823079548, 37.575501269807958 ], [ 127.058254630203649, 37.57551214188311 ], [ 127.058237036853612, 37.575511474596404 ], [ 127.058219253323315, 37.575510807398402 ], [ 127.05818387644419, 37.575509472903072 ], [ 127.058116682922943, 37.575424542055408 ], [ 127.058006128130572, 37.575334676494172 ], [ 127.057998859833404, 37.575303776114701 ], [ 127.057941782404967, 37.575271277773176 ], [ 127.057911348965547, 37.575220099128423 ], [ 127.057875474962486, 37.575159768142598 ], [ 127.057858419494082, 37.575060036108432 ], [ 127.057794076476299, 37.575002764015082 ], [ 127.057758440262987, 37.575031071992207 ], [ 127.057485000528601, 37.575333374988226 ], [ 127.0573511590501, 37.575360819357556 ], [ 127.057085671586776, 37.575415247103933 ], [ 127.057060700974844, 37.575417790627867 ], [ 127.057047030068105, 37.575423139911997 ], [ 127.056909667133837, 37.575451396325072 ], [ 127.056787809362802, 37.575473375351571 ], [ 127.056680055250197, 37.575492012209274 ], [ 127.056658154444989, 37.575497338263709 ], [ 127.056545478155726, 37.575520519173068 ], [ 127.056433674417278, 37.575545006000183 ], [ 127.056396843681881, 37.575553996957204 ], [ 127.056278743863857, 37.575574342023536 ], [ 127.056263405284227, 37.575576448436927 ], [ 127.05617946149259, 37.575585109778366 ], [ 127.056165072686213, 37.575585675051407 ], [ 127.056147436945224, 37.575587413108316 ], [ 127.056015348758734, 37.575598763522429 ], [ 127.055880613404042, 37.575611061044086 ], [ 127.055843383538246, 37.57561461005043 ], [ 127.055718832786283, 37.575625055677143 ], [ 127.055594905193814, 37.575634735048013 ], [ 127.055583460937839, 37.575635515138302 ], [ 127.055418319854041, 37.575648826148203 ], [ 127.055303593233745, 37.575656807156605 ], [ 127.055297518854616, 37.575708886974439 ], [ 127.055297032543322, 37.575711103624066 ], [ 127.055286008440277, 37.575760951247574 ], [ 127.055226360502829, 37.576041446641618 ], [ 127.05522283110858, 37.576092299952144 ], [ 127.055221731858239, 37.576108004655055 ], [ 127.055220542173544, 37.576120736142116 ], [ 127.055201849738992, 37.576117248813908 ], [ 127.055167911817307, 37.57611958878752 ], [ 127.055141056979394, 37.57614551337322 ], [ 127.055089856378572, 37.576194947643451 ], [ 127.055069549174377, 37.576214516382279 ], [ 127.055063383818052, 37.576220456682726 ], [ 127.055071571800795, 37.576288360355079 ], [ 127.0550720387306, 37.576292261416739 ], [ 127.055157209396668, 37.576348246118933 ], [ 127.055183881211875, 37.576366911456965 ], [ 127.05527858663325, 37.576428360726879 ], [ 127.055362861229412, 37.576483048266191 ], [ 127.055505022567658, 37.576576361626216 ], [ 127.055528509930681, 37.576604182368612 ], [ 127.055565853697246, 37.576632222010268 ], [ 127.05564746244751, 37.576694289647314 ], [ 127.055683424822831, 37.576721798302394 ], [ 127.055735278996622, 37.576761940495132 ], [ 127.055746186336293, 37.576783892535516 ], [ 127.055789704773971, 37.576880998921325 ], [ 127.055812629167448, 37.576961086111126 ], [ 127.055848902365128, 37.577071800704928 ], [ 127.055862890444303, 37.577114483022129 ], [ 127.055873619111992, 37.57715682446311 ], [ 127.055893367625387, 37.577240697240072 ], [ 127.05589402527265, 37.57727484433655 ], [ 127.05589254287743, 37.577306803020619 ], [ 127.055865760426499, 37.577371821548844 ], [ 127.055865658352317, 37.577387138370959 ], [ 127.0557629826355, 37.577483230781482 ], [ 127.055821160092336, 37.577483068888071 ], [ 127.0557673271677, 37.577524944471882 ], [ 127.055763713666948, 37.577537469848096 ], [ 127.055763124614742, 37.577583762817682 ], [ 127.055763631863243, 37.577597926997164 ], [ 127.055766221146726, 37.577670075924033 ], [ 127.055771499491897, 37.577769317185727 ], [ 127.055812635828573, 37.577827835380866 ], [ 127.055830304778439, 37.577853937848253 ], [ 127.055865501775472, 37.577903809284102 ], [ 127.055892710504907, 37.577925015893101 ], [ 127.055915646696604, 37.577942916041387 ], [ 127.055989499122617, 37.578000319890229 ], [ 127.056069972913619, 37.578055891629944 ], [ 127.056153702160458, 37.578104596289364 ], [ 127.056183603967852, 37.578125440288588 ], [ 127.056260879843563, 37.578187058998004 ], [ 127.056314936532914, 37.578218541422785 ], [ 127.056538406738483, 37.578372172835451 ], [ 127.056562781178172, 37.578390379422686 ], [ 127.056713716523618, 37.578508023753066 ], [ 127.056764486776956, 37.578549624684996 ], [ 127.056873617843806, 37.578669296662028 ], [ 127.056936423074674, 37.578780729145251 ] ] ] } },
{ "type": "Feature", "properties": { "OBJECTID": 3884, "ID": "중심지_29", "CODE": "ZON540", "ENT_NAME": "중심지", "JOSER_ID": null, "GOSI_ID": null, "LABEL": "면목지구중심(동북권)", "GOSI_DATE": null }, "geometry": { "type": "Polygon", "coordinates": [ [ [ 127.08929423232702, 37.582150425021027 ], [ 127.089284806887179, 37.5820767223736 ], [ 127.08927300105924, 37.581991831249084 ], [ 127.089258981765269, 37.581883624251724 ], [ 127.089257255195065, 37.581869083622195 ], [ 127.089254290508919, 37.581840434473207 ], [ 127.08924419414052, 37.581765092522822 ], [ 127.089234190105117, 37.581692201183778 ], [ 127.089224092024153, 37.581614399539333 ], [ 127.08922326901309, 37.58160864285049 ], [ 127.089220622788844, 37.58159087737323 ], [ 127.089202461931151, 37.581455274454633 ], [ 127.089186229713519, 37.581330788265163 ], [ 127.089217362128934, 37.58129249125615 ], [ 127.089303782036566, 37.581268299520886 ], [ 127.089416130299966, 37.581237022887585 ], [ 127.089442308831821, 37.581229876593817 ], [ 127.089561029926145, 37.581197875188089 ], [ 127.089629770289449, 37.581178281515612 ], [ 127.089777156151058, 37.581136545864986 ], [ 127.089871127613051, 37.581112968847393 ], [ 127.089972761981386, 37.581087223647081 ], [ 127.090005932487927, 37.581078297046602 ], [ 127.090051768981155, 37.581066441743943 ], [ 127.090102336422177, 37.581053519710068 ], [ 127.09019812895292, 37.581028742754022 ], [ 127.090345276786465, 37.58101491911993 ], [ 127.090440045184863, 37.581023929714817 ], [ 127.090558034923362, 37.581034382319039 ], [ 127.090579796763947, 37.581036618368707 ], [ 127.090696846890154, 37.581047071543004 ], [ 127.090786948340934, 37.581054742915484 ], [ 127.090825964336489, 37.581056669447001 ], [ 127.09081634532069, 37.581003085172675 ], [ 127.090815766675249, 37.58099349100997 ], [ 127.090811130992151, 37.580978582296297 ], [ 127.0908061951245, 37.58093223930701 ], [ 127.090805890447669, 37.580923590071286 ], [ 127.09079526809073, 37.580835599696861 ], [ 127.090782576786637, 37.580739509217686 ], [ 127.090760084705437, 37.580704928356688 ], [ 127.090748945470935, 37.580704558362569 ], [ 127.090757677852153, 37.580566439602315 ], [ 127.090748085099776, 37.580344083476348 ], [ 127.090763434703177, 37.580295247434059 ], [ 127.090790211275575, 37.580165458151605 ], [ 127.090816651462077, 37.580074484500791 ], [ 127.090824237113509, 37.580066459084584 ], [ 127.090829319557045, 37.580036515468564 ], [ 127.090778870292709, 37.58003394977365 ], [ 127.090632594382129, 37.579979766853022 ], [ 127.090520491605034, 37.579938496154206 ], [ 127.090414536715699, 37.579899545263807 ], [ 127.090291472207724, 37.579837370710273 ], [ 127.090207122374494, 37.579771644093441 ], [ 127.09013034105142, 37.579711930323008 ], [ 127.09005820445627, 37.579655735874837 ], [ 127.090040233722974, 37.579642405744814 ], [ 127.089967814850411, 37.579585769969064 ], [ 127.089969489307236, 37.579584894757851 ], [ 127.089879820956241, 37.579512009047832 ], [ 127.089852104400492, 37.579490270971029 ], [ 127.089805103026137, 37.579454383806741 ], [ 127.089708222536004, 37.579380593361741 ], [ 127.089696948311996, 37.579372141521908 ], [ 127.089639329707452, 37.579327991166302 ], [ 127.089552107198458, 37.579264644823319 ], [ 127.089481645922945, 37.579330757661786 ], [ 127.089334897576549, 37.579450707101039 ], [ 127.089252843919681, 37.579518270001621 ], [ 127.089188061861407, 37.579571854732301 ], [ 127.08912323890813, 37.57957321919401 ], [ 127.08904480511255, 37.57951194633398 ], [ 127.088960069356816, 37.579446038910632 ], [ 127.088935186193197, 37.579426767221932 ], [ 127.088849477902272, 37.579359662126471 ], [ 127.088822589158781, 37.579339779226643 ], [ 127.088777933780605, 37.579304628726057 ], [ 127.088752520481549, 37.579286943126128 ], [ 127.088722314047175, 37.579265458899009 ], [ 127.088706619440046, 37.579253361234855 ], [ 127.088670588453525, 37.579226042904423 ], [ 127.088629127787542, 37.579193665026231 ], [ 127.088621377040937, 37.579188372945438 ], [ 127.088558909277921, 37.579140252288617 ], [ 127.088544168093307, 37.579128289047603 ], [ 127.088524145178738, 37.579112915860122 ], [ 127.088495626340105, 37.579091023985683 ], [ 127.088478279021402, 37.579077999492483 ], [ 127.088459753318517, 37.579064092897859 ], [ 127.088373272954527, 37.578996267231616 ], [ 127.088357502347421, 37.578984917395033 ], [ 127.088288224012686, 37.578930665885409 ], [ 127.088196926008393, 37.578857131375372 ], [ 127.088117200317996, 37.578921466253149 ], [ 127.088065751245935, 37.578963985489693 ], [ 127.08800138664634, 37.579017650357194 ], [ 127.087970364123024, 37.579043008815582 ], [ 127.087896000065712, 37.57910384378863 ], [ 127.087878944007656, 37.579117471071591 ], [ 127.087832741545654, 37.579155786869819 ], [ 127.087821352960489, 37.579164760009967 ], [ 127.08776172590251, 37.579164542298443 ], [ 127.087682499771248, 37.579103999807018 ], [ 127.0876316012139, 37.579064546712736 ], [ 127.087598549294029, 37.579039263011119 ], [ 127.087516899777398, 37.578975883166066 ], [ 127.087429664178941, 37.578909075471856 ], [ 127.087344547840431, 37.578844113193789 ], [ 127.087328287666168, 37.578831168829311 ], [ 127.087241571656037, 37.578764036261525 ], [ 127.087154642375992, 37.578697372296851 ], [ 127.087072336213268, 37.578633299758003 ], [ 127.087010095614787, 37.578585547516219 ], [ 127.08699362064614, 37.578572765438125 ], [ 127.086915270206944, 37.57851264525474 ], [ 127.086804340700354, 37.578426347872458 ], [ 127.086723634308356, 37.57836585985774 ], [ 127.086663377095036, 37.578418133517744 ], [ 127.086609531378102, 37.578463023446432 ], [ 127.086591831404903, 37.57847792950885 ], [ 127.086569561728041, 37.578496244589601 ], [ 127.086552018943365, 37.578511015384784 ], [ 127.086529398581078, 37.578529573976795 ], [ 127.086528143973169, 37.578530331708848 ], [ 127.086488489486129, 37.578563012906415 ], [ 127.086345000197966, 37.578682712133357 ], [ 127.086162639370258, 37.57879834948298 ], [ 127.086084114908502, 37.578834228977314 ], [ 127.086005736552835, 37.578870235353719 ], [ 127.085964175364751, 37.578888995696182 ], [ 127.085812556739114, 37.578958894458253 ], [ 127.085707385029963, 37.57900884811238 ], [ 127.085746079213166, 37.579087954145493 ], [ 127.085836450911415, 37.579267555323753 ], [ 127.085884643620673, 37.579367782652753 ], [ 127.085940524731896, 37.579479275801248 ], [ 127.086069275790337, 37.579737460389651 ], [ 127.086120470433556, 37.579839811791594 ], [ 127.086185270738653, 37.579969164979808 ], [ 127.086242954873711, 37.580091495544345 ], [ 127.086291231543953, 37.580194930143342 ], [ 127.086304088929907, 37.58022201356485 ], [ 127.08635259062622, 37.58032407036692 ], [ 127.086392549630148, 37.58041018403221 ], [ 127.086361954269123, 37.580444830922666 ], [ 127.086144689935139, 37.580462556096897 ], [ 127.086031953054061, 37.580471709788206 ], [ 127.085985688318246, 37.58047551803147 ], [ 127.085871820793855, 37.580484996733851 ], [ 127.085850244799474, 37.580486669963122 ], [ 127.085739275199003, 37.58049594825053 ], [ 127.085713341020934, 37.580497993968194 ], [ 127.085695500733408, 37.58049946628789 ], [ 127.085694245374029, 37.580499593321079 ], [ 127.085615650713876, 37.580507055441196 ], [ 127.085599826575944, 37.580508419092851 ], [ 127.085432460296246, 37.580522962064322 ], [ 127.085277186135585, 37.580536659203695 ], [ 127.084996745904064, 37.580560968230714 ], [ 127.084977013561144, 37.580562189503596 ], [ 127.084868349844925, 37.58056842901884 ], [ 127.084873352150183, 37.580576137928382 ], [ 127.0849318685366, 37.58066661867435 ], [ 127.084990850209536, 37.580756963912947 ], [ 127.085032358237427, 37.580821228925551 ], [ 127.085047272078029, 37.580845058466572 ], [ 127.085105175411755, 37.580933629465513 ], [ 127.085191016568729, 37.581140074663374 ], [ 127.085199496932518, 37.581200506796897 ], [ 127.085210117470481, 37.581272479043093 ], [ 127.085214900653327, 37.581307875393335 ], [ 127.085229647567061, 37.581416055338956 ], [ 127.085243406558931, 37.581519514814687 ], [ 127.085248655796448, 37.581557577750068 ], [ 127.08535467995128, 37.581547537598787 ], [ 127.085451849793742, 37.581538521762056 ], [ 127.085569364394445, 37.58152803266578 ], [ 127.085694526605607, 37.581514689082013 ], [ 127.085696643462654, 37.581514507375395 ], [ 127.085788518220895, 37.581506423052637 ], [ 127.085817598900945, 37.581504375071866 ], [ 127.085918665470075, 37.581495437156981 ], [ 127.086009973795214, 37.581488065746747 ], [ 127.086030983567227, 37.581485995558971 ], [ 127.086083700953893, 37.581481263670533 ], [ 127.086110236075896, 37.581479740012981 ], [ 127.086176921512134, 37.581473997978712 ], [ 127.086188945083649, 37.581473421734557 ], [ 127.086336500607302, 37.581460278544618 ], [ 127.086349214582555, 37.581459539610634 ], [ 127.086463081752456, 37.581449492827744 ], [ 127.086513208859017, 37.581445807755067 ], [ 127.086556535041282, 37.581476707402956 ], [ 127.086564368355468, 37.581535599214462 ], [ 127.086566364754574, 37.581547959303968 ], [ 127.086593370611865, 37.58174223747011 ], [ 127.086603381986336, 37.581813885667678 ], [ 127.086612488763464, 37.581897427529888 ], [ 127.086747302828186, 37.581888113190963 ], [ 127.086825501222691, 37.58188144347254 ], [ 127.086862847084703, 37.581878893719214 ], [ 127.086882306399005, 37.581877231746532 ], [ 127.087007439134155, 37.581866517671664 ], [ 127.087044672397269, 37.581863526459216 ], [ 127.087172340855943, 37.581852649095978 ], [ 127.087303314206594, 37.58184101236499 ], [ 127.087337058791704, 37.581838501117957 ], [ 127.087442742923557, 37.581829008940389 ], [ 127.087464716840742, 37.581827506317879 ], [ 127.087579219415048, 37.581817349877973 ], [ 127.087601678809307, 37.581815675688745 ], [ 127.087681360785126, 37.581808589868018 ], [ 127.087711618687493, 37.581806324324866 ], [ 127.0877848944954, 37.581799702614219 ], [ 127.087863523065934, 37.581793167041717 ], [ 127.087894450071616, 37.581790927991882 ], [ 127.087940019348878, 37.581820492029422 ], [ 127.087942115146674, 37.581989164069967 ], [ 127.087941984695775, 37.582003633999207 ], [ 127.087942970429694, 37.582092462378604 ], [ 127.087943271763535, 37.582136699664311 ], [ 127.088035504571621, 37.58213527161702 ], [ 127.088105310516028, 37.582134355491284 ], [ 127.088176474708064, 37.582133177041321 ], [ 127.088299611629139, 37.582130167392478 ], [ 127.088300108140459, 37.58213754610189 ], [ 127.088423874236, 37.58214987064067 ], [ 127.088548151234164, 37.58216242892933 ], [ 127.088675247367732, 37.58220420397776 ], [ 127.088715610258035, 37.582235465410683 ], [ 127.088989659832208, 37.582211846949242 ], [ 127.089191951600426, 37.582195054777259 ], [ 127.089297038540181, 37.582187750779312 ], [ 127.08929423232702, 37.582150425021027 ] ] ] } },
{ "type": "Feature", "properties": { "OBJECTID": 3885, "ID": "중심지_30", "CODE": "ZON540", "ENT_NAME": "중심지", "JOSER_ID": null, "GOSI_ID": null, "LABEL": "장한평지구중심(동북권)", "GOSI_DATE": null }, "geometry": { "type": "Polygon", "coordinates": [ [ [ 127.06675155669781, 37.563420927353647 ], [ 127.066683503899498, 37.563322739124224 ], [ 127.066607347230729, 37.563212770386613 ], [ 127.06655223766856, 37.563133117294115 ], [ 127.066531180528983, 37.563102720514273 ], [ 127.066645008413005, 37.563047958745805 ], [ 127.066703608608549, 37.563014589817833 ], [ 127.066890382185761, 37.562908169860897 ], [ 127.067108038921518, 37.562784163170221 ], [ 127.067229084768869, 37.562715260309126 ], [ 127.067424453276772, 37.562603879279386 ], [ 127.067617787286466, 37.562493760448035 ], [ 127.067632009814162, 37.562450144616712 ], [ 127.067603330741093, 37.562401867660029 ], [ 127.067284787772849, 37.56186515694187 ], [ 127.067404547613705, 37.561847960570489 ], [ 127.06759534842864, 37.561820553977483 ], [ 127.067644123739839, 37.561813589055326 ], [ 127.06780170859129, 37.56179099398846 ], [ 127.06788381282712, 37.561779216990459 ], [ 127.067907226064335, 37.561775852148763 ], [ 127.068008297106573, 37.561761308272573 ], [ 127.068255001116611, 37.56172593951451 ], [ 127.068463439049381, 37.561677709600374 ], [ 127.068813012682142, 37.56162759518363 ], [ 127.068991137694496, 37.561601995536506 ], [ 127.069120081354612, 37.561583478534033 ], [ 127.069136671641431, 37.561581099432878 ], [ 127.069290351274091, 37.561559045208483 ], [ 127.069369002290642, 37.561547755693653 ], [ 127.069443805618036, 37.561537027854207 ], [ 127.069529700396615, 37.561524697026371 ], [ 127.069729551801615, 37.56149597533593 ], [ 127.070144647185572, 37.561436449719459 ], [ 127.070153581053859, 37.561427074239312 ], [ 127.070037719425699, 37.561220634810873 ], [ 127.069954848903848, 37.561072920641585 ], [ 127.069445472164062, 37.560379362937248 ], [ 127.069445447790429, 37.560352513469155 ], [ 127.069437718212015, 37.560317018935699 ], [ 127.069434065046352, 37.560281162562141 ], [ 127.069434204819203, 37.560273052676642 ], [ 127.069434711413379, 37.560245122616408 ], [ 127.069439545668033, 37.560209349657306 ], [ 127.069448568051357, 37.560174115782985 ], [ 127.069461777670497, 37.560139690388837 ], [ 127.069478951883966, 37.56010643399739 ], [ 127.069499973144403, 37.560074526872434 ], [ 127.069507322911605, 37.560065692944704 ], [ 127.069508445468543, 37.560056772503458 ], [ 127.069506514856599, 37.560048304314925 ], [ 127.069501866414953, 37.56004064858169 ], [ 127.069494618259981, 37.560034255730059 ], [ 127.06948499255077, 37.560029486027439 ], [ 127.069462713670532, 37.559922812695497 ], [ 127.069742003452433, 37.559882836931536 ], [ 127.069763377633407, 37.559865795879894 ], [ 127.069778527414329, 37.55984677624614 ], [ 127.069793444272051, 37.559821810214935 ], [ 127.069799532031098, 37.5597968492878 ], [ 127.069803922557412, 37.559769907165055 ], [ 127.069798465552921, 37.559743150934892 ], [ 127.069788818242642, 37.559714685247322 ], [ 127.06977363147071, 37.55969063760935 ], [ 127.069765582912282, 37.559677777033478 ], [ 127.069562455102826, 37.559484712215912 ], [ 127.06926579766548, 37.559202683880521 ], [ 127.069040017400056, 37.558988035324035 ], [ 127.068732238119409, 37.558695425354429 ], [ 127.068707364278765, 37.55867177952419 ], [ 127.06837378399176, 37.558354631314302 ], [ 127.068019569508095, 37.558017870211103 ], [ 127.067774422677914, 37.5581634097394 ], [ 127.067562815348538, 37.558289027138947 ], [ 127.067480114004226, 37.55833813225437 ], [ 127.067325030713292, 37.558430191810267 ], [ 127.06683952579516, 37.558718417675976 ], [ 127.066660119287249, 37.558825013758572 ], [ 127.064646658175093, 37.560020251850531 ], [ 127.064365571439026, 37.560187112765995 ], [ 127.064139387446133, 37.560262554749862 ], [ 127.062672977603114, 37.560472533081793 ], [ 127.062527445127557, 37.560493421221601 ], [ 127.062407601418087, 37.560510583861451 ], [ 127.062169157507697, 37.560544691899935 ], [ 127.062044504061859, 37.560562577433117 ], [ 127.061941001458322, 37.560577398560149 ], [ 127.061777474958049, 37.560600816851213 ], [ 127.061611130487819, 37.560624634587228 ], [ 127.061492304841011, 37.560641623690728 ], [ 127.061401895494541, 37.560654589764781 ], [ 127.061266639000863, 37.56067395747602 ], [ 127.061087879736135, 37.560699554804152 ], [ 127.061039635302635, 37.560706453682407 ], [ 127.060900778768385, 37.56072634536298 ], [ 127.060755245301678, 37.560747231318381 ], [ 127.060328706029381, 37.560808279336321 ], [ 127.060205589613275, 37.560825891865235 ], [ 127.060079861228317, 37.56084388397673 ], [ 127.059920960993963, 37.560866631570292 ], [ 127.059222047085854, 37.560966660656703 ], [ 127.058976142424996, 37.561016516084869 ], [ 127.058852215589951, 37.561052660044936 ], [ 127.058511751416049, 37.561151978743155 ], [ 127.058193799695701, 37.561265386136085 ], [ 127.05814151165383, 37.561284061699958 ], [ 127.058008887635964, 37.561331382111462 ], [ 127.05783634489508, 37.561392930020553 ], [ 127.057667929627968, 37.561453007101811 ], [ 127.057626346553278, 37.561467848141717 ], [ 127.05752394574408, 37.561504377810564 ], [ 127.057503829780117, 37.561546463546215 ], [ 127.057546352116333, 37.561622027359938 ], [ 127.057620675800152, 37.561754176191208 ], [ 127.057646686841636, 37.56180036655369 ], [ 127.057682080803446, 37.561863265796077 ], [ 127.057730270191158, 37.561948917921981 ], [ 127.057811077296876, 37.562092677288724 ], [ 127.057892337987056, 37.562237157171317 ], [ 127.057970084432071, 37.562375331751021 ], [ 127.05806404039636, 37.562542330164028 ], [ 127.058314268405439, 37.562964858603422 ], [ 127.058286336350221, 37.56314462474085 ], [ 127.058304912753741, 37.563163356378219 ], [ 127.05840175944023, 37.563261067060566 ], [ 127.058583717366432, 37.563444483672129 ], [ 127.058595000353151, 37.563455857708263 ], [ 127.058704405517034, 37.563399402864967 ], [ 127.058787915101732, 37.563356304128895 ], [ 127.058887692918702, 37.563304800213331 ], [ 127.05912406364682, 37.563182808355023 ], [ 127.05927349656119, 37.563105673769634 ], [ 127.059569975976416, 37.563024890763586 ], [ 127.05980625371626, 37.562960442845231 ], [ 127.059976786492712, 37.562913957604238 ], [ 127.060010171956634, 37.562909183848369 ], [ 127.060137940907779, 37.562890902486735 ], [ 127.060265712074141, 37.562872639005469 ], [ 127.060481189451238, 37.562841807873056 ], [ 127.060508202195066, 37.562837938147531 ], [ 127.060648918769857, 37.562817802735943 ], [ 127.060824774772655, 37.562792640012972 ], [ 127.060858171446398, 37.562787866011632 ], [ 127.061020572462184, 37.562764637874693 ], [ 127.061184544175788, 37.562741174463468 ], [ 127.061374671735763, 37.562713958463448 ], [ 127.061542163969676, 37.562690006236643 ], [ 127.061664501090874, 37.562672456685938 ], [ 127.061786723932286, 37.562655022393379 ], [ 127.061908722599966, 37.562637570970161 ], [ 127.0619922976704, 37.562625617119899 ], [ 127.062103149009502, 37.562609792984802 ], [ 127.062236180463216, 37.562590740810968 ], [ 127.062297575215666, 37.562581942600204 ], [ 127.062332656807641, 37.562576933057187 ], [ 127.062455408973321, 37.562559423918536 ], [ 127.062557340209977, 37.563011219950091 ], [ 127.062603879795191, 37.563036964165796 ], [ 127.062797402732642, 37.563009293624944 ], [ 127.063019556555119, 37.562977553406824 ], [ 127.063136573704909, 37.562960824101609 ], [ 127.063253365566638, 37.562944094798191 ], [ 127.06345939331085, 37.562914596635459 ], [ 127.06351671405811, 37.562906385571175 ], [ 127.063780399570462, 37.56286867557894 ], [ 127.063894922815081, 37.562846360705336 ], [ 127.063957476687349, 37.562936696835777 ], [ 127.063987835257493, 37.562980585969584 ], [ 127.064016403406356, 37.563021899214597 ], [ 127.064053855874519, 37.563075974760544 ], [ 127.064091737914211, 37.563130707788382 ], [ 127.064183097391293, 37.56326264520338 ], [ 127.06418615819409, 37.563267058424536 ], [ 127.064271012282063, 37.563389692005693 ], [ 127.064314109710608, 37.563451954454202 ], [ 127.064422094405131, 37.56360795725589 ], [ 127.064477336960181, 37.563617928788368 ], [ 127.064546345419018, 37.563578608856915 ], [ 127.06457191403031, 37.563564053245123 ], [ 127.064651218407519, 37.563518907365221 ], [ 127.064752129412412, 37.563461461274933 ], [ 127.064854286866407, 37.563403201737295 ], [ 127.065014006572085, 37.563422577312735 ], [ 127.065187505313006, 37.563673229083257 ], [ 127.065250399189338, 37.56376410492512 ], [ 127.065302528479009, 37.563839399441207 ], [ 127.065313407689118, 37.56385516086786 ], [ 127.065376303003376, 37.563946036638946 ], [ 127.065445024450824, 37.564045243367048 ], [ 127.065459031449336, 37.5640654629807 ], [ 127.065562951032433, 37.56421560238703 ], [ 127.065618081001134, 37.564225572544593 ], [ 127.065820696238191, 37.564110136712053 ], [ 127.066071506414502, 37.563967282328719 ], [ 127.066349577534709, 37.563808916337472 ], [ 127.066601968362932, 37.563665159864925 ], [ 127.066660682119959, 37.563631646740767 ], [ 127.066709894168142, 37.563603562786724 ], [ 127.066799718245832, 37.563552427089739 ], [ 127.066812243446648, 37.563508542006566 ], [ 127.066758978479982, 37.563431627901821 ], [ 127.06675155669781, 37.563420927353647 ] ] ] } },
{ "type": "Feature", "properties": { "OBJECTID": 3886, "ID": "중심지_32", "CODE": "ZON530", "ENT_NAME": "중심지", "JOSER_ID": null, "GOSI_ID": null, "LABEL": "망우지역중심(동북권)", "GOSI_DATE": null }, "geometry": { "type": "Polygon", "coordinates": [ [ [ 127.096520727323067, 37.601095667572409 ], [ 127.096589206491871, 37.600900576659235 ], [ 127.096546630643374, 37.600885006820974 ], [ 127.096443090249522, 37.600847112803272 ], [ 127.096456015462351, 37.600724911097785 ], [ 127.096754130956157, 37.600243095518159 ], [ 127.096794044859635, 37.600178363713695 ], [ 127.09680759502983, 37.600140070005075 ], [ 127.096812007107289, 37.600127831093069 ], [ 127.096819704800154, 37.600108012260485 ], [ 127.096847036394109, 37.60003344284997 ], [ 127.096856405538702, 37.600009225867296 ], [ 127.096866170251687, 37.599985296878842 ], [ 127.096879094941016, 37.599952959164291 ], [ 127.096885602047195, 37.599932825944627 ], [ 127.096912328643157, 37.599845706310958 ], [ 127.096959598193322, 37.599696717569294 ], [ 127.097001426953852, 37.599562330034459 ], [ 127.097036055070888, 37.599447723087685 ], [ 127.097058216602903, 37.599376500451413 ], [ 127.096984751020656, 37.599273127023181 ], [ 127.097306398384035, 37.599020987569432 ], [ 127.097379135202985, 37.598820063314022 ], [ 127.097414372869338, 37.598721431081756 ], [ 127.097441418144101, 37.598646086903557 ], [ 127.097411866041455, 37.598612215924305 ], [ 127.097290248613461, 37.598585636549792 ], [ 127.097151301165496, 37.598555350030907 ], [ 127.09710653533871, 37.598545052013378 ], [ 127.097039570726821, 37.598530564353467 ], [ 127.096843626545322, 37.598487899023354 ], [ 127.09671993760918, 37.59846158201853 ], [ 127.096594924258625, 37.598434671301746 ], [ 127.09647208343911, 37.598408191176702 ], [ 127.09623164870645, 37.598356407521692 ], [ 127.096095613389423, 37.598326972454835 ], [ 127.09575531188429, 37.598253652313701 ], [ 127.095649485568572, 37.598230788709181 ], [ 127.095615934602179, 37.598223652642858 ], [ 127.095508025251519, 37.598200240972048 ], [ 127.095193764043188, 37.598132575567774 ], [ 127.094997865904276, 37.598071634288821 ], [ 127.094960374884735, 37.59797340272435 ], [ 127.09479881759664, 37.597554212814579 ], [ 127.094757840256051, 37.597520169995398 ], [ 127.094640604446667, 37.59738187147974 ], [ 127.094692120496802, 37.597358675550076 ], [ 127.094708510249973, 37.597280583380368 ], [ 127.094746539319246, 37.597101762178305 ], [ 127.094766320220586, 37.597010855332535 ], [ 127.094786304890334, 37.596918128334245 ], [ 127.094792599463688, 37.596889868515468 ], [ 127.094819135038932, 37.596766565959634 ], [ 127.094839806859909, 37.5966719823791 ], [ 127.094862705423594, 37.596565188704432 ], [ 127.094899114655803, 37.596396450719787 ], [ 127.094901331279914, 37.596386078644329 ], [ 127.094929940664045, 37.596254395264324 ], [ 127.094948821055723, 37.596167228169982 ], [ 127.094980376872229, 37.596021261848946 ], [ 127.094986133291627, 37.59599650726836 ], [ 127.094990059510309, 37.595976007680783 ], [ 127.095031702843883, 37.595774603932 ], [ 127.09500040255098, 37.595735435931651 ], [ 127.094660976090026, 37.595664302194741 ], [ 127.094481205281383, 37.595626556644099 ], [ 127.094272923641512, 37.595580572106265 ], [ 127.094204952489022, 37.595565407882233 ], [ 127.094031175696372, 37.595530504948272 ], [ 127.093920346840065, 37.595506003910657 ], [ 127.093800120013114, 37.595480825368782 ], [ 127.093796609793529, 37.595480828112997 ], [ 127.093786881241769, 37.595479340084928 ], [ 127.093613870618768, 37.595441940211835 ], [ 127.093571443457137, 37.595432819310986 ], [ 127.093389656594425, 37.595393760033637 ], [ 127.093218845141507, 37.595357113794556 ], [ 127.09294020717843, 37.595296684708785 ], [ 127.092946842116078, 37.595222231275159 ], [ 127.092958394455849, 37.595114239411714 ], [ 127.092967122918239, 37.595028594133119 ], [ 127.092976032175017, 37.594944507414645 ], [ 127.092984317714027, 37.594857817334173 ], [ 127.092992852171193, 37.594771910914929 ], [ 127.093000117766664, 37.594694727001617 ], [ 127.09300722493029, 37.594627805416707 ], [ 127.093015647589198, 37.594542187393998 ], [ 127.093025625530899, 37.594443215581428 ], [ 127.093035649297562, 37.59434377521913 ], [ 127.093040917030422, 37.594289396751456 ], [ 127.092977463333682, 37.594217169898329 ], [ 127.092885799783133, 37.594196202007552 ], [ 127.092854743192149, 37.594189135298343 ], [ 127.092747551267209, 37.59416450420072 ], [ 127.09264294337315, 37.594140826053902 ], [ 127.092608147979448, 37.594132861181905 ], [ 127.092463399836163, 37.594099897669821 ], [ 127.092324574429682, 37.594068389018005 ], [ 127.092201786707534, 37.594040246573073 ], [ 127.092133930223895, 37.594024766620024 ], [ 127.092008846091829, 37.593998301567261 ], [ 127.091881294011259, 37.593971224700958 ], [ 127.091784343735767, 37.593950703284811 ], [ 127.091700655024411, 37.593932944886795 ], [ 127.091656360169949, 37.593923428288591 ], [ 127.09153042696245, 37.59389681020933 ], [ 127.091463342188192, 37.593882553719105 ], [ 127.091403994248864, 37.593869985149553 ], [ 127.09137207594074, 37.593861720397065 ], [ 127.09127791331403, 37.59384183524012 ], [ 127.091256924008519, 37.593836373215652 ], [ 127.091149136610056, 37.593813813380578 ], [ 127.091027361068171, 37.593788651201024 ], [ 127.090995116032389, 37.593781693021121 ], [ 127.09086939802485, 37.593755677731927 ], [ 127.090733352931451, 37.593727291516323 ], [ 127.090691300308578, 37.59371874592366 ], [ 127.09054575344274, 37.593689726970567 ], [ 127.090502307412507, 37.593680578702042 ], [ 127.090398584148303, 37.593658844022336 ], [ 127.090320357985959, 37.593642712213502 ], [ 127.090278802024173, 37.593633733627684 ], [ 127.090218289183767, 37.593621985232723 ], [ 127.089899886765934, 37.593554731342017 ], [ 127.089710800737521, 37.593514670854709 ], [ 127.089646459865847, 37.593501078008785 ], [ 127.089496448638528, 37.593469682495211 ], [ 127.089299424933287, 37.59342806856138 ], [ 127.089255537240504, 37.593418604817401 ], [ 127.089067392754544, 37.593378470519589 ], [ 127.08886138893665, 37.593334628073066 ], [ 127.088828589356353, 37.593327570602661 ], [ 127.088602334251036, 37.593279463006034 ], [ 127.08854061728934, 37.593264876538214 ], [ 127.08849634393728, 37.593254664979057 ], [ 127.088304145641999, 37.59321268543254 ], [ 127.08800597061186, 37.593148375791486 ], [ 127.087882498275746, 37.593121806972434 ], [ 127.087763746431577, 37.593096107628902 ], [ 127.087631746036706, 37.593067750017312 ], [ 127.087614213706374, 37.593063906593741 ], [ 127.087600757629275, 37.59306104226782 ], [ 127.087427191606807, 37.593023462525032 ], [ 127.087309470935651, 37.592998176426129 ], [ 127.08722243276334, 37.59297942710181 ], [ 127.087019612961384, 37.592935669223586 ], [ 127.086897250371692, 37.592909566179628 ], [ 127.086692981635892, 37.592866817889806 ], [ 127.086643069549211, 37.592856240299653 ], [ 127.086570708948827, 37.592840912658609 ], [ 127.086223474072085, 37.592764966101939 ], [ 127.086033850473143, 37.592724638817558 ], [ 127.085868484090355, 37.592689339408892 ], [ 127.085841880441322, 37.592683835382687 ], [ 127.085709190649439, 37.592656342857829 ], [ 127.085697547893332, 37.592653818494362 ], [ 127.085507766774057, 37.592613877899403 ], [ 127.085481832711736, 37.592691335948516 ], [ 127.085452401350977, 37.592778220773198 ], [ 127.085423590466689, 37.592864141095113 ], [ 127.08539628959673, 37.592943654337837 ], [ 127.085368502925377, 37.593025195132803 ], [ 127.08534213750761, 37.593100932572497 ], [ 127.085449845877406, 37.593124155489008 ], [ 127.085558018516934, 37.59314734464018 ], [ 127.085504230816895, 37.593337514913763 ], [ 127.085464926508536, 37.593476636808155 ], [ 127.08543235484035, 37.593591661584384 ], [ 127.085407770170846, 37.593679299765903 ], [ 127.085406607227469, 37.593683273932356 ], [ 127.085403515166504, 37.593692583295798 ], [ 127.085386179627179, 37.593762223666772 ], [ 127.085363947372102, 37.593849499771608 ], [ 127.085356855902873, 37.593875885623 ], [ 127.085335437152921, 37.593961656499566 ], [ 127.085313237699211, 37.594046986443047 ], [ 127.085293060615285, 37.594127368543354 ], [ 127.085270814649675, 37.594212707519304 ], [ 127.08525134448233, 37.594287421919113 ], [ 127.085235068081573, 37.59437386486168 ], [ 127.085225850966324, 37.594404117431857 ], [ 127.085204084318462, 37.594492942859489 ], [ 127.085179019846152, 37.594587419788773 ], [ 127.085154722073881, 37.594681049243071 ], [ 127.085132113065029, 37.594765036966287 ], [ 127.085107115076895, 37.594859387691137 ], [ 127.085084518356055, 37.594943321335002 ], [ 127.085050531998888, 37.595071222039358 ], [ 127.085043734506542, 37.595097427461702 ], [ 127.085017520422156, 37.595198076900289 ], [ 127.084995711920257, 37.595280271065896 ], [ 127.084990007010418, 37.595301340103468 ], [ 127.084967489161969, 37.595386174646777 ], [ 127.084948467425164, 37.59545942907107 ], [ 127.084958224837195, 37.595485911099424 ], [ 127.084960032579673, 37.595493497006551 ], [ 127.084938886351836, 37.595544252660268 ], [ 127.084861090442601, 37.59552373094558 ], [ 127.084827676799932, 37.59551486182238 ], [ 127.084763951982239, 37.595498013333618 ], [ 127.084732725843509, 37.595489998575417 ], [ 127.084718930010155, 37.595486359315693 ], [ 127.084616004915901, 37.595459150027168 ], [ 127.084569682295012, 37.595561930826868 ], [ 127.084528215953142, 37.59565436489725 ], [ 127.084485171458297, 37.595751259930822 ], [ 127.084449576005824, 37.59574160026969 ], [ 127.084390255313778, 37.595880491645431 ], [ 127.084290101011192, 37.596187941542411 ], [ 127.084256835689487, 37.59628358626874 ], [ 127.084240534524895, 37.596378751486213 ], [ 127.084232996432846, 37.596422669814068 ], [ 127.084232085139305, 37.596428005177202 ], [ 127.084238951384819, 37.596428765300736 ], [ 127.084215561228291, 37.596521474893684 ], [ 127.084159003112276, 37.59673881825379 ], [ 127.084240272602301, 37.596755902541453 ], [ 127.0842906952644, 37.596776598827972 ], [ 127.084302646993919, 37.596781509817163 ], [ 127.084355111112629, 37.596803042559095 ], [ 127.084473902637896, 37.596852072653093 ], [ 127.084662787792226, 37.596890726200144 ], [ 127.084906979057877, 37.596941180211914 ], [ 127.085112356582513, 37.5969841830481 ], [ 127.0852847196917, 37.597020334455188 ], [ 127.085714208766603, 37.597110694862685 ], [ 127.085747304086965, 37.597117716942925 ], [ 127.085739922813346, 37.597129254799846 ], [ 127.086027111890061, 37.597240456156371 ], [ 127.086023067380282, 37.597247702959905 ], [ 127.086302534326407, 37.597349638050979 ], [ 127.086404206309339, 37.597387334208314 ], [ 127.086602144388024, 37.597497264855122 ], [ 127.086745976517747, 37.597577411692519 ], [ 127.086874239955492, 37.597656443383208 ], [ 127.086951034128461, 37.597703617381264 ], [ 127.087231388133901, 37.597875393860875 ], [ 127.087315232751337, 37.597927391771393 ], [ 127.087541848010645, 37.598070275976873 ], [ 127.087719850463955, 37.598174038515772 ], [ 127.087770037713838, 37.598202986490108 ], [ 127.087779634560178, 37.598208871908639 ], [ 127.087863940376366, 37.598258535542001 ], [ 127.087974738418609, 37.598322117926386 ], [ 127.088014572594076, 37.598339342574825 ], [ 127.088247458966734, 37.598527819586984 ], [ 127.088593973905915, 37.598805652978008 ], [ 127.088629540753615, 37.598833746424049 ], [ 127.088665365038764, 37.598859235827433 ], [ 127.088842888856135, 37.598985557632112 ], [ 127.088964097035984, 37.599071809126052 ], [ 127.089070561662396, 37.59913761911087 ], [ 127.089296410176843, 37.599277311002808 ], [ 127.089455135592331, 37.599371426694653 ], [ 127.089565631242621, 37.599426655682961 ], [ 127.089666717219899, 37.599463925989504 ], [ 127.089773923011705, 37.599503344983361 ], [ 127.090161374696748, 37.59964999689619 ], [ 127.090368889445159, 37.599730243709189 ], [ 127.090408882767647, 37.599745935753617 ], [ 127.090480630842123, 37.599774091481876 ], [ 127.090674381379756, 37.599848123236434 ], [ 127.090693053735905, 37.599856893716648 ], [ 127.090810139631188, 37.599901971485281 ], [ 127.091509538231165, 37.600170580198323 ], [ 127.091778787265497, 37.600254257938069 ], [ 127.091775140433242, 37.600271658709964 ], [ 127.091767584404963, 37.600307694800691 ], [ 127.091756255562871, 37.600330903776268 ], [ 127.091747940674821, 37.600348073860197 ], [ 127.091745309413227, 37.600363446642646 ], [ 127.091742576952313, 37.60037941415122 ], [ 127.091734681384949, 37.600433443130278 ], [ 127.091733960563687, 37.600435750197839 ], [ 127.091729288748866, 37.600468045000959 ], [ 127.091730288177956, 37.600472332916404 ], [ 127.091733989958044, 37.600488232437854 ], [ 127.09173978402282, 37.600513176229583 ], [ 127.091748413807878, 37.600551389333305 ], [ 127.091911147280499, 37.600576510364931 ], [ 127.09196877492576, 37.60058540396988 ], [ 127.092621775945787, 37.600686190271759 ], [ 127.092645188375911, 37.600689803160186 ], [ 127.093063980205841, 37.600748817832162 ], [ 127.093315349636498, 37.600784247471886 ], [ 127.093388130488847, 37.600793218695721 ], [ 127.093584009514728, 37.600817374593895 ], [ 127.093645272679069, 37.600826345632463 ], [ 127.093982226269858, 37.600875898403018 ], [ 127.094059375422475, 37.600864178320684 ], [ 127.094102883989549, 37.600866153392829 ], [ 127.094244909320679, 37.600872971363508 ], [ 127.094465794417758, 37.600889573932804 ], [ 127.09460056271476, 37.600952256331368 ], [ 127.094775371129899, 37.600968669402775 ], [ 127.094847247846971, 37.600952503016451 ], [ 127.094935958772382, 37.600932548145472 ], [ 127.094962212273003, 37.60090872339444 ], [ 127.094992260967004, 37.60091335768368 ], [ 127.095186666095785, 37.600943575703717 ], [ 127.095288092494698, 37.600959487617814 ], [ 127.095313282186666, 37.600963332820371 ], [ 127.09531711047417, 37.600963915417061 ], [ 127.095330941816655, 37.600967562415498 ], [ 127.095493541238525, 37.60099066941963 ], [ 127.095586958285736, 37.601003947573325 ], [ 127.095857053434344, 37.601042330115732 ], [ 127.095968322943179, 37.601058152488804 ], [ 127.096033912084934, 37.601067758523101 ], [ 127.096102684572216, 37.601077452068331 ], [ 127.096453321424448, 37.601126841756852 ], [ 127.096455584925209, 37.601125794796076 ], [ 127.096504510024459, 37.601102807399172 ], [ 127.096520727323067, 37.601095667572409 ] ] ] } },
{ "type": "Feature", "properties": { "OBJECTID": 3880, "ID": "중심지_76", "CODE": "ZON530", "ENT_NAME": "중심지", "JOSER_ID": null, "GOSI_ID": null, "LABEL": "사당이수지역중심(서남권)", "GOSI_DATE": null }, "geometry": { "type": "Polygon", "coordinates": [ [ [ 126.98325328460939, 37.489559739687813 ], [ 126.983285976306448, 37.489494421309729 ], [ 126.983290867157265, 37.489376210815898 ], [ 126.98329609095174, 37.489283768982077 ], [ 126.983309453650577, 37.489200788004261 ], [ 126.983312972668202, 37.489144026421712 ], [ 126.983314788514562, 37.489116456088723 ], [ 126.983315813313069, 37.489086992631862 ], [ 126.983278211575211, 37.48887588243096 ], [ 126.983274511748533, 37.488746138693941 ], [ 126.983283145272267, 37.488581256036376 ], [ 126.983330365249046, 37.488295916448436 ], [ 126.983242789541464, 37.488072725998805 ], [ 126.983191374363813, 37.487941711649441 ], [ 126.983186412204461, 37.487888732044354 ], [ 126.983185983200357, 37.487839736465617 ], [ 126.983184245150753, 37.487641398927522 ], [ 126.983183882276592, 37.487599421251055 ], [ 126.983176949361251, 37.48746770198759 ], [ 126.98317591392491, 37.487448041992195 ], [ 126.98316102110779, 37.487361849954496 ], [ 126.983161140395652, 37.487336432743582 ], [ 126.983155907245987, 37.487282164658637 ], [ 126.983150435534043, 37.487186297333061 ], [ 126.983147813870957, 37.487133795613694 ], [ 126.983144290446475, 37.487069905104342 ], [ 126.983144042290235, 37.487021296076058 ], [ 126.98314185249582, 37.487005996742965 ], [ 126.983137179468727, 37.486927041320655 ], [ 126.983127582756055, 37.486777032210092 ], [ 126.983123349939788, 37.48674740664562 ], [ 126.983117453954662, 37.486629897204601 ], [ 126.98311644125188, 37.486609858789073 ], [ 126.983115259844027, 37.486586162283949 ], [ 126.98311180550067, 37.486517433404032 ], [ 126.983108570418707, 37.486430666520775 ], [ 126.983174214740686, 37.48644335381092 ], [ 126.983257326993964, 37.486460728969455 ], [ 126.983390300542169, 37.486485851326051 ], [ 126.983401233616149, 37.486488474915127 ], [ 126.98341365945592, 37.486490008520917 ], [ 126.983490033292995, 37.486505922861753 ], [ 126.98352136341272, 37.48651060383159 ], [ 126.983684254475165, 37.486252644956842 ], [ 126.983849445584028, 37.486257769436371 ], [ 126.983889594921479, 37.48626246964708 ], [ 126.984110874517611, 37.486287352053758 ], [ 126.98420712681957, 37.486298241273424 ], [ 126.984233516195133, 37.486301308539183 ], [ 126.984360284991368, 37.486314878066239 ], [ 126.984493950547431, 37.486330385602876 ], [ 126.984538814722484, 37.486335888162856 ], [ 126.984684385765362, 37.486354343466765 ], [ 126.984835893514983, 37.486370294647202 ], [ 126.984851474562362, 37.486318237016874 ], [ 126.984869330375517, 37.486205659476589 ], [ 126.984883360520868, 37.486110786060294 ], [ 126.984928578002723, 37.485898597695261 ], [ 126.984942511338303, 37.485831898552377 ], [ 126.984920401479869, 37.485599779586153 ], [ 126.984931699858535, 37.485535116333203 ], [ 126.984938820443318, 37.485495842699969 ], [ 126.984962744462152, 37.485346279890017 ], [ 126.98493539759663, 37.485226082521116 ], [ 126.984907440841241, 37.485103263144708 ], [ 126.984886713372049, 37.485012178033841 ], [ 126.98486653944056, 37.484923507678793 ], [ 126.984855548842731, 37.484875221482376 ], [ 126.98483387088163, 37.484788028549374 ], [ 126.98474713737447, 37.484791404036159 ], [ 126.984656797028819, 37.484794923104872 ], [ 126.98452349129775, 37.484800111795401 ], [ 126.984315674523543, 37.484808199745942 ], [ 126.98427384715589, 37.484777829913163 ], [ 126.984262317744793, 37.484566813772055 ], [ 126.984256417944707, 37.484458872975416 ], [ 126.984250765888916, 37.484355347118381 ], [ 126.984248603210006, 37.484270706753598 ], [ 126.984246153077208, 37.484270769465617 ], [ 126.984211990911348, 37.483940452926639 ], [ 126.984130637255333, 37.483873692111302 ], [ 126.982832796975146, 37.483919582941205 ], [ 126.982832033794324, 37.483865076751748 ], [ 126.982824035889649, 37.483718752886197 ], [ 126.982817905236843, 37.483606579962952 ], [ 126.982813852285773, 37.483532421511057 ], [ 126.98280810095811, 37.483427187254726 ], [ 126.982802432932644, 37.483323480206657 ], [ 126.982796017665621, 37.483205808418546 ], [ 126.982789812902226, 37.483091921767752 ], [ 126.982779996522396, 37.482911719940311 ], [ 126.982773508194938, 37.482792605627957 ], [ 126.982766079957656, 37.482656913638735 ], [ 126.982759124491977, 37.482529691134403 ], [ 126.982752855529981, 37.482415262956501 ], [ 126.982746586654585, 37.482300564475594 ], [ 126.982743457820789, 37.482243440485433 ], [ 126.982740320057275, 37.482185875002479 ], [ 126.98341327992199, 37.482158139072638 ], [ 126.983202111722463, 37.478092065612067 ], [ 126.985190992888008, 37.477338632760251 ], [ 126.985513591877393, 37.476829123162311 ], [ 126.985561544601694, 37.476840546246599 ], [ 126.985690630544752, 37.47688886633803 ], [ 126.985728398868162, 37.476903008116082 ], [ 126.985812830860496, 37.476941050673105 ], [ 126.985937415965083, 37.47699719059581 ], [ 126.986244168875956, 37.477147157416198 ], [ 126.986392187540559, 37.477219526934249 ], [ 126.986528178664045, 37.477286038226595 ], [ 126.986593088236049, 37.477317743700262 ], [ 126.986558816154954, 37.477287393611888 ], [ 126.986541251008632, 37.477269758773382 ], [ 126.986466130154213, 37.477194308311624 ], [ 126.986437624381765, 37.477161805526293 ], [ 126.98638079375948, 37.47709698916811 ], [ 126.98636655333371, 37.477075183088374 ], [ 126.986275682314186, 37.476954437097795 ], [ 126.986243814827361, 37.476886947911531 ], [ 126.986178162771594, 37.476729173903315 ], [ 126.986126184946471, 37.476598251506026 ], [ 126.986093643313041, 37.476511841137885 ], [ 126.986014381195304, 37.476295049595223 ], [ 126.985935119535213, 37.476078257991475 ], [ 126.985779008495513, 37.475673980027828 ], [ 126.985406439451225, 37.475765359051351 ], [ 126.984978391396723, 37.475861599065809 ], [ 126.984897000978449, 37.475879896017268 ], [ 126.984758392465054, 37.475908258019807 ], [ 126.98471873652997, 37.475885444413521 ], [ 126.984713703398754, 37.475880573779712 ], [ 126.984713629931065, 37.475880500788065 ], [ 126.984704429463775, 37.475871597575264 ], [ 126.984658133289088, 37.475826793137578 ], [ 126.984547220359161, 37.475755052060507 ], [ 126.984436308771777, 37.475683310878672 ], [ 126.984385806050028, 37.475693692127102 ], [ 126.98438361004051, 37.475671285678963 ], [ 126.984382066328351, 37.475648940593452 ], [ 126.984292237685082, 37.475588875718529 ], [ 126.98425743199202, 37.475526701467665 ], [ 126.984256089686596, 37.475464441997993 ], [ 126.984177432433441, 37.475348651658571 ], [ 126.984137800495247, 37.47531212279808 ], [ 126.98410012546465, 37.47526119799376 ], [ 126.984069159104962, 37.475219341857397 ], [ 126.984058760098961, 37.475211952100686 ], [ 126.984034743928603, 37.475180863962102 ], [ 126.984010727778156, 37.475149775818473 ], [ 126.983986653038841, 37.475127607586558 ], [ 126.983962578313808, 37.475105439349647 ], [ 126.983940195319462, 37.475100570608816 ], [ 126.983434621763735, 37.475136669585353 ], [ 126.983242510469921, 37.475150380323242 ], [ 126.98307969007233, 37.475162004996221 ], [ 126.982975075059386, 37.47516966066528 ], [ 126.98279269412599, 37.475182556790749 ], [ 126.982666865774391, 37.475191537802665 ], [ 126.982605387362838, 37.47519593388288 ], [ 126.982582200119964, 37.475197588014701 ], [ 126.982136159210569, 37.475229438226648 ], [ 126.982113356328654, 37.475231065299404 ], [ 126.98200449714092, 37.475238841047492 ], [ 126.981749114913015, 37.475257082649186 ], [ 126.981777181643096, 37.475121582863359 ], [ 126.981823132719683, 37.474922288758975 ], [ 126.981873492360464, 37.474723626064574 ], [ 126.982073481699572, 37.473970781293779 ], [ 126.981906037691218, 37.473908854737289 ], [ 126.981804443309343, 37.473897061728628 ], [ 126.981738832839866, 37.473884229497123 ], [ 126.981696136647727, 37.473874590624348 ], [ 126.981489846341731, 37.473824306921237 ], [ 126.981296759965375, 37.473775845143109 ], [ 126.981226051958458, 37.473760101515431 ], [ 126.981011386662573, 37.473704995172987 ], [ 126.980786751821512, 37.473646048419852 ], [ 126.980702073339074, 37.473622562412842 ], [ 126.98062403118405, 37.473597987305112 ], [ 126.980512258267154, 37.473562792342307 ], [ 126.980417554633831, 37.47353183503558 ], [ 126.980356141010219, 37.473511272180751 ], [ 126.98033508201388, 37.473504213556048 ], [ 126.980321359188622, 37.473499624991312 ], [ 126.980275182806665, 37.473485353825815 ], [ 126.980258544834001, 37.473595219116277 ], [ 126.980239211221345, 37.47372280664171 ], [ 126.980229035803717, 37.473806057465289 ], [ 126.980217934077189, 37.47388677630218 ], [ 126.980208343458017, 37.473980641039326 ], [ 126.980189032731516, 37.474146395027269 ], [ 126.980191168273791, 37.474229846283379 ], [ 126.980182923157031, 37.474243152605062 ], [ 126.980162424020122, 37.474373596071835 ], [ 126.980155850988695, 37.474430267952066 ], [ 126.980029903656927, 37.47442377682107 ], [ 126.980010992100304, 37.474457182559917 ], [ 126.979969540533631, 37.47448282655504 ], [ 126.979924907423495, 37.474525165533443 ], [ 126.979904405136026, 37.474586195705164 ], [ 126.97988392484443, 37.474610013566739 ], [ 126.979833052186862, 37.474609879003815 ], [ 126.979833177653234, 37.474723441398609 ], [ 126.979828368493571, 37.47485642850188 ], [ 126.979863160912515, 37.47495082301311 ], [ 126.979882650265537, 37.474992236661443 ], [ 126.979949530067927, 37.475114371675922 ], [ 126.979969543075512, 37.475182875848205 ], [ 126.979958691387736, 37.475178568878874 ], [ 126.979901426143996, 37.475155853153936 ], [ 126.979815517038318, 37.475121779512257 ], [ 126.979799827158189, 37.475116154373978 ], [ 126.979752441025184, 37.475099152747937 ], [ 126.979678061116402, 37.475072469349875 ], [ 126.97962097063899, 37.475071287482415 ], [ 126.979552914309849, 37.47506974314873 ], [ 126.97944902096387, 37.475067561387291 ], [ 126.979397924300486, 37.47505926261087 ], [ 126.979311233052414, 37.47499518506978 ], [ 126.979275400207058, 37.474980582089366 ], [ 126.979223057840372, 37.4749797613242 ], [ 126.979124132743664, 37.474998123073135 ], [ 126.978998998676815, 37.474953409567341 ], [ 126.978931172066623, 37.474940241985955 ], [ 126.978931209154055, 37.474967272070636 ], [ 126.978931388111874, 37.475086384645309 ], [ 126.978931436504524, 37.475113414731489 ], [ 126.978931596458267, 37.475220543965733 ], [ 126.978932246931493, 37.475651223291067 ], [ 126.978932492775186, 37.47581106117574 ], [ 126.978892575721275, 37.475842949027218 ], [ 126.978810047524703, 37.475843023298673 ], [ 126.978706604643961, 37.475843129517393 ], [ 126.978700952029598, 37.475843128426192 ], [ 126.978672688946901, 37.475843159006132 ], [ 126.978556810314302, 37.475843262689132 ], [ 126.978418547317474, 37.475843397925452 ], [ 126.978311035018706, 37.475841998328363 ], [ 126.978310217264536, 37.47592735012914 ], [ 126.978309329400915, 37.476020063104706 ], [ 126.978308639714186, 37.476093404565916 ], [ 126.978308452923898, 37.476112505780307 ], [ 126.978307927136925, 37.47616764702412 ], [ 126.978306431582979, 37.476324421145712 ], [ 126.978303475110309, 37.476635581726889 ], [ 126.978315700733319, 37.476840336903081 ], [ 126.978133798927814, 37.476834714835455 ], [ 126.977735854618601, 37.476818867882884 ], [ 126.977651178587422, 37.476814976502396 ], [ 126.977645708767028, 37.476950936642858 ], [ 126.977701631223269, 37.477074655537521 ], [ 126.977705754803949, 37.477083783521351 ], [ 126.977719029362802, 37.47711313183882 ], [ 126.977826047922022, 37.477251817587153 ], [ 126.977837800719811, 37.477267227080915 ], [ 126.977879161786802, 37.47732075489369 ], [ 126.977918714719166, 37.477372119925157 ], [ 126.977959058833804, 37.477424296002674 ], [ 126.977998498877113, 37.477475480783596 ], [ 126.978021891704586, 37.477505849210885 ], [ 126.97811569754451, 37.477600923554832 ], [ 126.978161471924054, 37.477642288610397 ], [ 126.978206342193431, 37.47768275246743 ], [ 126.978267261844493, 37.477737725600647 ], [ 126.978329325637176, 37.477749000322049 ], [ 126.978477419679223, 37.477775789052238 ], [ 126.978633992502978, 37.477804110942508 ], [ 126.978673808375973, 37.47781129062291 ], [ 126.978736075806566, 37.4778225111098 ], [ 126.978773721136037, 37.477829365977293 ], [ 126.97879700905068, 37.477834235868549 ], [ 126.978819957475537, 37.477840186892585 ], [ 126.978842340273644, 37.477847309106409 ], [ 126.97886404441779, 37.477855512388466 ], [ 126.97889727803809, 37.477870925891089 ], [ 126.978905529802276, 37.477875162180354 ], [ 126.97892689349365, 37.477887690195935 ], [ 126.979024997930807, 37.477979881426968 ], [ 126.979089296413505, 37.47808062568398 ], [ 126.979218007621782, 37.478279861604257 ], [ 126.979385941400324, 37.478508387296216 ], [ 126.979400971861779, 37.478528842856477 ], [ 126.979495909864511, 37.478628781711414 ], [ 126.979602267708302, 37.478725749300125 ], [ 126.979694949572178, 37.478810280439362 ], [ 126.979710095172308, 37.478824068565785 ], [ 126.979799844343361, 37.47888598393034 ], [ 126.979979569166247, 37.479010084795 ], [ 126.980010122442422, 37.47903119182557 ], [ 126.980015062061554, 37.479034598511909 ], [ 126.980021787629781, 37.479039239895592 ], [ 126.980119280204804, 37.479106517385226 ], [ 126.980227228695369, 37.479181058753547 ], [ 126.980328621346459, 37.479251075817345 ], [ 126.980359593060385, 37.479272435112293 ], [ 126.980376769799065, 37.479300819746989 ], [ 126.98044084351821, 37.479407239518082 ], [ 126.98049712013912, 37.479500413138098 ], [ 126.980556222014442, 37.479598362540969 ], [ 126.980580179189218, 37.479638191070784 ], [ 126.980600521167929, 37.47966855843606 ], [ 126.980623916133013, 37.47969748473453 ], [ 126.980666527345051, 37.479739569047474 ], [ 126.980717634651398, 37.47972146791674 ], [ 126.980722681176672, 37.479869773708707 ], [ 126.980728756329768, 37.479978075197074 ], [ 126.980732389739885, 37.480044443629751 ], [ 126.980734155817956, 37.480076735845067 ], [ 126.980740455650249, 37.480190353279099 ], [ 126.980742030991621, 37.48021738360957 ], [ 126.980748409558515, 37.480332556183313 ], [ 126.980749905596355, 37.48036019377426 ], [ 126.980755530460442, 37.480461737660043 ], [ 126.980761043177353, 37.480560037917861 ], [ 126.980771525173708, 37.480677710583088 ], [ 126.980774449805892, 37.480731681098668 ], [ 126.980782324003002, 37.480876383352189 ], [ 126.980785811038359, 37.480940895683908 ], [ 126.980789298552466, 37.481003696111763 ], [ 126.980792898137338, 37.481070100565091 ], [ 126.980797060243731, 37.481146596334568 ], [ 126.980803472201643, 37.481264268271453 ], [ 126.980806397053499, 37.481317608079799 ], [ 126.980811008943945, 37.481403113940374 ], [ 126.980816071422822, 37.481494656589085 ], [ 126.980821808453271, 37.481600074778477 ], [ 126.980826307963241, 37.481683238010589 ], [ 126.980833732597318, 37.481818930143163 ], [ 126.980839132106482, 37.481918491756915 ], [ 126.980839701133661, 37.481929611116243 ], [ 126.980843305466337, 37.481995519106562 ], [ 126.980845319139675, 37.482032289330263 ], [ 126.980851055854941, 37.482139149110914 ], [ 126.980854993220774, 37.482211049717556 ], [ 126.980861405359619, 37.482328721630019 ], [ 126.980865792440056, 37.482409902627502 ], [ 126.980872204538343, 37.482527844835801 ], [ 126.980878391572361, 37.482642002796155 ], [ 126.980882778887505, 37.482722462987624 ], [ 126.980889416173952, 37.482844009233531 ], [ 126.980893015835818, 37.482910774063569 ], [ 126.98089830332961, 37.483007092031691 ], [ 126.980900331038981, 37.483034122426005 ], [ 126.980904828221554, 37.483126385747902 ], [ 126.980907291857562, 37.483171715554583 ], [ 126.980910115423939, 37.483223875013607 ], [ 126.980915290318507, 37.483318661253996 ], [ 126.980919677761889, 37.483398941234533 ], [ 126.980926090102756, 37.483516613119718 ], [ 126.980930927279147, 37.483606173488504 ], [ 126.980936439515759, 37.483707897490142 ], [ 126.980943751680769, 37.483842868748418 ], [ 126.980945101791065, 37.483867168986428 ], [ 126.980945776958933, 37.483878909149873 ], [ 126.980953089157225, 37.48401388040363 ], [ 126.980960176412211, 37.484144616909177 ], [ 126.980918899303518, 37.48417542396129 ], [ 126.980816917277124, 37.484166486228418 ], [ 126.980685957438453, 37.48415511059946 ], [ 126.980645515133034, 37.484151589558415 ], [ 126.980453083538649, 37.484134796790457 ], [ 126.980421765359537, 37.484132070179982 ], [ 126.980351893051107, 37.484125948897393 ], [ 126.980314469529873, 37.484122698584073 ], [ 126.980247421104707, 37.484126290539095 ], [ 126.98015945538252, 37.484130959878662 ], [ 126.980088336559078, 37.484134731207881 ], [ 126.980054302050334, 37.484141752840102 ], [ 126.979932976351748, 37.484166688473429 ], [ 126.979797855824543, 37.484194504651015 ], [ 126.979717574977229, 37.48421097818909 ], [ 126.979569339574908, 37.484235998581333 ], [ 126.979500254310892, 37.484244815540649 ], [ 126.979491548310136, 37.48424481391821 ], [ 126.979432505774668, 37.484244874978188 ], [ 126.979431873318163, 37.484280887876203 ], [ 126.979409299920192, 37.48433834950837 ], [ 126.979396363188911, 37.484383775564851 ], [ 126.979393024100901, 37.484396208755406 ], [ 126.979338271686743, 37.484608636535434 ], [ 126.979349706389982, 37.484634109982267 ], [ 126.97936071941453, 37.484659420267626 ], [ 126.979142584904494, 37.484585214160205 ], [ 126.979136685751669, 37.484583192097553 ], [ 126.979056892319676, 37.484555895545036 ], [ 126.979015572024679, 37.4846444083393 ], [ 126.978956514900034, 37.484767158476735 ], [ 126.978953256588497, 37.484773870312623 ], [ 126.978908225949937, 37.484874999976313 ], [ 126.978892404573799, 37.484905213820618 ], [ 126.978887409835281, 37.484914753564354 ], [ 126.978853221581389, 37.484980045261082 ], [ 126.978983630654369, 37.485104921915372 ], [ 126.978986552616234, 37.485111353817892 ], [ 126.979023315556589, 37.485192404962568 ], [ 126.979205282713124, 37.485601767812376 ], [ 126.979209731354118, 37.485615011564242 ], [ 126.979326889620353, 37.485873351491314 ], [ 126.979333791255968, 37.485896294072298 ], [ 126.979412662921547, 37.486071684171726 ], [ 126.979432687680713, 37.4861161901513 ], [ 126.979444439036016, 37.486142341194295 ], [ 126.979449940987152, 37.486157476333481 ], [ 126.979567745285337, 37.486416261213137 ], [ 126.979572452735212, 37.486434155963885 ], [ 126.979664065918911, 37.48663340494425 ], [ 126.979708743010661, 37.486737353550062 ], [ 126.979718619828191, 37.486759789390874 ], [ 126.979706295881655, 37.486761799952426 ], [ 126.979726770989842, 37.486806385248151 ], [ 126.9797698578666, 37.486896989713401 ], [ 126.979781350317012, 37.486919985367187 ], [ 126.979788055004434, 37.486936649708184 ], [ 126.979832929256261, 37.487048189229093 ], [ 126.979850612828983, 37.487088890675757 ], [ 126.979969243134363, 37.487331866307855 ], [ 126.979992568242565, 37.487398940148857 ], [ 126.980011541530104, 37.487453500996253 ], [ 126.980025777808933, 37.487525735007551 ], [ 126.980463746506373, 37.487556646998108 ], [ 126.980509312954183, 37.48755928603007 ], [ 126.98064929139818, 37.487567014389519 ], [ 126.980796415892826, 37.487574743836504 ], [ 126.98088839713698, 37.487579021663628 ], [ 126.981034936293725, 37.48757730822458 ], [ 126.981086157394131, 37.487575830441145 ], [ 126.981083300534578, 37.487603355516981 ], [ 126.981082134055839, 37.487610175890126 ], [ 126.981081282420803, 37.487623429462332 ], [ 126.981079560069915, 37.487636962194067 ], [ 126.981071857949658, 37.48768597529633 ], [ 126.981049084820796, 37.48785471075 ], [ 126.981044777476328, 37.487893813430041 ], [ 126.981041377654392, 37.487922059209723 ], [ 126.981039757704508, 37.487933204306366 ], [ 126.981036981267138, 37.487955954090189 ], [ 126.981033900509146, 37.487975144868756 ], [ 126.981031431516541, 37.487989992930423 ], [ 126.981028939911297, 37.488004831978067 ], [ 126.981030734251135, 37.488005164758405 ], [ 126.981144651822405, 37.488063264753713 ], [ 126.981183261464707, 37.488078037902675 ], [ 126.981208228056673, 37.48815945750875 ], [ 126.981260598038176, 37.48830990656009 ], [ 126.981297745537105, 37.488413842432735 ], [ 126.981308445858986, 37.488441776180402 ], [ 126.981327460151803, 37.488499758813923 ], [ 126.981333752765579, 37.4885200594304 ], [ 126.981341006613675, 37.488539899799356 ], [ 126.98136920788717, 37.488619417905284 ], [ 126.981395746680391, 37.488700377321123 ], [ 126.981403859628855, 37.488721255784434 ], [ 126.98141911278725, 37.488764263132403 ], [ 126.981454733429658, 37.488879759424776 ], [ 126.981458256728317, 37.488896761901451 ], [ 126.98149177770992, 37.489029331781737 ], [ 126.981498647234645, 37.489053293250102 ], [ 126.981524708413957, 37.489154008786066 ], [ 126.981557265138463, 37.489269504521452 ], [ 126.981576224956342, 37.489321243164959 ], [ 126.981610916692219, 37.489402474198577 ], [ 126.981646453900638, 37.489493706467059 ], [ 126.981838325536316, 37.489543310716677 ], [ 126.98193602396374, 37.489530245323444 ], [ 126.9820601954533, 37.489550250023527 ], [ 126.982139102076516, 37.489533522404074 ], [ 126.982247032714852, 37.489523656081538 ], [ 126.982865547889233, 37.489552607167383 ], [ 126.983002602418537, 37.489557448173045 ], [ 126.983075658692456, 37.489558117328023 ], [ 126.98325328460939, 37.489559739687813 ] ] ] } },
{ "type": "Feature", "properties": { "OBJECTID": 3887, "ID": "중심지_36", "CODE": "ZON540", "ENT_NAME": "중심지", "JOSER_ID": null, "GOSI_ID": null, "LABEL": "한남지구중심(도심권)", "GOSI_DATE": null }, "geometry": { "type": "Polygon", "coordinates": [ [ [ 127.009428092697078, 37.534859174006499 ], [ 127.009497244620334, 37.534858700837894 ], [ 127.009576047944847, 37.534862389560196 ], [ 127.009584907567387, 37.534868488680658 ], [ 127.009641874447681, 37.534870512010784 ], [ 127.009669524888437, 37.534858553923051 ], [ 127.0098167681966, 37.534869364598656 ], [ 127.009958524310647, 37.534881229645258 ], [ 127.009988303453426, 37.534884227821188 ], [ 127.010058089811807, 37.534890980245727 ], [ 127.010196146409072, 37.534903944486487 ], [ 127.010315557534838, 37.534918477684776 ], [ 127.010384857497499, 37.534925660627302 ], [ 127.010450007616214, 37.53485838034284 ], [ 127.010650753461917, 37.534666318242536 ], [ 127.01058005757757, 37.534621931741924 ], [ 127.010446405659536, 37.534539591121067 ], [ 127.0104098016226, 37.534514519234946 ], [ 127.010273830238816, 37.534457269457931 ], [ 127.010283937940756, 37.534445132326105 ], [ 127.010324779536745, 37.534387988281651 ], [ 127.010346440154763, 37.534357913304142 ], [ 127.010386958462249, 37.534304049778825 ], [ 127.010395580579086, 37.534291812738417 ], [ 127.010418677600754, 37.534239135316326 ], [ 127.010418525988158, 37.534239097486036 ], [ 127.010333180000117, 37.534222653548092 ], [ 127.010331172737978, 37.534221359871239 ], [ 127.010059106741238, 37.534045866324668 ], [ 127.010027719512124, 37.533927209543769 ], [ 127.010009642535394, 37.533851950853666 ], [ 127.00993815493095, 37.533578248539158 ], [ 127.009894527138371, 37.533385020046296 ], [ 127.009881679624996, 37.53332926296585 ], [ 127.009837602890812, 37.533125203630682 ], [ 127.009817143357012, 37.533068170368722 ], [ 127.009811495998093, 37.533052437613847 ], [ 127.009803071364388, 37.533028960111814 ], [ 127.009785995097118, 37.532975312540422 ], [ 127.00974376531417, 37.532833673873334 ], [ 127.009730205997286, 37.532784849066452 ], [ 127.009723634512298, 37.532760369523793 ], [ 127.009630154710322, 37.532776286630074 ], [ 127.009615695038434, 37.532770612262979 ], [ 127.00941365461496, 37.532679498536716 ], [ 127.009395530988456, 37.532689816125291 ], [ 127.009364017308499, 37.532731011656601 ], [ 127.009234193558498, 37.532664743111191 ], [ 127.009243187107799, 37.532655804665332 ], [ 127.009194647707773, 37.532624561367491 ], [ 127.009153068765571, 37.532617220963857 ], [ 127.009142978314173, 37.532631484346787 ], [ 127.009079301973244, 37.532608693299103 ], [ 127.009019621493181, 37.532606417590934 ], [ 127.0089852275986, 37.532606735118449 ], [ 127.008936893028562, 37.532586015308489 ], [ 127.00892413087746, 37.532584015903382 ], [ 127.008884364057366, 37.532595659229806 ], [ 127.008845423865878, 37.532614807769463 ], [ 127.008800733526016, 37.532605980795104 ], [ 127.008794589822188, 37.532602737596335 ], [ 127.008774740822474, 37.532613539029711 ], [ 127.008745091214053, 37.532594730801385 ], [ 127.008702776276678, 37.53258051570193 ], [ 127.008690025061753, 37.532574497838702 ], [ 127.00865414616662, 37.532556171997221 ], [ 127.008708013722128, 37.532489287963003 ], [ 127.008718420574951, 37.532470366459826 ], [ 127.008738556765337, 37.532446281666886 ], [ 127.008779790244859, 37.532392624959193 ], [ 127.008796849743135, 37.532375640176156 ], [ 127.00885623934424, 37.532297853706908 ], [ 127.008915685762702, 37.532223833357264 ], [ 127.008937859885236, 37.532192962116284 ], [ 127.008992858354048, 37.532126638295125 ], [ 127.009133526429451, 37.531949403820377 ], [ 127.009201920646319, 37.531867850436285 ], [ 127.009225732490478, 37.531834304883013 ], [ 127.009246750725723, 37.531809373009011 ], [ 127.009270913601839, 37.531779179120541 ], [ 127.009307146548451, 37.531733721595153 ], [ 127.00935878707763, 37.531673279507956 ], [ 127.009390257224254, 37.531631137929907 ], [ 127.009419555315645, 37.531590879565798 ], [ 127.009496680996335, 37.531490395539294 ], [ 127.009875093091452, 37.531031339977346 ], [ 127.009924358145412, 37.530982583695874 ], [ 127.010063958524185, 37.530806456377128 ], [ 127.010369123973902, 37.530473291350198 ], [ 127.010432085879117, 37.530379787755656 ], [ 127.010516370877482, 37.530208252809359 ], [ 127.01040829897137, 37.530157453935701 ], [ 127.010267404410968, 37.530084508260167 ], [ 127.01000361789842, 37.529947907062663 ], [ 127.009869306547159, 37.529887772573431 ], [ 127.009772725559742, 37.529848651889786 ], [ 127.009684737221818, 37.529809942287329 ], [ 127.009594704248812, 37.529778002829225 ], [ 127.009589135598105, 37.52977602823065 ], [ 127.009455971941051, 37.529725428412711 ], [ 127.009287849278095, 37.529665784767559 ], [ 127.00912572309764, 37.529607573077151 ], [ 127.008986019986324, 37.529558676929021 ], [ 127.008701083671681, 37.529453690033286 ], [ 127.008496600727597, 37.529376263640579 ], [ 127.008380092346044, 37.529332815515133 ], [ 127.008212706675025, 37.529284603909858 ], [ 127.00801319377554, 37.529223528541145 ], [ 127.007742377423227, 37.529112537927141 ], [ 127.007641481501423, 37.529060736030118 ], [ 127.007503264131614, 37.528990858394124 ], [ 127.007418771186792, 37.528948142901953 ], [ 127.007295904385202, 37.528882989068173 ], [ 127.00724067071701, 37.528850484783376 ], [ 127.007101477613261, 37.528763211224245 ], [ 127.007062165600331, 37.528736212978892 ], [ 127.007055647288752, 37.529093011539118 ], [ 127.0070546530185, 37.529110553944513 ], [ 127.007053886550707, 37.529148900297173 ], [ 127.007053024906782, 37.529277156871984 ], [ 127.007053230912362, 37.529309178198275 ], [ 127.007049381880876, 37.529428361897601 ], [ 127.007045320629175, 37.529554085921326 ], [ 127.006548459291736, 37.530190832601804 ], [ 127.006527067434476, 37.530218234544229 ], [ 127.006515391841106, 37.530233200551137 ], [ 127.006496727397888, 37.530257120931175 ], [ 127.006495960412423, 37.530258106651054 ], [ 127.006444960383007, 37.530324050746373 ], [ 127.006435730479481, 37.530335286527539 ], [ 127.006380728903665, 37.530403223759741 ], [ 127.006212624412782, 37.530618701492294 ], [ 127.006200949799776, 37.530633255712772 ], [ 127.006183165666471, 37.530644148533746 ], [ 127.006150731131086, 37.530664441097564 ], [ 127.006074643708331, 37.530800826624358 ], [ 127.006060120058009, 37.530830119400598 ], [ 127.006068394107601, 37.530893719348782 ], [ 127.006035369637388, 37.530889278716167 ], [ 127.006002414297299, 37.530924526857902 ], [ 127.005988092358962, 37.530941284087426 ], [ 127.005954131632919, 37.530983848324688 ], [ 127.005892907243833, 37.531061301854301 ], [ 127.005833164625557, 37.531135627045948 ], [ 127.00568018250506, 37.53131820995327 ], [ 127.005674516252142, 37.531351709107703 ], [ 127.005613926989398, 37.531489229928532 ], [ 127.005605636236496, 37.531507574451979 ], [ 127.005601382924297, 37.531518781161488 ], [ 127.005599366373218, 37.531551811668081 ], [ 127.005598590950356, 37.531564517511001 ], [ 127.005569176839217, 37.531610162874998 ], [ 127.005529481834429, 37.531674205074339 ], [ 127.005520805176332, 37.531712436341465 ], [ 127.005508737658502, 37.531769154314794 ], [ 127.005521241511303, 37.531853632878956 ], [ 127.005495182901299, 37.531984924781995 ], [ 127.005463273698084, 37.532091351244347 ], [ 127.005449756191737, 37.532136714932257 ], [ 127.005476289362406, 37.532183936933848 ], [ 127.005464072467703, 37.532220589770951 ], [ 127.005469041539484, 37.532286443241915 ], [ 127.005370980789053, 37.532396151485969 ], [ 127.005359305936793, 37.532414631248727 ], [ 127.005340979481701, 37.53245068060442 ], [ 127.005285827338682, 37.532499894656681 ], [ 127.005206668697738, 37.53257797547306 ], [ 127.005166471268552, 37.532610576477722 ], [ 127.005038642605612, 37.532711473637022 ], [ 127.004952627073123, 37.532784411612361 ], [ 127.004886114540369, 37.532840822942852 ], [ 127.004841348568334, 37.53287935070221 ], [ 127.00474577075353, 37.532912861309271 ], [ 127.004651811579265, 37.532966600906292 ], [ 127.004564459693555, 37.533023599151953 ], [ 127.004560950624779, 37.532979945197241 ], [ 127.004540018398473, 37.532968144519387 ], [ 127.004375535443032, 37.532879275496619 ], [ 127.00418388564384, 37.53277661084401 ], [ 127.004125177936146, 37.532735209691126 ], [ 127.004126886199245, 37.532731697579848 ], [ 127.004022049677246, 37.532649331002169 ], [ 127.003968650636452, 37.53271306661749 ], [ 127.003905643509199, 37.532696366187466 ], [ 127.003889586558145, 37.532755220322564 ], [ 127.003889578639487, 37.532755250956477 ], [ 127.003858455372026, 37.532752164772994 ], [ 127.003885875684574, 37.532721256537414 ], [ 127.003906993432125, 37.532595807149498 ], [ 127.003816315878069, 37.532528909261892 ], [ 127.003791028989141, 37.532509438375179 ], [ 127.003716050472605, 37.532437315243442 ], [ 127.003582820498025, 37.532471176994356 ], [ 127.003511400212531, 37.532477086938826 ], [ 127.003519001229563, 37.5325353288492 ], [ 127.003547663671498, 37.53274807100275 ], [ 127.003560961350203, 37.532851324653656 ], [ 127.003568769520015, 37.532910772083085 ], [ 127.003582190261554, 37.533002556076973 ], [ 127.003590662648634, 37.533064209124333 ], [ 127.003605399676076, 37.533171347824073 ], [ 127.003608591022527, 37.533201188677623 ], [ 127.003635183115364, 37.533399350943562 ], [ 127.003651184456118, 37.533521161388727 ], [ 127.003653258751285, 37.533537006224797 ], [ 127.003683832556263, 37.533738332685786 ], [ 127.003712586902523, 37.53392829583516 ], [ 127.003732730710723, 37.534017587522776 ], [ 127.003739018893555, 37.534089122686709 ], [ 127.003752116217044, 37.534248147793939 ], [ 127.003758058089389, 37.534315055458045 ], [ 127.003825693426847, 37.534350104604123 ], [ 127.003835502797699, 37.534352857848106 ], [ 127.003973018485667, 37.534391446421736 ], [ 127.003995814266332, 37.534397799751567 ], [ 127.004012721026783, 37.534402524205355 ], [ 127.00412095013931, 37.534432735784293 ], [ 127.004198985173957, 37.534454530872296 ], [ 127.004427710655563, 37.534518641954435 ], [ 127.004562406312289, 37.53455626945118 ], [ 127.004699689629305, 37.534593712921676 ], [ 127.004763177171952, 37.53461170583509 ], [ 127.004854392545298, 37.534637381606174 ], [ 127.004903133144367, 37.534650541931143 ], [ 127.004923069964946, 37.534655917585752 ], [ 127.005022863916253, 37.534684048185959 ], [ 127.005134001624711, 37.534715406614339 ], [ 127.005179171564109, 37.534728038952323 ], [ 127.005341504095696, 37.534770696747337 ], [ 127.005437269327828, 37.534797486449001 ], [ 127.005507485336906, 37.534808088790179 ], [ 127.005540579404553, 37.534812828694861 ], [ 127.005558761352816, 37.534815603133815 ], [ 127.005736644666783, 37.534842326684569 ], [ 127.005817653442094, 37.534855234097336 ], [ 127.005862051356658, 37.534838009082556 ], [ 127.005885491438008, 37.534828915392524 ], [ 127.005939199886555, 37.534833767946424 ], [ 127.006010426360973, 37.534844511406675 ], [ 127.006043663013529, 37.534848903381473 ], [ 127.006150003506065, 37.534887322121897 ], [ 127.006177109391174, 37.534897115754802 ], [ 127.006216092113789, 37.534912945565353 ], [ 127.006235091303708, 37.534920662717369 ], [ 127.006323719543502, 37.534956653829887 ], [ 127.006475765395365, 37.535018398928074 ], [ 127.006584853826695, 37.535062700647174 ], [ 127.006664326722458, 37.53509497439704 ], [ 127.006686050532693, 37.535103795074406 ], [ 127.006718539568851, 37.535060685620401 ], [ 127.006832721635263, 37.534910733614105 ], [ 127.007082078730562, 37.534579035816947 ], [ 127.007115925090417, 37.534537120903131 ], [ 127.007244229402474, 37.534586037794774 ], [ 127.007359412027654, 37.534652489429675 ], [ 127.007427503195515, 37.534689372713068 ], [ 127.007470622292857, 37.534716675153319 ], [ 127.007509381444649, 37.534735868858156 ], [ 127.007701363626467, 37.534856574059525 ], [ 127.007969375784313, 37.5350228831023 ], [ 127.008055050097539, 37.535063206854382 ], [ 127.008123606778554, 37.535110478161577 ], [ 127.008213695752261, 37.53517259658026 ], [ 127.008315271846854, 37.535143885129116 ], [ 127.008450710213168, 37.535104774144067 ], [ 127.008521173039441, 37.535085335559685 ], [ 127.008708553681686, 37.535037688779653 ], [ 127.008810434965568, 37.535009796787406 ], [ 127.008855611366698, 37.534999405535459 ], [ 127.009002351637861, 37.534956445972306 ], [ 127.009218445889033, 37.534898606323758 ], [ 127.009401108511867, 37.534859356009484 ], [ 127.009428092697078, 37.534859174006499 ] ] ] } },
{ "type": "Feature", "properties": { "OBJECTID": 3881, "ID": "중심지_23", "CODE": "ZON530", "ENT_NAME": "중심지", "JOSER_ID": null, "GOSI_ID": null, "LABEL": "미아지역중심(동북권)", "GOSI_DATE": null }, "geometry": { "type": "Polygon", "coordinates": [ [ [ 127.030074353788791, 37.617193458339571 ], [ 127.030107479218756, 37.617180764511566 ], [ 127.030126962081226, 37.617186652204424 ], [ 127.030168551807037, 37.617123627523995 ], [ 127.03024161264014, 37.617014239714187 ], [ 127.030337200142839, 37.616874222022574 ], [ 127.0303729029864, 37.616822587101133 ], [ 127.030437733811382, 37.616728950320365 ], [ 127.030523427675334, 37.616605558891919 ], [ 127.030735485186156, 37.616322886019418 ], [ 127.030809072528712, 37.616176747604591 ], [ 127.030870027978281, 37.616020988004514 ], [ 127.030896902646532, 37.615869607515648 ], [ 127.030916666088274, 37.615809227862776 ], [ 127.03092542848772, 37.615740976374148 ], [ 127.030926398296828, 37.615617983223288 ], [ 127.030927580462972, 37.615568311848328 ], [ 127.030937478611094, 37.615453434307298 ], [ 127.030943899041006, 37.615420627989074 ], [ 127.030954333177775, 37.615366854841582 ], [ 127.03094765510123, 37.615320664112097 ], [ 127.030945450114245, 37.615304040661371 ], [ 127.030930020790009, 37.615210415461512 ], [ 127.030928772145714, 37.615171789815236 ], [ 127.030928048746702, 37.615149670911251 ], [ 127.030933212753084, 37.615090177846682 ], [ 127.030936437491931, 37.615053173751569 ], [ 127.030940632208157, 37.615002943012485 ], [ 127.030941871583011, 37.614989283830752 ], [ 127.030950066173403, 37.614888795369716 ], [ 127.030962629258312, 37.614690603426965 ], [ 127.030965220034091, 37.614683178696339 ], [ 127.03096673588729, 37.61459516147368 ], [ 127.030966813358887, 37.614590566450673 ], [ 127.030977178475439, 37.614505718471747 ], [ 127.03100032268506, 37.614408872537268 ], [ 127.031028728380889, 37.614301942401042 ], [ 127.031055983495406, 37.614215654923719 ], [ 127.031055970328978, 37.614182363672583 ], [ 127.031056660049103, 37.614150757080154 ], [ 127.031050241949927, 37.614042974306329 ], [ 127.031017068023885, 37.613928954420651 ], [ 127.030983705435602, 37.613827386131156 ], [ 127.030887430156412, 37.61361382351236 ], [ 127.030842963794541, 37.61352079473771 ], [ 127.030809687179683, 37.61343810643352 ], [ 127.030812204702826, 37.613443238699134 ], [ 127.03096133380653, 37.613524834099543 ], [ 127.031205834466121, 37.613381881724635 ], [ 127.031226099724407, 37.613349596267348 ], [ 127.031360470597633, 37.61320837228967 ], [ 127.031474899439019, 37.613123897924986 ], [ 127.031665831737527, 37.612955796465322 ], [ 127.03165672070223, 37.612867696328721 ], [ 127.031700180130855, 37.61283572020573 ], [ 127.032026308404042, 37.612611798339572 ], [ 127.032207859960835, 37.612616455295488 ], [ 127.032443561242687, 37.612622486208551 ], [ 127.032494034534594, 37.612623800118321 ], [ 127.032764037895447, 37.612630798047675 ], [ 127.03276942115518, 37.612630937175503 ], [ 127.03277061060065, 37.612609822361087 ], [ 127.032806183477334, 37.612610995924932 ], [ 127.033175486586288, 37.61262317512103 ], [ 127.033673037104251, 37.612639582636668 ], [ 127.033925503765388, 37.612644350053174 ], [ 127.033925421034695, 37.612644231146355 ], [ 127.033890586938412, 37.612594249752163 ], [ 127.033754679206965, 37.612399219064933 ], [ 127.033470017400319, 37.611989509371874 ], [ 127.03333088095161, 37.611771313913707 ], [ 127.033202837212826, 37.611613271142652 ], [ 127.033142796042142, 37.61154376660626 ], [ 127.033110728718228, 37.611509831613979 ], [ 127.033092695906277, 37.611485764914399 ], [ 127.033058668970568, 37.611440369044963 ], [ 127.033013000622006, 37.611387504431939 ], [ 127.033057884259023, 37.611357602381709 ], [ 127.033158202600191, 37.611290137057878 ], [ 127.033212063041049, 37.611255308677187 ], [ 127.033279093835645, 37.611211926412679 ], [ 127.033391212184782, 37.611120996151222 ], [ 127.033425438165239, 37.611064837727277 ], [ 127.033434379508719, 37.61097408843694 ], [ 127.033439819321856, 37.610900125380304 ], [ 127.033474102984741, 37.610878520473136 ], [ 127.033389425961062, 37.610833943874553 ], [ 127.033327331587387, 37.610792938929229 ], [ 127.033139493499547, 37.610703828253818 ], [ 127.033123326659222, 37.610691552203313 ], [ 127.033082976481211, 37.610671768433015 ], [ 127.032949284218361, 37.610603805218872 ], [ 127.032832873395975, 37.610540021427859 ], [ 127.032798142782795, 37.610522111011548 ], [ 127.032760601176832, 37.610504199527085 ], [ 127.032655499571476, 37.610449330483249 ], [ 127.032618311056723, 37.610430608877572 ], [ 127.032551938107048, 37.610391037209624 ], [ 127.032451942353248, 37.610333382607124 ], [ 127.0323600611666, 37.610283131869366 ], [ 127.032335650784034, 37.610271104732867 ], [ 127.032238680813151, 37.610219941633112 ], [ 127.032115274952673, 37.610155022812343 ], [ 127.032059042689212, 37.610124826555584 ], [ 127.031916321923489, 37.610049865673766 ], [ 127.031881567930014, 37.610031845973396 ], [ 127.031773782064576, 37.609973453991287 ], [ 127.031737850037956, 37.609954812872822 ], [ 127.031638661309785, 37.609901382974932 ], [ 127.031592579464487, 37.609877149304552 ], [ 127.031380212198712, 37.609784420115062 ], [ 127.031292138548579, 37.609738978820729 ], [ 127.031071701173829, 37.609625304181606 ], [ 127.030942497645412, 37.609560618032518 ], [ 127.03077464399405, 37.609475534988817 ], [ 127.030774539496818, 37.609208727237771 ], [ 127.030735580171054, 37.609121847089938 ], [ 127.030695179251296, 37.609029253256665 ], [ 127.030652442753791, 37.608924038127924 ], [ 127.030638694179558, 37.608895984941597 ], [ 127.030684771308401, 37.60873934685285 ], [ 127.030743759620648, 37.608549370111106 ], [ 127.030771858318673, 37.608464318553381 ], [ 127.030815865472647, 37.608312672355716 ], [ 127.030926783769829, 37.607935691876051 ], [ 127.031000209895566, 37.607689876615815 ], [ 127.0312191523808, 37.606963729153605 ], [ 127.031294895956165, 37.606740653880223 ], [ 127.031335759938528, 37.606604333946983 ], [ 127.031388810735479, 37.606420276867091 ], [ 127.031430691596114, 37.606281740219536 ], [ 127.031447521930687, 37.606226055240953 ], [ 127.031461866063722, 37.606158180598179 ], [ 127.03150532976656, 37.606013760101128 ], [ 127.031582011508291, 37.605821687175869 ], [ 127.031665878178728, 37.605583995615838 ], [ 127.031677237291845, 37.605553890888579 ], [ 127.031686919531396, 37.605524633512267 ], [ 127.031789088979536, 37.605544870450615 ], [ 127.031871734030531, 37.605561229088373 ], [ 127.031975043785181, 37.605578186897041 ], [ 127.031992690538374, 37.6055819385383 ], [ 127.032155442528293, 37.605616386015761 ], [ 127.032205672307299, 37.605626409912169 ], [ 127.032239421782393, 37.605632689990564 ], [ 127.03225508523397, 37.605635596086167 ], [ 127.032336993700739, 37.60565307180795 ], [ 127.032418648244914, 37.605669860089698 ], [ 127.032609865558229, 37.605706833948148 ], [ 127.032629143576671, 37.605711604075609 ], [ 127.032838523734398, 37.605753561514533 ], [ 127.032854957699996, 37.605703363418876 ], [ 127.032910996870655, 37.605526449624996 ], [ 127.032940006039965, 37.60543370377588 ], [ 127.032970180527599, 37.605335740918761 ], [ 127.032997941982345, 37.605238625619499 ], [ 127.033037695635741, 37.605115793067846 ], [ 127.033050196940465, 37.605083354356275 ], [ 127.033149174365406, 37.604762776284502 ], [ 127.033247790626234, 37.604441747718084 ], [ 127.033276442680886, 37.604363381548879 ], [ 127.033312594877287, 37.604242189643898 ], [ 127.033345762778694, 37.604131296762631 ], [ 127.033374711901232, 37.604033054806237 ], [ 127.033388473738682, 37.603983046549217 ], [ 127.03340176159189, 37.603939597572598 ], [ 127.033414855042437, 37.603891769870515 ], [ 127.033431049699516, 37.603839940964697 ], [ 127.033436680277632, 37.603818739317745 ], [ 127.033444788744276, 37.603795068307427 ], [ 127.033465515887258, 37.603720434295774 ], [ 127.0334766805275, 37.603690761910308 ], [ 127.033500237047889, 37.603614811690235 ], [ 127.033537260997903, 37.603494763713051 ], [ 127.033570011640123, 37.603389493000783 ], [ 127.033614852963211, 37.603246431769577 ], [ 127.033467006856597, 37.603234687024241 ], [ 127.033426871318596, 37.603246879169234 ], [ 127.033414328968632, 37.603216555476138 ], [ 127.033240233679493, 37.602796070429285 ], [ 127.033207170514217, 37.602731014828009 ], [ 127.033449817989563, 37.602703392871945 ], [ 127.033545337966743, 37.60270032257138 ], [ 127.033609375672697, 37.602698862704649 ], [ 127.033700817236507, 37.602557951104359 ], [ 127.033802172687288, 37.602382411942621 ], [ 127.03387864730216, 37.602254649631817 ], [ 127.033932776749069, 37.602174385123355 ], [ 127.034037754160451, 37.601991924302503 ], [ 127.034128352315975, 37.60182168558763 ], [ 127.034234911928948, 37.601660019734418 ], [ 127.034445269432808, 37.60129670286441 ], [ 127.034533335603655, 37.601164008494059 ], [ 127.034700757605023, 37.600898577848149 ], [ 127.034776016049165, 37.600790482828948 ], [ 127.034821539919093, 37.600716409171419 ], [ 127.034867500727287, 37.600634541866803 ], [ 127.034919356789459, 37.600540104158561 ], [ 127.03496729715944, 37.600451389680536 ], [ 127.035014729240032, 37.600363286192625 ], [ 127.035065319812375, 37.600275921494038 ], [ 127.035117843433881, 37.600183871108968 ], [ 127.035131640454139, 37.600155824074783 ], [ 127.035211376718848, 37.600051462966242 ], [ 127.035298383095395, 37.599935328374073 ], [ 127.035393334237355, 37.599832003419351 ], [ 127.035410720873074, 37.599819132385754 ], [ 127.035475878797314, 37.599744061742825 ], [ 127.035524037264196, 37.599689268088184 ], [ 127.035584532771466, 37.59961888384052 ], [ 127.035659663066113, 37.599535818492228 ], [ 127.035736365768116, 37.599449590187277 ], [ 127.035729934050096, 37.599427897271426 ], [ 127.035717027589143, 37.599384499738065 ], [ 127.03569562620838, 37.599309454015199 ], [ 127.035568552743726, 37.599269153710765 ], [ 127.035430518997629, 37.599226261586203 ], [ 127.035334851900259, 37.599197025089268 ], [ 127.035313791603599, 37.599174113705189 ], [ 127.035255177502862, 37.599170153531354 ], [ 127.035198886285968, 37.599146879183714 ], [ 127.035148084242493, 37.599114575390821 ], [ 127.035130177238003, 37.599103183050111 ], [ 127.034968182920579, 37.599015040802783 ], [ 127.034856141162408, 37.59895344522814 ], [ 127.034840384748719, 37.598944845284649 ], [ 127.034759037837304, 37.598901729129835 ], [ 127.034727098250286, 37.598884755481556 ], [ 127.034690456873093, 37.598867429960485 ], [ 127.034636168115213, 37.598833946637029 ], [ 127.034561182109229, 37.598760294227958 ], [ 127.034453147891327, 37.598694616591544 ], [ 127.03437411420515, 37.598657590172962 ], [ 127.034368829491569, 37.598665537417823 ], [ 127.034348742675249, 37.598697483774401 ], [ 127.034309152664918, 37.598741867317926 ], [ 127.034279136614884, 37.59877788886574 ], [ 127.034115654306916, 37.598981654610093 ], [ 127.034092169950839, 37.59901055563428 ], [ 127.034056296281008, 37.59906313791587 ], [ 127.03405323045979, 37.599101102601516 ], [ 127.034036346727476, 37.599148241304206 ], [ 127.034017932247494, 37.599169942058005 ], [ 127.033973060405955, 37.599235339676007 ], [ 127.033936702754929, 37.599292543196519 ], [ 127.033885983452421, 37.599371798610399 ], [ 127.033829061504207, 37.599457903173565 ], [ 127.033811749870281, 37.599490163118041 ], [ 127.033782668964449, 37.599540059424022 ], [ 127.033738085054352, 37.599615032521669 ], [ 127.03372648496557, 37.599633758122764 ], [ 127.033716096999541, 37.599648312739873 ], [ 127.033666620936557, 37.599723106946819 ], [ 127.033654539913542, 37.599753221101615 ], [ 127.033612487792041, 37.599846664520086 ], [ 127.033561073755408, 37.599968510360434 ], [ 127.033537451189801, 37.60002228655641 ], [ 127.033485205385077, 37.600132743255394 ], [ 127.033419437735134, 37.600246618311189 ], [ 127.033399205941464, 37.600283095581958 ], [ 127.033352768233883, 37.600365205714063 ], [ 127.033299586585841, 37.600462436142287 ], [ 127.033174734891915, 37.600669605745843 ], [ 127.03314049829703, 37.600713970328172 ], [ 127.032995002116238, 37.600835732052346 ], [ 127.032998693563314, 37.600837911447307 ], [ 127.032908738630553, 37.600898256230735 ], [ 127.032881771058243, 37.600916418211149 ], [ 127.032778047760161, 37.600981478693932 ], [ 127.032708364081913, 37.601023437895783 ], [ 127.032597980083651, 37.601086896228963 ], [ 127.032563507528835, 37.601109736214703 ], [ 127.032497951429377, 37.601163010554522 ], [ 127.03242111850858, 37.601221477473395 ], [ 127.032400911840909, 37.601235628197657 ], [ 127.032323764322314, 37.601300474095545 ], [ 127.032307938533975, 37.601313632578808 ], [ 127.032299878916973, 37.601321410165482 ], [ 127.032272597812209, 37.601348915282514 ], [ 127.032052703127803, 37.601536403892787 ], [ 127.031986597371954, 37.601607094090561 ], [ 127.031978640261741, 37.601616475378414 ], [ 127.031959014874332, 37.601640284414984 ], [ 127.031907397516605, 37.601692312370915 ], [ 127.031863169450006, 37.601703224743865 ], [ 127.031842888734673, 37.601736404153428 ], [ 127.031822044777343, 37.601774160697985 ], [ 127.031801789142364, 37.601807844644163 ], [ 127.031794961890327, 37.601813792883917 ], [ 127.031751846421258, 37.601887864743965 ], [ 127.031712407184955, 37.60194905158928 ], [ 127.031708311770203, 37.601958891371837 ], [ 127.031565316570848, 37.602119257791898 ], [ 127.031533407883046, 37.602183641147576 ], [ 127.031390897224284, 37.602342835949166 ], [ 127.031296316820388, 37.602429354215033 ], [ 127.031228342371904, 37.60250054899948 ], [ 127.031198434168445, 37.602524819995168 ], [ 127.031172864089214, 37.602525700375487 ], [ 127.031153205444994, 37.602555419731068 ], [ 127.031124159106668, 37.602588583193167 ], [ 127.031101192265709, 37.602614664299338 ], [ 127.031056990828134, 37.602663103202914 ], [ 127.031040408794553, 37.602683856087758 ], [ 127.03110697641317, 37.602719590422872 ], [ 127.031200738131531, 37.602765742257404 ], [ 127.03124116155287, 37.602785211336204 ], [ 127.031245956996869, 37.602852405435165 ], [ 127.031307605229628, 37.602907259752349 ], [ 127.031339811904374, 37.602935632581442 ], [ 127.031411021103708, 37.602966851646372 ], [ 127.031412381596994, 37.602970752557773 ], [ 127.031467599531368, 37.602998939324934 ], [ 127.031526883952012, 37.603029536963525 ], [ 127.031642189988645, 37.603056098300534 ], [ 127.031707156975941, 37.60311151917923 ], [ 127.031737794941151, 37.603138628220911 ], [ 127.031809335727147, 37.603187969328957 ], [ 127.031836662171841, 37.603197564087488 ], [ 127.031794516357508, 37.603218298412365 ], [ 127.031748490392701, 37.60324094019569 ], [ 127.031503943347857, 37.603349536770168 ], [ 127.031115572722825, 37.60353136302998 ], [ 127.030760097897314, 37.603709964253966 ], [ 127.030636956159938, 37.60376881896179 ], [ 127.030339129788715, 37.603913896225592 ], [ 127.030291984640201, 37.603940919190791 ], [ 127.030221630016271, 37.603980525502536 ], [ 127.030179633049414, 37.603996014591374 ], [ 127.030045839284583, 37.60404515957287 ], [ 127.029756194713414, 37.6041446166263 ], [ 127.029575835687467, 37.604199448395768 ], [ 127.029239500216761, 37.604306843916021 ], [ 127.029050684775811, 37.604369100964739 ], [ 127.028785904099152, 37.604430708557011 ], [ 127.028539600143787, 37.604451136418064 ], [ 127.028193524621258, 37.604468405886209 ], [ 127.027866113307084, 37.604460505728646 ], [ 127.027751720803181, 37.604454602741953 ], [ 127.027494767855615, 37.604429296907917 ], [ 127.027242158636653, 37.60439242995988 ], [ 127.027176153698846, 37.604378289888068 ], [ 127.027119633794243, 37.604359332870885 ], [ 127.026967951925116, 37.604284263358501 ], [ 127.026916751698792, 37.604249748729231 ], [ 127.026872900987286, 37.604207925529224 ], [ 127.026873240657622, 37.604211060876132 ], [ 127.026494522558153, 37.603767434643402 ], [ 127.026231318702187, 37.603467390688635 ], [ 127.025912926753563, 37.603037751161011 ], [ 127.025561150235788, 37.60351786700879 ], [ 127.02550981840912, 37.603591812103808 ], [ 127.02548426997835, 37.603626225827576 ], [ 127.025424240887162, 37.603704145983762 ], [ 127.025383808642715, 37.603763772197127 ], [ 127.025313829597494, 37.603859560795151 ], [ 127.025292005635606, 37.603886846951134 ], [ 127.025210529219677, 37.604006333647519 ], [ 127.025096062583231, 37.60401743865566 ], [ 127.024827244203465, 37.604250945682388 ], [ 127.024864296434529, 37.604458479724705 ], [ 127.025024949346829, 37.604606371175414 ], [ 127.02493117426009, 37.604733203121576 ], [ 127.024807232730893, 37.604902170893652 ], [ 127.024762254213968, 37.604963785346584 ], [ 127.02467033684303, 37.60507670013498 ], [ 127.025355808125482, 37.605568703787199 ], [ 127.025398591401228, 37.60561223692094 ], [ 127.025410832565711, 37.605658729645754 ], [ 127.025476614906367, 37.605908554248394 ], [ 127.025593862437802, 37.606157688075697 ], [ 127.025627915721387, 37.606232551862675 ], [ 127.025642898859005, 37.606275415742225 ], [ 127.025665375869679, 37.606339733180484 ], [ 127.025684642810091, 37.606384642308477 ], [ 127.025738489380174, 37.606513282545158 ], [ 127.025748066334486, 37.606532453484348 ], [ 127.025766875619667, 37.606566201321918 ], [ 127.025796507383617, 37.60661482034741 ], [ 127.025830132909689, 37.606658105628043 ], [ 127.025879908475218, 37.60669611681984 ], [ 127.02591225800073, 37.60671586868127 ], [ 127.025952538896561, 37.606740457167234 ], [ 127.026011844936889, 37.606769195221425 ], [ 127.026071023776453, 37.606782913896808 ], [ 127.026133879716369, 37.60678928876974 ], [ 127.02618534231587, 37.606794503723584 ], [ 127.026248546189336, 37.6067913280501 ], [ 127.026350749196041, 37.606775458313216 ], [ 127.026396632884769, 37.606759627401374 ], [ 127.026511669650858, 37.606717671380849 ], [ 127.02658282504207, 37.606685040731747 ], [ 127.026658721469133, 37.606640299827141 ], [ 127.026741734301936, 37.606608603577286 ], [ 127.026838991727359, 37.606603924674751 ], [ 127.026950193310213, 37.606608378649483 ], [ 127.027008316967752, 37.60661954730255 ], [ 127.027051017737676, 37.60663910740989 ], [ 127.027105154690972, 37.606669109210465 ], [ 127.02714238257478, 37.606722951046706 ], [ 127.027159093384086, 37.606774663803392 ], [ 127.027183934031981, 37.606851530215962 ], [ 127.027197005913337, 37.606928867694009 ], [ 127.027192435714369, 37.606973413252966 ], [ 127.027288528891972, 37.60703956946103 ], [ 127.027357332894738, 37.607088000236075 ], [ 127.027550707663949, 37.607212824877337 ], [ 127.027729396714392, 37.607253798043772 ], [ 127.02781879724823, 37.607283582649714 ], [ 127.027855678556591, 37.607306107991782 ], [ 127.027931278238384, 37.607351347436293 ], [ 127.027957380650463, 37.607374640992795 ], [ 127.028028169464207, 37.607429197608404 ], [ 127.028086703506816, 37.607474314646524 ], [ 127.028112205021529, 37.607498662452734 ], [ 127.028130603284353, 37.607516236468889 ], [ 127.028174507763211, 37.607571195485981 ], [ 127.028188408281821, 37.60764746048865 ], [ 127.028199688656287, 37.607712355685905 ], [ 127.028210344988693, 37.607777124884983 ], [ 127.02821410492632, 37.607808766528308 ], [ 127.028222080329343, 37.607875905914653 ], [ 127.028224510090737, 37.607896339640121 ], [ 127.028221891310025, 37.607980767665396 ], [ 127.028189099848021, 37.608065056552057 ], [ 127.028170131896786, 37.608098604400972 ], [ 127.028108479654861, 37.608168507488713 ], [ 127.028046302148539, 37.60822661680578 ], [ 127.027953801841477, 37.608305725767579 ], [ 127.028178531244208, 37.608563500249261 ], [ 127.028234263824771, 37.608629205277708 ], [ 127.028277831147676, 37.608692552464817 ], [ 127.028307703166803, 37.608741018521428 ], [ 127.028362169800985, 37.608781451229319 ], [ 127.028373373138365, 37.608788674556536 ], [ 127.028417512053821, 37.608803324383828 ], [ 127.028558722868283, 37.608853106511489 ], [ 127.028893054687558, 37.608964778240193 ], [ 127.028990436785662, 37.609078639735934 ], [ 127.029036524157789, 37.609152248235922 ], [ 127.02913640716055, 37.609532051856952 ], [ 127.029057979547787, 37.60971603266325 ], [ 127.02907718142896, 37.610009541938361 ], [ 127.029194432711421, 37.610796710377933 ], [ 127.029197636147344, 37.610886825815896 ], [ 127.029200602842138, 37.610973769852421 ], [ 127.029205911113365, 37.611059154640031 ], [ 127.029205982119336, 37.611097941883777 ], [ 127.029208296605489, 37.611197463773671 ], [ 127.029215306161916, 37.611408454906758 ], [ 127.029004901604836, 37.612408944976536 ], [ 127.02867665736612, 37.612442752807461 ], [ 127.028452314919662, 37.612506873006588 ], [ 127.028458874760219, 37.612544244219464 ], [ 127.028458438965416, 37.61256064308202 ], [ 127.028467506009818, 37.6126503859699 ], [ 127.028480327876977, 37.612709470303663 ], [ 127.028372519881643, 37.612750390428062 ], [ 127.028392621101915, 37.612835312359238 ], [ 127.028384411369188, 37.612839674978204 ], [ 127.028395484517404, 37.612924049363627 ], [ 127.028291928264778, 37.612937470493193 ], [ 127.028304169087576, 37.613034638556215 ], [ 127.028391596623365, 37.613135798888173 ], [ 127.028406190013129, 37.613154301721273 ], [ 127.028469547831776, 37.613120536509477 ], [ 127.028477456667218, 37.613129688673695 ], [ 127.028517315499798, 37.61316852987801 ], [ 127.028493651637618, 37.613283221202295 ], [ 127.028504264171957, 37.613283416992189 ], [ 127.028473918702971, 37.613368945072914 ], [ 127.028441128097043, 37.613458230794393 ], [ 127.028415193073414, 37.613525521990212 ], [ 127.028421154954415, 37.613946459072039 ], [ 127.028422130795462, 37.614014329764437 ], [ 127.028587412331021, 37.614013156736632 ], [ 127.028782695897831, 37.614009697068141 ], [ 127.028827943849279, 37.614010065019137 ], [ 127.028837964219903, 37.613970248340387 ], [ 127.028873288633747, 37.614027425435872 ], [ 127.028817117630012, 37.614076262612699 ], [ 127.02881656303677, 37.614142394760563 ], [ 127.028814198013549, 37.614176137052951 ], [ 127.028811852361784, 37.614265992448082 ], [ 127.028812547965444, 37.614281975693139 ], [ 127.02880867091794, 37.614393274792143 ], [ 127.028807820614333, 37.614425070613422 ], [ 127.02880393231473, 37.614505610216384 ], [ 127.028800925348804, 37.614617602865181 ], [ 127.028797943447287, 37.614664904161799 ], [ 127.028887951473479, 37.61466733489312 ], [ 127.028954071962815, 37.614668236740222 ], [ 127.028951727189749, 37.614719982431978 ], [ 127.028951733438078, 37.614736992953631 ], [ 127.028814876853389, 37.614731952161328 ], [ 127.028778812173229, 37.614729599926321 ], [ 127.028778813082127, 37.614760017047892 ], [ 127.028775807804195, 37.614842628697843 ], [ 127.028774501153634, 37.614865441840507 ], [ 127.028773196395576, 37.614921375947795 ], [ 127.028771057698563, 37.615016771415405 ], [ 127.028769470141427, 37.61507680414929 ], [ 127.028879341250573, 37.615217538996433 ], [ 127.028935263312135, 37.615228824321065 ], [ 127.028934619792651, 37.615293110367006 ], [ 127.028932226254696, 37.615406489471304 ], [ 127.028931156888021, 37.615520220549406 ], [ 127.028926543110842, 37.615632889290879 ], [ 127.028926561128387, 37.615681983738938 ], [ 127.028925234080333, 37.615707770121865 ], [ 127.028924810107156, 37.615756152896978 ], [ 127.028922394602915, 37.615806662449103 ], [ 127.028921508015486, 37.615832088336823 ], [ 127.028921745914616, 37.615859991660848 ], [ 127.028920422620516, 37.615896022195116 ], [ 127.028918014948715, 37.615974074730524 ], [ 127.028916266598515, 37.616052478494318 ], [ 127.028914726963734, 37.616088509077571 ], [ 127.028912535584169, 37.616163390107396 ], [ 127.028912105122785, 37.616194113655141 ], [ 127.028909256945227, 37.616306439600422 ], [ 127.028905287422845, 37.616434167170155 ], [ 127.028799932650259, 37.616454802407979 ], [ 127.028695004236283, 37.616486261837167 ], [ 127.028644752801, 37.616500914336065 ], [ 127.028570924611685, 37.616523176498148 ], [ 127.028458770732058, 37.616560637905174 ], [ 127.028346108147474, 37.616598009222912 ], [ 127.028322179447045, 37.616606564967604 ], [ 127.028234852526765, 37.616639452547645 ], [ 127.028118218369173, 37.616688798581187 ], [ 127.028092760359485, 37.61670004855646 ], [ 127.028020688953504, 37.616729824157851 ], [ 127.02800163987844, 37.616735855995309 ], [ 127.027941676607682, 37.616766043281885 ], [ 127.027853447274154, 37.616810454325041 ], [ 127.027813358827544, 37.616831735419531 ], [ 127.027723272987942, 37.616879570505454 ], [ 127.027637522199257, 37.616922341051065 ], [ 127.027585215092273, 37.616948445018146 ], [ 127.027520834797926, 37.616980570173915 ], [ 127.027480744593973, 37.617000589782172 ], [ 127.027457572267494, 37.617005848496035 ], [ 127.027615703631355, 37.617365727503817 ], [ 127.027669394280551, 37.617337190570595 ], [ 127.027766618850308, 37.617331573897729 ], [ 127.027878162580706, 37.61732615216328 ], [ 127.027994212101461, 37.617320954557904 ], [ 127.028106445583632, 37.617315514433322 ], [ 127.028129382807734, 37.61731467135175 ], [ 127.028241422762818, 37.617309726681825 ], [ 127.028412462680976, 37.617300687033215 ], [ 127.028512067073095, 37.617295637722698 ], [ 127.028624766097352, 37.617290457382147 ], [ 127.028919058772232, 37.617275506124244 ], [ 127.029109853223943, 37.617266360868008 ], [ 127.02920795166871, 37.617262887137478 ], [ 127.029227726593192, 37.617262359927551 ], [ 127.029509414501064, 37.617249652697097 ], [ 127.029564065281562, 37.617246423221907 ], [ 127.029985940889318, 37.617229726152488 ], [ 127.030074353788791, 37.617193458339571 ] ] ] } },
{ "type": "Feature", "properties": { "OBJECTID": 3596, "ID": "중심지_64", "CODE": "ZON520", "ENT_NAME": "중심지", "JOSER_ID": null, "GOSI_ID": null, "LABEL": "마곡광역중심(서남권)", "GOSI_DATE": null }, "geometry": { "type": "Polygon", "coordinates": [ [ [ 126.826721521996873, 37.572761900148393 ], [ 126.827287924588475, 37.572726751986231 ], [ 126.827284675654823, 37.572727783325945 ], [ 126.827621440182853, 37.572711096226854 ], [ 126.827628462794706, 37.572710702928596 ], [ 126.827712093816089, 37.572705816592844 ], [ 126.827974720263683, 37.572693408924472 ], [ 126.828093572529554, 37.572686249541462 ], [ 126.828156571850386, 37.57267994506303 ], [ 126.828287743776784, 37.572670691661855 ], [ 126.828344500714081, 37.572665623086806 ], [ 126.828394767073334, 37.572662903749517 ], [ 126.830220728043145, 37.572551518525856 ], [ 126.831139205838326, 37.572497242308117 ], [ 126.831404885780643, 37.572481541011278 ], [ 126.831561713339369, 37.572472271381358 ], [ 126.831738154296858, 37.572461676468286 ], [ 126.831757911045742, 37.572464040235339 ], [ 126.831940392961997, 37.572452112137135 ], [ 126.832007966528224, 37.572447615046983 ], [ 126.832135642219427, 37.572440774201269 ], [ 126.832169600018076, 37.572438483053602 ], [ 126.832359754710424, 37.57242740413119 ], [ 126.832530368190788, 37.572414729216973 ], [ 126.83261261908018, 37.572408163400361 ], [ 126.832654821145539, 37.572405331602752 ], [ 126.832769654597186, 37.572397901377727 ], [ 126.832858703237079, 37.572392729021033 ], [ 126.83302784211115, 37.572382333480057 ], [ 126.833210560454518, 37.57236979468852 ], [ 126.833309531671631, 37.57236374325916 ], [ 126.833430238038588, 37.572356163086091 ], [ 126.833490953638943, 37.572355814336845 ], [ 126.833551586086728, 37.572350151419172 ], [ 126.833694154173671, 37.572325984280255 ], [ 126.833839397606567, 37.572298026714137 ], [ 126.834003061973462, 37.572255245947318 ], [ 126.834165652996731, 37.57220438969059 ], [ 126.834275251497615, 37.572162640108047 ], [ 126.834396038672551, 37.572107560847932 ], [ 126.834506999510452, 37.572055802115131 ], [ 126.834551843439499, 37.572029597277506 ], [ 126.834581102125981, 37.572013625416595 ], [ 126.834636543242155, 37.571980450180746 ], [ 126.834666076996925, 37.571962939802191 ], [ 126.834744819383985, 37.571905025716084 ], [ 126.834833826086509, 37.571851299439075 ], [ 126.834889811283233, 37.571811592697813 ], [ 126.834980908421244, 37.571753334593119 ], [ 126.835047992658914, 37.571713013642004 ], [ 126.835155689735927, 37.571644127341386 ], [ 126.835217129568619, 37.571610016048893 ], [ 126.83521914550397, 37.571608533161381 ], [ 126.835228725266902, 37.571602967744973 ], [ 126.835355827737828, 37.571518097155533 ], [ 126.835937417125209, 37.571139252848013 ], [ 126.836210528462829, 37.570952377167615 ], [ 126.836252418204538, 37.570890665055828 ], [ 126.836880697405675, 37.570672515650664 ], [ 126.836878477671263, 37.570673018008904 ], [ 126.836876598416211, 37.570673114496827 ], [ 126.836873089276182, 37.570673152850588 ], [ 126.836870044352665, 37.570673138693373 ], [ 126.83686660280938, 37.570672294174052 ], [ 126.836862328124326, 37.570670432179483 ], [ 126.836856737094976, 37.570664917549998 ], [ 126.836855656887167, 37.57066197972717 ], [ 126.836854901676105, 37.570660527183989 ], [ 126.836854794312487, 37.570657878132799 ], [ 126.836855199655176, 37.570654745966714 ], [ 126.836858930475415, 37.570651704933361 ], [ 126.836888276939888, 37.570631383554556 ], [ 126.837027707736993, 37.570544280375515 ], [ 126.837268206027048, 37.570389928361202 ], [ 126.83726469012781, 37.570412639152416 ], [ 126.837533364104488, 37.570268535773238 ], [ 126.837573136301089, 37.570303610569276 ], [ 126.837852997205985, 37.570154442228279 ], [ 126.837858323642308, 37.570151566453575 ], [ 126.838144712349887, 37.569993119090661 ], [ 126.838358606723929, 37.569857095541586 ], [ 126.838586621650308, 37.569733884203785 ], [ 126.83896683253154, 37.569528984140405 ], [ 126.83906530667538, 37.569478843697922 ], [ 126.839207185106417, 37.569399833957291 ], [ 126.839334201436401, 37.569331566822044 ], [ 126.839562019453595, 37.569208419988854 ], [ 126.839818720453309, 37.569067859251412 ], [ 126.839845316229571, 37.569053209582584 ], [ 126.839979742825662, 37.568980422632144 ], [ 126.840049352800776, 37.568943280052565 ], [ 126.840116070285887, 37.568907348008203 ], [ 126.840169786421185, 37.568878229443882 ], [ 126.840260809583512, 37.568826567759714 ], [ 126.840267944494144, 37.568822188795863 ], [ 126.840299902716765, 37.568805117286082 ], [ 126.840371510553766, 37.568766241941802 ], [ 126.840530757414783, 37.568679559872152 ], [ 126.8405324920232, 37.568678274726608 ], [ 126.840536397177857, 37.568676161830325 ], [ 126.840547167361848, 37.568669354239582 ], [ 126.841011576429452, 37.568419190392234 ], [ 126.841056763400829, 37.568314358873337 ], [ 126.840646745501161, 37.566595257492956 ], [ 126.840666233385448, 37.566585733576126 ], [ 126.840532978069177, 37.566179657048089 ], [ 126.840434330955659, 37.565876295110435 ], [ 126.840139369628076, 37.564963260218889 ], [ 126.839844414333399, 37.564050222661571 ], [ 126.83951241155853, 37.563018226403486 ], [ 126.839461227681312, 37.562872916880366 ], [ 126.839054482722403, 37.561594576429464 ], [ 126.83898541037351, 37.561380370503095 ], [ 126.838754912226136, 37.560658667620608 ], [ 126.838441530009987, 37.55966565219741 ], [ 126.838400595614345, 37.559597084481453 ], [ 126.837872049942575, 37.559649601554895 ], [ 126.837825250633031, 37.559624218904752 ], [ 126.837508373878094, 37.558632421346225 ], [ 126.837462865606241, 37.558636953168445 ], [ 126.837255229642039, 37.557987334487912 ], [ 126.836242063252357, 37.554812122691921 ], [ 126.83530842255233, 37.554893024766081 ], [ 126.834655998959178, 37.554949488622398 ], [ 126.83436378266336, 37.554978114207877 ], [ 126.834340589655071, 37.554980478005106 ], [ 126.834291757626673, 37.554984864250891 ], [ 126.834071315758891, 37.555007369406916 ], [ 126.833827401477038, 37.555031097699413 ], [ 126.833661486412609, 37.555048133924167 ], [ 126.833626953870905, 37.555051870786386 ], [ 126.833598406342304, 37.555022095745706 ], [ 126.832825902529137, 37.555083226884868 ], [ 126.831734803030983, 37.555169234721454 ], [ 126.831589887380304, 37.555178290234593 ], [ 126.831014181256904, 37.555214364854947 ], [ 126.830442634649657, 37.555250994099396 ], [ 126.829983637774959, 37.555278933714099 ], [ 126.829317412226885, 37.555320671798725 ], [ 126.829336570150019, 37.555844001421711 ], [ 126.829307577210145, 37.555979878747337 ], [ 126.829310296663408, 37.556054187280189 ], [ 126.829318902393865, 37.556289276876811 ], [ 126.829326547298379, 37.556426496936602 ], [ 126.829339421435051, 37.556563470539025 ], [ 126.829348980368039, 37.556664697071611 ], [ 126.829406156859378, 37.556793228112383 ], [ 126.829536693922023, 37.557634567102006 ], [ 126.829467079255153, 37.557705605960152 ], [ 126.828926153234846, 37.55775879477374 ], [ 126.828753472928227, 37.55774853405989 ], [ 126.827896545869265, 37.557832794487481 ], [ 126.82773217255388, 37.557876181255565 ], [ 126.82692251155926, 37.557955789292421 ], [ 126.826359916195273, 37.558011096672942 ], [ 126.825834690383218, 37.558062725984342 ], [ 126.825662057344942, 37.558052463523005 ], [ 126.824805098525658, 37.558136696950761 ], [ 126.82464077934867, 37.558180082194482 ], [ 126.823708877572059, 37.558271673579974 ], [ 126.823619647382046, 37.558216250009025 ], [ 126.823395000640147, 37.558238328833312 ], [ 126.823405873047193, 37.558529053713805 ], [ 126.823521219281773, 37.559272868446051 ], [ 126.823575718071481, 37.559403689421508 ], [ 126.823625881551067, 37.559727166696383 ], [ 126.823633160787821, 37.55999490816361 ], [ 126.822486431493417, 37.560107601417776 ], [ 126.821812470600463, 37.560173827364409 ], [ 126.820621404235609, 37.560290857058689 ], [ 126.820506268680063, 37.560302170011042 ], [ 126.820765140210824, 37.561971868778656 ], [ 126.820845778416668, 37.562491964075576 ], [ 126.820960086243289, 37.562484521980423 ], [ 126.822826575725927, 37.562301119171686 ], [ 126.822878033120446, 37.562632941709694 ], [ 126.824063720934589, 37.563268935067498 ], [ 126.824173483034969, 37.563258147574139 ], [ 126.8243041661825, 37.564100751171154 ], [ 126.824291272657447, 37.564238127942403 ], [ 126.824303058661684, 37.564314109709223 ], [ 126.824303054010485, 37.564314161959501 ], [ 126.824460249487615, 37.565327692635272 ], [ 126.824481465318641, 37.565464483546421 ], [ 126.824567462193031, 37.566018922492454 ], [ 126.82457067530683, 37.566039627494597 ], [ 126.824625178540145, 37.566170452353511 ], [ 126.82471271579071, 37.566734831327203 ], [ 126.824775338141023, 37.567138563799233 ], [ 126.82495705463954, 37.568310091104671 ], [ 126.824997795141527, 37.568572731193747 ], [ 126.82506618267972, 37.569013621503636 ], [ 126.82505328725783, 37.569151061309853 ], [ 126.825065070305016, 37.569227024914419 ], [ 126.825073086998941, 37.569278700388736 ], [ 126.825147601392331, 37.569759071090409 ], [ 126.825159384632869, 37.569835032876178 ], [ 126.825213891654542, 37.569965849279477 ], [ 126.825657267235115, 37.572823982453741 ], [ 126.82572710484294, 37.572820238348768 ], [ 126.825949428799774, 37.572807831031056 ], [ 126.826208014476165, 37.572793105749405 ], [ 126.826625143543637, 37.57276728046142 ], [ 126.826721521996873, 37.572761900148393 ] ] ] } },
{ "type": "Feature", "properties": { "OBJECTID": 3597, "ID": "중심지_07", "CODE": "ZON540", "ENT_NAME": "중심지", "JOSER_ID": null, "GOSI_ID": null, "LABEL": "개포지구중심(동남권)", "GOSI_DATE": null }, "geometry": { "type": "Polygon", "coordinates": [ [ [ 127.068907525187015, 37.489440837765351 ], [ 127.068946044938457, 37.489423651733681 ], [ 127.069006084951894, 37.489396722596069 ], [ 127.069077900802824, 37.489249809500436 ], [ 127.069107719489224, 37.489188695617365 ], [ 127.06911962660854, 37.48916426268751 ], [ 127.069132154350683, 37.489138423840707 ], [ 127.069210109355069, 37.488978794030672 ], [ 127.06909754761493, 37.488942809445405 ], [ 127.068833279020978, 37.488858302317098 ], [ 127.068761910222634, 37.488835502599343 ], [ 127.068749355651917, 37.488831491282525 ], [ 127.068518510061537, 37.48875765028874 ], [ 127.06843207597953, 37.488730002521727 ], [ 127.068287664925037, 37.488683808842616 ], [ 127.068141591457078, 37.488637120373802 ], [ 127.068056797668078, 37.488610012006809 ], [ 127.067993798981959, 37.488589865060902 ], [ 127.067813896633695, 37.488532329150125 ], [ 127.067663899093276, 37.488484407920573 ], [ 127.067408387860866, 37.48840265876558 ], [ 127.067333298813367, 37.488378634896897 ], [ 127.06724937652352, 37.488351831803691 ], [ 127.066761338898885, 37.488195778736042 ], [ 127.066745979594117, 37.488190858744161 ], [ 127.066708769097332, 37.488179148255639 ], [ 127.066698107255149, 37.488200823198561 ], [ 127.066333833517263, 37.488083028578011 ], [ 127.065243925217871, 37.487660601730084 ], [ 127.064513753054271, 37.487970937476064 ], [ 127.064096824276703, 37.488332460223873 ], [ 127.064066328672752, 37.488372751091227 ], [ 127.064439792097858, 37.488494908645819 ], [ 127.065739345750472, 37.488920022180551 ], [ 127.066356286523245, 37.489074026579054 ], [ 127.066849919862563, 37.489145005753493 ], [ 127.066868997547942, 37.489147743253596 ], [ 127.066940830067239, 37.489158037972842 ], [ 127.067303272649625, 37.489210184837589 ], [ 127.067479405197588, 37.489235494843641 ], [ 127.067655537864056, 37.489260804586927 ], [ 127.067723740567516, 37.489270641351595 ], [ 127.067796161409333, 37.489281061360906 ], [ 127.068142603354744, 37.489330899053549 ], [ 127.068417959102661, 37.489370450539724 ], [ 127.068535581073917, 37.489387349714264 ], [ 127.068907525187015, 37.489440837765351 ] ] ] } },
{ "type": "Feature", "properties": { "OBJECTID": 3598, "ID": "중심지_08", "CODE": "ZON540", "ENT_NAME": "중심지", "JOSER_ID": null, "GOSI_ID": null, "LABEL": "반포지구중심(동남권)", "GOSI_DATE": null }, "geometry": { "type": "Polygon", "coordinates": [ [ [ 127.001035363747178, 37.507030167909591 ], [ 127.001636684807664, 37.5058168230576 ], [ 127.0022264027548, 37.505995100530605 ], [ 127.002482909443231, 37.506072674624448 ], [ 127.002863598919859, 37.50618781841851 ], [ 127.004032501611064, 37.506541215688138 ], [ 127.004246576941668, 37.506605947623477 ], [ 127.007774690710434, 37.507672707267226 ], [ 127.007250528760352, 37.508754178644992 ], [ 127.006722192336056, 37.509844229680454 ], [ 127.006470130185903, 37.510364206007871 ], [ 127.006450780661012, 37.510404120992078 ], [ 127.006409388893204, 37.510489503907174 ], [ 127.006903874131666, 37.510727872717773 ], [ 127.006954485813111, 37.510752258588639 ], [ 127.007005827163269, 37.510654562898821 ], [ 127.007479073085634, 37.509769221921921 ], [ 127.007551068612941, 37.509636960876904 ], [ 127.007867498977632, 37.509039703795565 ], [ 127.007893008508233, 37.508991558527633 ], [ 127.007948071364666, 37.508887827317466 ], [ 127.008462952308534, 37.507953905279365 ], [ 127.008531502990408, 37.50783674091349 ], [ 127.008544696444616, 37.507803513141305 ], [ 127.008961368657097, 37.507016502234258 ], [ 127.009140369504266, 37.506691373003186 ], [ 127.009186399028721, 37.506608562925479 ], [ 127.009525891991444, 37.505974816389802 ], [ 127.009629931515107, 37.505774434574647 ], [ 127.009784769778832, 37.505476917937678 ], [ 127.009847651997646, 37.505377895649694 ], [ 127.009964022286624, 37.505161073040817 ], [ 127.009982760141881, 37.505101236424103 ], [ 127.009991619763809, 37.505018098902923 ], [ 127.009974338195747, 37.504953887816384 ], [ 127.009927775233535, 37.504902271163196 ], [ 127.009880550637234, 37.504860017709404 ], [ 127.009827502495696, 37.504825378079595 ], [ 127.00970293114635, 37.50475728213889 ], [ 127.009556725580737, 37.504696454990643 ], [ 127.00894600955003, 37.504457676431414 ], [ 127.008265630597919, 37.504190992991902 ], [ 127.007897609360739, 37.504046606869537 ], [ 127.006315257964587, 37.503426501263654 ], [ 127.005103741980264, 37.502950718066046 ], [ 127.004727775602817, 37.502804060773521 ], [ 127.004380800219266, 37.502699269172822 ], [ 127.003251287066547, 37.502642027307466 ], [ 127.003116429754485, 37.502804044930862 ], [ 127.002898031753261, 37.503065036263386 ], [ 127.001901927685822, 37.504255361443086 ], [ 127.001694821680644, 37.504494041736919 ], [ 127.001621275816291, 37.504585248057005 ], [ 127.0015958904157, 37.504625063180761 ], [ 127.001500548470716, 37.504743854392061 ], [ 127.001493875811192, 37.504756745870786 ], [ 127.001152542464325, 37.505416200149256 ], [ 127.001101625658606, 37.505523476397784 ], [ 127.001053031643423, 37.505643717991248 ], [ 127.000894274305523, 37.505978187492168 ], [ 127.000638633221456, 37.506516768116271 ], [ 127.000609647714626, 37.50656759498267 ], [ 127.000490019668462, 37.506833939744929 ], [ 127.000300217142552, 37.507237723657084 ], [ 127.000264130235664, 37.50731805442777 ], [ 127.000189963814606, 37.507453483472247 ], [ 127.000745829124028, 37.50761877281338 ], [ 127.000784617644257, 37.507535986697974 ], [ 127.001035363747178, 37.507030167909591 ] ] ] } },
{ "type": "Feature", "properties": { "OBJECTID": 3599, "ID": "중심지_10", "CODE": "ZON530", "ENT_NAME": "중심지", "JOSER_ID": null, "GOSI_ID": null, "LABEL": "천호길동지역중심(동남권)", "GOSI_DATE": null }, "geometry": { "type": "Polygon", "coordinates": [ [ [ 127.128635729503557, 37.540612427446121 ], [ 127.128851649490983, 37.540523546233388 ], [ 127.129896180286565, 37.540230319180331 ], [ 127.131332117239225, 37.539863004395137 ], [ 127.132763487606042, 37.539492159739815 ], [ 127.132825428417334, 37.539473485399618 ], [ 127.132941694676077, 37.539438487676037 ], [ 127.133130315987771, 37.539388876221864 ], [ 127.133224016874777, 37.53935839030639 ], [ 127.133334635187254, 37.539322542551673 ], [ 127.133709885477103, 37.539229969637617 ], [ 127.133816493567622, 37.539198054245624 ], [ 127.134608986152642, 37.538971906750461 ], [ 127.134800381172766, 37.538918117907038 ], [ 127.135639727244225, 37.538682260975456 ], [ 127.13590585400776, 37.538607484226574 ], [ 127.136041609197179, 37.538864060186057 ], [ 127.139301477474149, 37.538093413403047 ], [ 127.13965322074381, 37.538929607997623 ], [ 127.139999123620299, 37.539853500016186 ], [ 127.140440233854477, 37.541031652326602 ], [ 127.140948585864578, 37.54100213589895 ], [ 127.141404785258956, 37.540972604288292 ], [ 127.141976781156885, 37.540937564237922 ], [ 127.141424844775969, 37.539515028792131 ], [ 127.141075343662649, 37.538614208758624 ], [ 127.139623555166068, 37.534711755536442 ], [ 127.140038916006773, 37.534449829817326 ], [ 127.140672393905831, 37.533786771576452 ], [ 127.141501466393166, 37.532391448371953 ], [ 127.141435662031725, 37.53238104869915 ], [ 127.141300879265415, 37.532353869463869 ], [ 127.140946430268343, 37.532281786423425 ], [ 127.140781617395547, 37.532262896041132 ], [ 127.14053693606273, 37.53220477291817 ], [ 127.14046630655767, 37.532202226935567 ], [ 127.140232606372678, 37.532211097123039 ], [ 127.140162377555257, 37.532215981879617 ], [ 127.140064992150684, 37.532237249678353 ], [ 127.139971917049508, 37.532262096494598 ], [ 127.139842570820605, 37.532303288293825 ], [ 127.13970484250342, 37.532373523361791 ], [ 127.139684257584122, 37.532379284969402 ], [ 127.139329266790185, 37.532460841365648 ], [ 127.139254472651189, 37.532461460202001 ], [ 127.138358694666906, 37.532630125847007 ], [ 127.137796128746729, 37.532780445689504 ], [ 127.137037369198126, 37.533006175107559 ], [ 127.136403784156471, 37.533190480457932 ], [ 127.135938521043883, 37.533332682159781 ], [ 127.135633723786498, 37.53342755275218 ], [ 127.135239645541262, 37.533545987338066 ], [ 127.13489149557239, 37.533652034156013 ], [ 127.132981740276378, 37.534243566241237 ], [ 127.133018521355183, 37.534318484299284 ], [ 127.133191461668247, 37.534670230241602 ], [ 127.132825964762546, 37.534777606646088 ], [ 127.132244405979833, 37.53494882686114 ], [ 127.132112162071692, 37.535028788515767 ], [ 127.131688697516239, 37.535218410439114 ], [ 127.131552623261399, 37.535277851070866 ], [ 127.131383223951048, 37.535270081698485 ], [ 127.131324065223552, 37.535267985253263 ], [ 127.131173053939264, 37.53528187956065 ], [ 127.131085461096845, 37.535303735566167 ], [ 127.130860933785158, 37.535336163337682 ], [ 127.130676656487054, 37.535344279331753 ], [ 127.130485515930104, 37.535347781341322 ], [ 127.130358645523742, 37.535372906147572 ], [ 127.130236789052404, 37.535399093930337 ], [ 127.130148568115544, 37.535425709870175 ], [ 127.129999488175116, 37.535441241281248 ], [ 127.1298823171728, 37.535443289608857 ], [ 127.129793685423579, 37.535445505945212 ], [ 127.129694849374644, 37.535466891099325 ], [ 127.129625712992961, 37.535489538684978 ], [ 127.129590321678791, 37.535503179357121 ], [ 127.12954489408942, 37.535524443386493 ], [ 127.129473688343253, 37.535570331531105 ], [ 127.12937447476186, 37.535622565916142 ], [ 127.129265192391273, 37.535671424277403 ], [ 127.129074850709884, 37.535726660845398 ], [ 127.129017772508021, 37.53573992742902 ], [ 127.128650749318879, 37.535781933636493 ], [ 127.128454112247098, 37.535797474637405 ], [ 127.128262685832425, 37.535802624876979 ], [ 127.127891699492992, 37.535831797436558 ], [ 127.127867030182387, 37.535838698405726 ], [ 127.127762996979399, 37.535873170817588 ], [ 127.127647924455175, 37.535892263269616 ], [ 127.127357254940449, 37.53595220824716 ], [ 127.127263896916233, 37.535970151845731 ], [ 127.127133086699644, 37.535995099885064 ], [ 127.127043052911901, 37.536015189541793 ], [ 127.126942537791592, 37.536056393312386 ], [ 127.126873847699969, 37.536089629980921 ], [ 127.126820430173069, 37.536109001247958 ], [ 127.126526857431372, 37.536168509378392 ], [ 127.126255434602882, 37.536213260354138 ], [ 127.125835369299139, 37.536279109038887 ], [ 127.125547670333958, 37.536328180462455 ], [ 127.125358913313576, 37.536361849521143 ], [ 127.125084872291879, 37.536410162175528 ], [ 127.124645793537937, 37.536440360726537 ], [ 127.124613125887578, 37.536441239911362 ], [ 127.124334520823226, 37.536425967124316 ], [ 127.124276556022352, 37.536419637549642 ], [ 127.124220257895047, 37.536415415438711 ], [ 127.124174993387342, 37.53640764724797 ], [ 127.123956841006219, 37.536388136470222 ], [ 127.123905132945538, 37.536383094051885 ], [ 127.123818563489678, 37.536374825222786 ], [ 127.123579039285204, 37.5363738539792 ], [ 127.123331371892561, 37.536366466571543 ], [ 127.123238697428278, 37.536373595271911 ], [ 127.123095242713674, 37.536409827793243 ], [ 127.123057986535073, 37.536420825815121 ], [ 127.122982125744059, 37.536445081999005 ], [ 127.122909387439179, 37.536484552690638 ], [ 127.122465627561127, 37.536770357757078 ], [ 127.122300488971263, 37.536874772507836 ], [ 127.122108341384987, 37.536980703047526 ], [ 127.12195897629185, 37.53705406021426 ], [ 127.12240183429148, 37.53780825475144 ], [ 127.122519009314772, 37.537998845122566 ], [ 127.122519474997716, 37.537999249191039 ], [ 127.121985857342708, 37.538235814186123 ], [ 127.122270180830824, 37.538735587187169 ], [ 127.122412911032413, 37.539010805130943 ], [ 127.122847947081539, 37.539805992773154 ], [ 127.122910280923875, 37.539965258363473 ], [ 127.122930760302935, 37.539996999085034 ], [ 127.123079563760669, 37.540183129730543 ], [ 127.123128757690139, 37.540238872116696 ], [ 127.123244502633014, 37.54038707688759 ], [ 127.123427743503711, 37.540732250729484 ], [ 127.123615542274365, 37.541094545608132 ], [ 127.1238780798449, 37.541344338783766 ], [ 127.123874837394737, 37.541433252924477 ], [ 127.123508900895459, 37.541551383029358 ], [ 127.123782628883191, 37.542290154707622 ], [ 127.124496361251374, 37.542126465649709 ], [ 127.124752596895249, 37.541960178188674 ], [ 127.125242509908787, 37.541836235465269 ], [ 127.125384311177655, 37.54178733234982 ], [ 127.125557569994783, 37.541703861911152 ], [ 127.125589854923959, 37.541691881745962 ], [ 127.12596525826936, 37.541572275615096 ], [ 127.126525686860077, 37.541389228355747 ], [ 127.126563932887052, 37.541297648891991 ], [ 127.126699907079313, 37.541253373353015 ], [ 127.127341530022036, 37.540948748171786 ], [ 127.12736664613459, 37.540942079296968 ], [ 127.128056757852065, 37.540758845945689 ], [ 127.128146334476426, 37.540736194498507 ], [ 127.12820244877544, 37.540722004960763 ], [ 127.128255302331311, 37.540708639699368 ], [ 127.128370469204839, 37.540679517623012 ], [ 127.128430902765444, 37.540664234938731 ], [ 127.128635713690088, 37.540612443680999 ], [ 127.128635729503557, 37.540612427446121 ] ] ] } },
{ "type": "Feature", "properties": { "OBJECTID": 3600, "ID": "중심지_12", "CODE": "ZON540", "ENT_NAME": "중심지", "JOSER_ID": null, "GOSI_ID": null, "LABEL": "암사지구중심(동남권)", "GOSI_DATE": null }, "geometry": { "type": "Polygon", "coordinates": [ [ [ 127.127333189751937, 37.55274687234801 ], [ 127.127532620720658, 37.553301507398352 ], [ 127.127537509890999, 37.553315107130146 ], [ 127.12756377497125, 37.553388149387743 ], [ 127.127784676606666, 37.554002487650877 ], [ 127.128002989403555, 37.554609620288225 ], [ 127.128024843618036, 37.554670395669881 ], [ 127.128142314188509, 37.554669729165013 ], [ 127.12830641085128, 37.554668805260597 ], [ 127.128523697473341, 37.554667589672775 ], [ 127.128570663063542, 37.554667322910717 ], [ 127.128723216381374, 37.55466647391615 ], [ 127.128917416277261, 37.554665381581081 ], [ 127.129387411642213, 37.554662711186168 ], [ 127.129580027137379, 37.55466162848694 ], [ 127.129803198385176, 37.554660278023945 ], [ 127.129850729819594, 37.554660010137994 ], [ 127.130049795997294, 37.554658892631927 ], [ 127.130121093145704, 37.554658490646936 ], [ 127.130278852224237, 37.5546575979333 ], [ 127.130396322748155, 37.554656929186116 ], [ 127.130354486454976, 37.554540386759221 ], [ 127.130299561568194, 37.554387368501963 ], [ 127.13023825752542, 37.5542166076687 ], [ 127.130225817058417, 37.55418194212919 ], [ 127.130179102914965, 37.554051799999634 ], [ 127.130160476445852, 37.553999914265383 ], [ 127.130148422671525, 37.553966320473101 ], [ 127.130107826430944, 37.553853110256377 ], [ 127.130074644563877, 37.553760614720261 ], [ 127.130025690697508, 37.553624177038813 ], [ 127.129980910237578, 37.553499339544508 ], [ 127.129945784218293, 37.553401440141442 ], [ 127.129905075269434, 37.553288139867234 ], [ 127.129874634390319, 37.553203290690746 ], [ 127.129834857810721, 37.55309242204796 ], [ 127.129825510715222, 37.553066393592431 ], [ 127.129800346233935, 37.552996242817883 ], [ 127.129784892836554, 37.552953192279993 ], [ 127.129743717917506, 37.552838450863163 ], [ 127.129703009583011, 37.552725150507321 ], [ 127.129675673488421, 37.552648965425526 ], [ 127.129669010054513, 37.552630403250973 ], [ 127.129629643356026, 37.552520624281023 ], [ 127.129590754374306, 37.552412187253005 ], [ 127.129545406759391, 37.552285728399504 ], [ 127.12953439953273, 37.552254971518693 ], [ 127.129498558420295, 37.552155135607244 ], [ 127.129459055961178, 37.552045086421238 ], [ 127.129412878995595, 37.551916475040493 ], [ 127.129339480533019, 37.551712020718689 ], [ 127.129298886747677, 37.551598810175861 ], [ 127.129243408912075, 37.551444170163187 ], [ 127.129170966289337, 37.551242246468448 ], [ 127.129123665370258, 37.551110933200206 ], [ 127.12905904648828, 37.550930904046325 ], [ 127.129022353827253, 37.550828672252152 ], [ 127.128929798297719, 37.550570818596746 ], [ 127.128904214629785, 37.550499397655855 ], [ 127.128862621703846, 37.550383476035194 ], [ 127.128817549576425, 37.550257854480634 ], [ 127.128772477585557, 37.550132223896036 ], [ 127.12873021418639, 37.550014410863596 ], [ 127.128677376641662, 37.549867146809703 ], [ 127.128628257361711, 37.549730249127471 ], [ 127.128578466928872, 37.549597857096593 ], [ 127.12849411095182, 37.549362068490872 ], [ 127.128419465584344, 37.549153398208887 ], [ 127.128220068576411, 37.548596070261794 ], [ 127.12805978665989, 37.548147990201585 ], [ 127.12802441506885, 37.548049108317045 ], [ 127.12801510317027, 37.548023070647261 ], [ 127.127990396563334, 37.547954000122701 ], [ 127.127947009408828, 37.547832674103503 ], [ 127.127900359357696, 37.54770226956969 ], [ 127.127848988999276, 37.547570869964389 ], [ 127.127740395107182, 37.547594682148805 ], [ 127.127527962276872, 37.54764374272952 ], [ 127.127520259043351, 37.547645525901274 ], [ 127.127364384350329, 37.547681560566623 ], [ 127.127297871740254, 37.547696939265336 ], [ 127.127137947258731, 37.54773391497563 ], [ 127.126927764746327, 37.547782503566928 ], [ 127.126576690557741, 37.547888381917225 ], [ 127.126290739386789, 37.54795340257489 ], [ 127.126150687720909, 37.547985247329706 ], [ 127.126061098037951, 37.548005623154665 ], [ 127.125949676449324, 37.548030959348203 ], [ 127.125779320039456, 37.548069692131506 ], [ 127.125637130118889, 37.548102097141275 ], [ 127.125703627990887, 37.548213840191671 ], [ 127.125759314865803, 37.54837074322662 ], [ 127.125823006081859, 37.548550234654243 ], [ 127.125840173857554, 37.548598599785876 ], [ 127.125887231875893, 37.548731176073829 ], [ 127.125949729842361, 37.548907262933376 ], [ 127.126052453546052, 37.549196633947616 ], [ 127.126087233149136, 37.549294625048681 ], [ 127.126134644951108, 37.549428462235404 ], [ 127.126154644244721, 37.549484843142295 ], [ 127.126201839927546, 37.549617869634041 ], [ 127.126247114291886, 37.549745483179741 ], [ 127.12629677753749, 37.549885453658284 ], [ 127.126337935875085, 37.550001187446995 ], [ 127.126390213359144, 37.550147822446469 ], [ 127.126429938884073, 37.550259223948544 ], [ 127.126512914974214, 37.550491952089743 ], [ 127.126568807689537, 37.550621004846825 ], [ 127.126589499894422, 37.550678556221918 ], [ 127.126813136897923, 37.551300543108887 ], [ 127.127298897930061, 37.552651503035641 ], [ 127.127333189751937, 37.55274687234801 ] ] ] } },
{ "type": "Feature", "properties": { "OBJECTID": 3841, "ID": "중심지_57", "CODE": "ZON540", "ENT_NAME": "중심지", "JOSER_ID": null, "GOSI_ID": null, "LABEL": "당산지구중심(서남권)", "GOSI_DATE": null }, "geometry": { "type": "Polygon", "coordinates": [ [ [ 126.899770399141573, 37.53700329780154 ], [ 126.900115508511021, 37.536822419405617 ], [ 126.900206360045559, 37.536936923449382 ], [ 126.90026853133709, 37.537007539810219 ], [ 126.900450086020001, 37.536972623278999 ], [ 126.900589497802642, 37.536936743339211 ], [ 126.900995011699763, 37.536824771443243 ], [ 126.901214872165227, 37.536741352557868 ], [ 126.901555135148143, 37.536600515856954 ], [ 126.901914635484857, 37.536398666552302 ], [ 126.90228134740515, 37.536175843488188 ], [ 126.902516228768533, 37.536036821907324 ], [ 126.902571082132241, 37.535973084790882 ], [ 126.902984170901036, 37.535685509774318 ], [ 126.903034169119564, 37.535650683052282 ], [ 126.903461391701612, 37.535352528763433 ], [ 126.903629201902092, 37.535248478946706 ], [ 126.903996466459603, 37.534981395989931 ], [ 126.903947232766839, 37.53499369893013 ], [ 126.903603627442777, 37.534768929444049 ], [ 126.903845131008197, 37.534642810190491 ], [ 126.904039447163484, 37.534385511055682 ], [ 126.904224062369735, 37.534219745402325 ], [ 126.904389467969281, 37.534094012804829 ], [ 126.904521397029086, 37.533928202435845 ], [ 126.904686990199494, 37.533655622090407 ], [ 126.904739840892589, 37.533527889251623 ], [ 126.904766301325765, 37.533436370016389 ], [ 126.904843118380541, 37.533293400238016 ], [ 126.904948653800403, 37.533165710410913 ], [ 126.904987255555525, 37.532944517473268 ], [ 126.905032983705354, 37.532767194297818 ], [ 126.905049559821322, 37.532680910693038 ], [ 126.904974927978188, 37.532522321725054 ], [ 126.903832185801363, 37.533092321751241 ], [ 126.90348923224019, 37.533246990419904 ], [ 126.903421688061258, 37.533305957506514 ], [ 126.902941179022861, 37.533543299810681 ], [ 126.90266616605544, 37.533195846068708 ], [ 126.902438279054991, 37.53290724715476 ], [ 126.90179312955604, 37.533222294191539 ], [ 126.901329525157095, 37.533447339347319 ], [ 126.901260089066312, 37.533356307136501 ], [ 126.90015799816193, 37.531996416199057 ], [ 126.899321261430487, 37.532409944880008 ], [ 126.899661163969881, 37.532802680578101 ], [ 126.899936205350173, 37.533202930551127 ], [ 126.900081055897644, 37.533130999012222 ], [ 126.900446548459286, 37.533580113309426 ], [ 126.900427170403418, 37.533678696014384 ], [ 126.900518800399922, 37.533794044774076 ], [ 126.900377824401389, 37.533864022301103 ], [ 126.900387935800353, 37.533874842877651 ], [ 126.900163102301647, 37.533985102894114 ], [ 126.900271961928055, 37.534130075961237 ], [ 126.900164406715163, 37.534183322501775 ], [ 126.900323871429975, 37.534389083887426 ], [ 126.900414867899329, 37.534508264094889 ], [ 126.900553401616648, 37.534706583057513 ], [ 126.899067183325357, 37.535440972930182 ], [ 126.898272390960528, 37.53583608606295 ], [ 126.898271576906268, 37.535836490798083 ], [ 126.898246827246609, 37.535930622910463 ], [ 126.898438642707205, 37.536180671829399 ], [ 126.898479848405543, 37.536161718462502 ], [ 126.898762786364699, 37.536569426338765 ], [ 126.898751444220309, 37.536574814317326 ], [ 126.898853502390281, 37.536748859546748 ], [ 126.899020948687422, 37.536892037579143 ], [ 126.899128783726212, 37.536844453287237 ], [ 126.899255590946879, 37.53693419751329 ], [ 126.899370462286882, 37.536995323860673 ], [ 126.899609904852568, 37.537029858537288 ], [ 126.899770399141573, 37.53700329780154 ] ] ] } },
{ "type": "Feature", "properties": { "OBJECTID": 3842, "ID": "중심지_78", "CODE": "ZON540", "ENT_NAME": "중심지", "JOSER_ID": null, "GOSI_ID": null, "LABEL": "매헌지구중심(동남권)", "GOSI_DATE": null }, "geometry": { "type": "Polygon", "coordinates": [ [ [ 127.040689944454485, 37.473763071575306 ], [ 127.040955194278908, 37.473617381298574 ], [ 127.040632328664643, 37.473404581656823 ], [ 127.04051833667927, 37.473329565801613 ], [ 127.040411582445316, 37.473259232668063 ], [ 127.040273955765002, 37.47316863700312 ], [ 127.040043609930294, 37.47301700597405 ], [ 127.040220569688145, 37.472852605220965 ], [ 127.040309668210142, 37.47276493184868 ], [ 127.040897938186689, 37.47220349982414 ], [ 127.040940991524252, 37.472161576214951 ], [ 127.040914046571928, 37.472143848957565 ], [ 127.040756954200035, 37.472039302888284 ], [ 127.040716298150684, 37.471991709184628 ], [ 127.040680783403602, 37.471946089662381 ], [ 127.040727415231302, 37.471872850582564 ], [ 127.040896840044908, 37.471709169385072 ], [ 127.041244397884938, 37.471371631896581 ], [ 127.0416162992735, 37.471017466105465 ], [ 127.042342762466163, 37.470314354651947 ], [ 127.042256814989116, 37.470253669307496 ], [ 127.04231501203914, 37.470201307245169 ], [ 127.042455793577929, 37.47007106357912 ], [ 127.042617458607538, 37.469920795790884 ], [ 127.042016783720214, 37.469504344990192 ], [ 127.041821718740124, 37.469370428872011 ], [ 127.041694506411119, 37.469279785296514 ], [ 127.041015500751442, 37.468820976364057 ], [ 127.04109089872847, 37.468772191531087 ], [ 127.041385574190969, 37.46851395496757 ], [ 127.041491896335657, 37.468420665180041 ], [ 127.041598331305167, 37.468327465357497 ], [ 127.041704765962223, 37.468234175337415 ], [ 127.041849164158933, 37.468107625235767 ], [ 127.041925204609754, 37.468040924990532 ], [ 127.042069715006221, 37.467914194376263 ], [ 127.042186204285301, 37.467812070629535 ], [ 127.042302580256433, 37.467710036905757 ], [ 127.042418955911259, 37.46760800306577 ], [ 127.042535331200611, 37.467505879009231 ], [ 127.042621977965553, 37.467426596615191 ], [ 127.042743295107371, 37.467308594945983 ], [ 127.042894747927392, 37.467177910884978 ], [ 127.043022051212404, 37.467064766842924 ], [ 127.04335298071264, 37.466774157515545 ], [ 127.043475369275157, 37.46666179048183 ], [ 127.043544105304562, 37.466711560032969 ], [ 127.04415403946247, 37.466179539326944 ], [ 127.045359244211028, 37.467036705326706 ], [ 127.045341538020679, 37.466913184276336 ], [ 127.045341259823317, 37.466823894903385 ], [ 127.045368668282464, 37.466721260401798 ], [ 127.045427457328259, 37.46673664573688 ], [ 127.045485094431299, 37.466715180415257 ], [ 127.045530313060894, 37.466720659705544 ], [ 127.045610568404356, 37.466717205972714 ], [ 127.045694116701881, 37.466738979061269 ], [ 127.045775413252343, 37.466775979898372 ], [ 127.045911073063351, 37.466798724408967 ], [ 127.046051149535046, 37.466835072256771 ], [ 127.046108797184289, 37.466831536602953 ], [ 127.046163046166384, 37.4668153881519 ], [ 127.046217306390403, 37.466818160751487 ], [ 127.046288533219595, 37.466839037075665 ], [ 127.046414001493673, 37.466831150740369 ], [ 127.046445559831611, 37.466865466990896 ], [ 127.046552480863497, 37.466842720996077 ], [ 127.046916171434646, 37.466730136559541 ], [ 127.04696580468017, 37.466745524646335 ], [ 127.047041547728554, 37.466757388741804 ], [ 127.047143286393037, 37.466763836731872 ], [ 127.047292482718802, 37.466739812331951 ], [ 127.047329790994283, 37.466748898012746 ], [ 127.047341781917027, 37.46674484785644 ], [ 127.047342335690502, 37.466744658430891 ], [ 127.0473943228575, 37.46672733898658 ], [ 127.047463818509698, 37.466504944241656 ], [ 127.047411823636665, 37.466509379365178 ], [ 127.047211553659437, 37.466564868710542 ], [ 127.047116698007571, 37.466537695034908 ], [ 127.047046717933256, 37.466522224751515 ], [ 127.046974458084961, 37.466475310269288 ], [ 127.046891369808108, 37.46627964416183 ], [ 127.046871021305833, 37.466276858861143 ], [ 127.046851897778254, 37.466243529055347 ], [ 127.046811095967612, 37.466251563635737 ], [ 127.04677842526776, 37.466246981033606 ], [ 127.046673194000817, 37.466258554141078 ], [ 127.046656430762383, 37.466202608203893 ], [ 127.046579567204361, 37.466206151454216 ], [ 127.046576455162949, 37.466106141207831 ], [ 127.046606015822803, 37.466014227533243 ], [ 127.046630885742772, 37.466017011153681 ], [ 127.04665797307679, 37.465947713607662 ], [ 127.046675241239029, 37.465903557817292 ], [ 127.046754363654188, 37.465897400728537 ], [ 127.0468289704923, 37.465901066261289 ], [ 127.046860907861998, 37.465814647732614 ], [ 127.04688377769692, 37.465687687496796 ], [ 127.046881895067642, 37.465565151678014 ], [ 127.046863890602054, 37.465512810256136 ], [ 127.046839118702991, 37.465484888635217 ], [ 127.046789293872777, 37.465525272712789 ], [ 127.046714700427287, 37.465543231245455 ], [ 127.046624166540738, 37.465557501700196 ], [ 127.04657659260431, 37.46558175685702 ], [ 127.046494089657514, 37.465605034189437 ], [ 127.046428435622261, 37.465639117109802 ], [ 127.046370683402415, 37.465655267015428 ], [ 127.046283754141342, 37.465648812749428 ], [ 127.046208008576556, 37.465630641138787 ], [ 127.046183151718012, 37.465649571620169 ], [ 127.045998806393669, 37.465679824786733 ], [ 127.045936542698527, 37.465713095253683 ], [ 127.04586645911381, 37.465712040371407 ], [ 127.045795337528148, 37.465675936781906 ], [ 127.045786382108801, 37.46563269194597 ], [ 127.045774050943876, 37.465615487388639 ], [ 127.045880394302301, 37.465574271632001 ], [ 127.045933010021201, 37.46547378992188 ], [ 127.045941704033993, 37.465457208180119 ], [ 127.045957816540977, 37.465369804732234 ], [ 127.045971460935178, 37.465314027450958 ], [ 127.046001038573181, 37.465250045034153 ], [ 127.046105299015906, 37.465128640495927 ], [ 127.04607506484551, 37.465038461392552 ], [ 127.046067025729087, 37.46499655872379 ], [ 127.046060551338016, 37.464962782521305 ], [ 127.046007913339025, 37.464834012824944 ], [ 127.045988669383249, 37.464786933593665 ], [ 127.045912089825478, 37.464694879766299 ], [ 127.04590947424721, 37.46468733934433 ], [ 127.045891821862881, 37.464636322110096 ], [ 127.045851096883268, 37.464581736544467 ], [ 127.045840010647325, 37.464566874134611 ], [ 127.045856667508971, 37.464520898654264 ], [ 127.045860727193173, 37.46442811172242 ], [ 127.045818371222467, 37.464291093882736 ], [ 127.045801383571202, 37.464236129983952 ], [ 127.045838858520142, 37.46414700661893 ], [ 127.045828963356328, 37.46404339484441 ], [ 127.045849416748425, 37.46403347612673 ], [ 127.045830733181376, 37.463786247568443 ], [ 127.045867202242135, 37.463755167260352 ], [ 127.046036984077858, 37.463610474213354 ], [ 127.046278121053518, 37.463404954142106 ], [ 127.046345645823465, 37.463288879188511 ], [ 127.046408540872235, 37.463180914992101 ], [ 127.046426043019267, 37.46315081479662 ], [ 127.046498433669115, 37.462988011814211 ], [ 127.046506188589376, 37.462970583437325 ], [ 127.046599604896031, 37.462867472934086 ], [ 127.046603096738082, 37.462847199002766 ], [ 127.046633480878469, 37.462811147230369 ], [ 127.046681399977189, 37.46274354458496 ], [ 127.046778408560073, 37.46265647945264 ], [ 127.046905709651199, 37.462513441222058 ], [ 127.0471727407336, 37.462408101038839 ], [ 127.047179047099263, 37.462388159373255 ], [ 127.047185127830488, 37.462368929587988 ], [ 127.047195078105787, 37.462337453655763 ], [ 127.047207713339674, 37.462297444171995 ], [ 127.047215723199429, 37.46227213185864 ], [ 127.047285499063108, 37.462051728162194 ], [ 127.047292437142318, 37.462029813044772 ], [ 127.047421248721733, 37.461809395387313 ], [ 127.047431986749004, 37.461791019732651 ], [ 127.04767800019836, 37.461370055635143 ], [ 127.04769333361331, 37.461343830409945 ], [ 127.047752442777494, 37.461242678537843 ], [ 127.047801107513834, 37.461159406657998 ], [ 127.047848755939455, 37.46107786508442 ], [ 127.047893643678563, 37.460918820149971 ], [ 127.047908632474673, 37.460865618949171 ], [ 127.047958628828354, 37.460688191482227 ], [ 127.047974057388316, 37.460633440370053 ], [ 127.047783138939224, 37.460540882968679 ], [ 127.047501601226557, 37.460404391519695 ], [ 127.047467648534791, 37.460387934358685 ], [ 127.0473351057164, 37.46054648156953 ], [ 127.047166904853199, 37.460747677950913 ], [ 127.047124967445541, 37.460797844066064 ], [ 127.046368344614649, 37.461172230792748 ], [ 127.046292197669672, 37.461193703578793 ], [ 127.046086392762348, 37.461251743004482 ], [ 127.045950541688285, 37.461290059828599 ], [ 127.045431511421825, 37.461298993583178 ], [ 127.045415601108246, 37.461345130932266 ], [ 127.044228942700258, 37.46162893172778 ], [ 127.043403843519599, 37.461676079295778 ], [ 127.042728995485405, 37.461599722160898 ], [ 127.042440082137233, 37.461567035002538 ], [ 127.042221376765013, 37.461542332907577 ], [ 127.042141888676426, 37.46153335021306 ], [ 127.042117472530009, 37.461530565489539 ], [ 127.042080945745283, 37.461497511163074 ], [ 127.041842979476513, 37.461281901102126 ], [ 127.041809732383385, 37.461251773836331 ], [ 127.041784197734387, 37.46122864473972 ], [ 127.041776066906976, 37.461221277291664 ], [ 127.041734677759706, 37.461183809589741 ], [ 127.041700989718919, 37.461153276990828 ], [ 127.041682997898775, 37.461136974922418 ], [ 127.041642394181295, 37.461088514663437 ], [ 127.041548200087647, 37.461013402816064 ], [ 127.041529655303734, 37.460998632619223 ], [ 127.04151660298345, 37.460982364892715 ], [ 127.04138216666361, 37.460814787400111 ], [ 127.041366716601502, 37.460795547149679 ], [ 127.041297564646371, 37.460709398353615 ], [ 127.041284783869131, 37.460693454870984 ], [ 127.041181406840067, 37.460564555830963 ], [ 127.041001998417613, 37.460441214294612 ], [ 127.040944264921151, 37.460401526288642 ], [ 127.040809802415041, 37.460309082928617 ], [ 127.040702103748643, 37.460235038071552 ], [ 127.04066298249019, 37.460187847393634 ], [ 127.040571677131524, 37.460077720750618 ], [ 127.040475802824574, 37.459962063371336 ], [ 127.040428798848723, 37.459905360600494 ], [ 127.040364502143561, 37.459827805232898 ], [ 127.040329339765265, 37.45978539747577 ], [ 127.040300895465762, 37.45975106951731 ], [ 127.040239856259404, 37.459677450402168 ], [ 127.040047691529196, 37.459445639591848 ], [ 127.040011522940389, 37.459402015708676 ], [ 127.039962407615604, 37.459304209587806 ], [ 127.039778336584234, 37.458937623360434 ], [ 127.039707057477145, 37.458795648021649 ], [ 127.039692880912014, 37.458767460153865 ], [ 127.039687937616605, 37.45875952389607 ], [ 127.039673687797432, 37.458742850894126 ], [ 127.039581686135165, 37.458635192437207 ], [ 127.039555923454486, 37.458605044092366 ], [ 127.039241186158947, 37.4582367600296 ], [ 127.039207518609899, 37.458197360806906 ], [ 127.039109467818776, 37.458082513879965 ], [ 127.039099606220859, 37.458070984150353 ], [ 127.03902366520532, 37.457982142136018 ], [ 127.038957699017871, 37.457904973939065 ], [ 127.038703348781709, 37.457908739357158 ], [ 127.037616607043233, 37.457924825882856 ], [ 127.037543389764963, 37.457925911411436 ], [ 127.037491556720568, 37.45792667503531 ], [ 127.037448573495965, 37.457927309805335 ], [ 127.037277782141359, 37.457929839373698 ], [ 127.036924727404113, 37.457935063388604 ], [ 127.036896561690966, 37.457935486286317 ], [ 127.036788871911085, 37.45793709523543 ], [ 127.036752930109472, 37.457937637550181 ], [ 127.036731116349685, 37.457937914353593 ], [ 127.036651736691141, 37.457933712265344 ], [ 127.036550158316388, 37.457928327379577 ], [ 127.036521272021801, 37.457934715055828 ], [ 127.035595416258403, 37.458139558888206 ], [ 127.035217134393406, 37.458223244602863 ], [ 127.035082104560161, 37.458253115311337 ], [ 127.035070449550318, 37.458476207490698 ], [ 127.035063389315397, 37.458611450360614 ], [ 127.035056800169272, 37.458738638107967 ], [ 127.035054872747196, 37.458775886204478 ], [ 127.035043832183149, 37.458856619390417 ], [ 127.035042881391803, 37.459005465692933 ], [ 127.034994360786257, 37.459187122058857 ], [ 127.03495358641365, 37.459758731147659 ], [ 127.034946846724466, 37.459853068268103 ], [ 127.034923932344739, 37.460175364191585 ], [ 127.034642697094867, 37.460130393115065 ], [ 127.034503982044754, 37.460064568460659 ], [ 127.034327692901542, 37.460145527773506 ], [ 127.034324765257324, 37.460170936923191 ], [ 127.034315645351441, 37.460252029890782 ], [ 127.034287503145066, 37.460256542722163 ], [ 127.034012636063181, 37.460300497558556 ], [ 127.033898819196651, 37.460832211728295 ], [ 127.033791423777473, 37.461055149678444 ], [ 127.033731935001782, 37.461237078759709 ], [ 127.033744373979047, 37.461250230036633 ], [ 127.033780494676989, 37.461399246354169 ], [ 127.033797131274198, 37.461448346565014 ], [ 127.033799516188878, 37.461474565148997 ], [ 127.033821355057924, 37.46153024126847 ], [ 127.033845896108943, 37.461561319217587 ], [ 127.033843310132013, 37.461593215489103 ], [ 127.033872730990581, 37.461669432429154 ], [ 127.033876691499813, 37.461679702797412 ], [ 127.033880115513455, 37.461756467453007 ], [ 127.033883197100707, 37.461825483561725 ], [ 127.033886366750863, 37.461836565050113 ], [ 127.033901422281289, 37.461888458789865 ], [ 127.033919081558082, 37.46194963216054 ], [ 127.033923565917448, 37.462126047624949 ], [ 127.033925150498973, 37.462131002715466 ], [ 127.033927179887328, 37.462137329913865 ], [ 127.034549931459111, 37.46256960811305 ], [ 127.034788517675892, 37.462742813350786 ], [ 127.034880107923996, 37.462808863590979 ], [ 127.035180856201308, 37.463025689711223 ], [ 127.0355397588919, 37.463278377224491 ], [ 127.035109506056685, 37.463671749063572 ], [ 127.03503504591886, 37.463739795130564 ], [ 127.03493007998415, 37.463835781813167 ], [ 127.034915233330153, 37.463849364144657 ], [ 127.034855507697571, 37.463904008898766 ], [ 127.034667948839228, 37.464075790372732 ], [ 127.034693077387828, 37.464154715797733 ], [ 127.034562760577444, 37.464182413141145 ], [ 127.034204618033982, 37.464330637843133 ], [ 127.033479515586777, 37.464635645905332 ], [ 127.033196482828743, 37.464922331537963 ], [ 127.033180104297529, 37.4649499967541 ], [ 127.033140344054559, 37.465017402508565 ], [ 127.032757338225977, 37.465193200180536 ], [ 127.032321291602216, 37.465308372871135 ], [ 127.032239688120185, 37.465329928111963 ], [ 127.032168831407049, 37.465371933301469 ], [ 127.031921566952448, 37.465518770738321 ], [ 127.031759707965662, 37.46554268887931 ], [ 127.031676178750246, 37.465555053981973 ], [ 127.031195348310661, 37.465626174836245 ], [ 127.030554837863605, 37.465514158960815 ], [ 127.030396462731417, 37.465486446847216 ], [ 127.030353272646593, 37.465460238176682 ], [ 127.030314147520983, 37.465422585748257 ], [ 127.030260670933913, 37.465395748847001 ], [ 127.030166046550917, 37.46536225447425 ], [ 127.030024179584274, 37.46534607070965 ], [ 127.029928213695314, 37.465351589945911 ], [ 127.029526942710064, 37.465374571243018 ], [ 127.029494574134972, 37.464963540843428 ], [ 127.02949287053913, 37.464941917147705 ], [ 127.029488651590384, 37.464843618595182 ], [ 127.029510441277523, 37.46447014720615 ], [ 127.029583054885123, 37.464288217231669 ], [ 127.029623499754138, 37.464230453247701 ], [ 127.029670271092542, 37.464163587599423 ], [ 127.029694024608503, 37.463905624416249 ], [ 127.029606904246336, 37.463983401826553 ], [ 127.029457804830258, 37.464116479463641 ], [ 127.029449736836142, 37.464123680394941 ], [ 127.02920429506382, 37.464342754265935 ], [ 127.029005576685122, 37.464520109275895 ], [ 127.028610566606815, 37.464872673331428 ], [ 127.02857665548116, 37.464902945830474 ], [ 127.02840358513194, 37.465057408431413 ], [ 127.027959732677857, 37.465460194338718 ], [ 127.027866089017536, 37.465545161917369 ], [ 127.027828516236923, 37.465579264281907 ], [ 127.027513140815188, 37.465865447905607 ], [ 127.027324099724737, 37.466036968418258 ], [ 127.027295702240977, 37.466062734319841 ], [ 127.027213165231629, 37.466137616714974 ], [ 127.02719350277809, 37.466155460867114 ], [ 127.027137182222901, 37.46620656001479 ], [ 127.027065730486228, 37.466271366677333 ], [ 127.027059049748615, 37.46627742737298 ], [ 127.02710865844594, 37.466323145291895 ], [ 127.02721791977774, 37.466425425167195 ], [ 127.027289352368285, 37.466505666531795 ], [ 127.02751052351023, 37.466729221120673 ], [ 127.027538101832889, 37.46675618570049 ], [ 127.027710670012894, 37.466940992116143 ], [ 127.027802505954213, 37.467053298067512 ], [ 127.02799853303614, 37.467275553559695 ], [ 127.028042538671983, 37.467331444666662 ], [ 127.028078074592784, 37.467375329082714 ], [ 127.02811731118247, 37.467424777253903 ], [ 127.028172053698412, 37.467497131737126 ], [ 127.02823932605672, 37.467592844585859 ], [ 127.028240807850707, 37.467595574292062 ], [ 127.028275854928808, 37.467665894206128 ], [ 127.028298601015678, 37.467726610396028 ], [ 127.028312244269401, 37.467765869440349 ], [ 127.028315236480282, 37.467775477966214 ], [ 127.028319954271367, 37.467789895658342 ], [ 127.028336330749823, 37.467873144683324 ], [ 127.028347580380355, 37.467913872901789 ], [ 127.028356710913584, 37.467958876862639 ], [ 127.028359744650302, 37.467986580234239 ], [ 127.028392500097127, 37.468124711064981 ], [ 127.028460264135376, 37.468274634350664 ], [ 127.028503912752214, 37.46834104727774 ], [ 127.028525945080233, 37.468380524221949 ], [ 127.028537815950955, 37.468394279833092 ], [ 127.028309327305919, 37.468505567059751 ], [ 127.027919990837063, 37.468698937978587 ], [ 127.027829307700372, 37.468743843499631 ], [ 127.027719727767249, 37.468793386102654 ], [ 127.027499701465629, 37.46889871154363 ], [ 127.027294086829272, 37.468999079712951 ], [ 127.027248010799738, 37.469025126954364 ], [ 127.026794538553943, 37.469264572800654 ], [ 127.026676343927775, 37.469342845670788 ], [ 127.026566632986203, 37.469404426435702 ], [ 127.026445863258829, 37.469477305311784 ], [ 127.02605490258621, 37.469698004138124 ], [ 127.025957649851037, 37.469754948786949 ], [ 127.025892079667102, 37.469791244836422 ], [ 127.025704541096161, 37.469896699867363 ], [ 127.025563594739126, 37.469983268205176 ], [ 127.025383679276459, 37.470079274151956 ], [ 127.025298742614879, 37.470128561743401 ], [ 127.025350639402248, 37.470184144094063 ], [ 127.025472882698821, 37.47031881937091 ], [ 127.025528858542259, 37.470378454428264 ], [ 127.025587999046266, 37.470436016506348 ], [ 127.02565007818265, 37.470491685847207 ], [ 127.025715095837128, 37.47054510204503 ], [ 127.025782938965662, 37.470596265118211 ], [ 127.025853494494328, 37.470645084984916 ], [ 127.026807350247211, 37.47127621763353 ], [ 127.027773433849248, 37.471915358723635 ], [ 127.029442375724926, 37.472929595550234 ], [ 127.029762592260312, 37.473101971393085 ], [ 127.02996318588734, 37.473223828960968 ], [ 127.030142748295418, 37.473332987142527 ], [ 127.030189646038792, 37.473361449263614 ], [ 127.030301245286466, 37.473346642080678 ], [ 127.030334805338768, 37.473306629374761 ], [ 127.030478425863464, 37.473140539435299 ], [ 127.030625777139107, 37.472976520704364 ], [ 127.030776633058039, 37.472814573224127 ], [ 127.031575679040742, 37.471972673701067 ], [ 127.031577577420151, 37.471970672991368 ], [ 127.031660653971898, 37.47188300225119 ], [ 127.031662213352547, 37.471881362027815 ], [ 127.031690462979427, 37.471851621716688 ], [ 127.031725718440313, 37.471814401282359 ], [ 127.03203058666432, 37.471493385648856 ], [ 127.032333418169657, 37.47117408164884 ], [ 127.032627681103719, 37.471461604745215 ], [ 127.03263932951586, 37.471472954317164 ], [ 127.032848210177079, 37.471677156521409 ], [ 127.033193142733921, 37.472014129805437 ], [ 127.034030024377728, 37.472531979223916 ], [ 127.034675296717353, 37.472784080737405 ], [ 127.03526242213394, 37.472937085018714 ], [ 127.035997291432352, 37.473063013273539 ], [ 127.036481191816705, 37.473180001453223 ], [ 127.037150482885764, 37.473275307820352 ], [ 127.038244876999087, 37.473449767276833 ], [ 127.03892126506905, 37.473644239284091 ], [ 127.039268630261915, 37.473643430540371 ], [ 127.039336459592576, 37.473643318750341 ], [ 127.039377157172694, 37.473643215617535 ], [ 127.03944815269341, 37.473644724553886 ], [ 127.03951892371559, 37.473649387029461 ], [ 127.03956256312938, 37.473654328502171 ], [ 127.039589131146911, 37.47365729325422 ], [ 127.039658774950453, 37.473668353128865 ], [ 127.039727515987778, 37.47368256676404 ], [ 127.039795015119836, 37.473699934271131 ], [ 127.039812879673036, 37.473705424599622 ], [ 127.039861272262272, 37.473720275451747 ], [ 127.039925948274558, 37.473743590418181 ], [ 127.039973665247189, 37.473763577159488 ], [ 127.039988817064639, 37.473769879246582 ], [ 127.040049652447237, 37.473798961813053 ], [ 127.040108341331205, 37.473830748057267 ], [ 127.04012700029574, 37.473842094596492 ], [ 127.040164770624457, 37.473865147919156 ], [ 127.040218488085941, 37.473902071449736 ], [ 127.040306816598147, 37.47397358210344 ], [ 127.040468657316254, 37.473884689996758 ], [ 127.040689944454485, 37.473763071575306 ] ] ] } },
{ "type": "Feature", "properties": { "OBJECTID": 3843, "ID": "중심지_67", "CODE": "ZON540", "ENT_NAME": "중심지", "JOSER_ID": null, "GOSI_ID": null, "LABEL": "공항지구중심(서남권)", "GOSI_DATE": null }, "geometry": { "type": "Polygon", "coordinates": [ [ [ 126.810334011301251, 37.562457371611899 ], [ 126.810325860089094, 37.562440454980759 ], [ 126.810328608530611, 37.562441199142235 ], [ 126.810311019109236, 37.562392796623378 ], [ 126.810291165765804, 37.562335650853043 ], [ 126.810272252415444, 37.562287147074713 ], [ 126.810245890405625, 37.562221431368798 ], [ 126.810235151174808, 37.562194168098799 ], [ 126.810205078709103, 37.562114445020356 ], [ 126.810169979790302, 37.562030775569475 ], [ 126.810169686063645, 37.562026135906933 ], [ 126.810113635787729, 37.561885508968771 ], [ 126.810110828836898, 37.561876674737121 ], [ 126.810030313668079, 37.561672262297392 ], [ 126.81001255601609, 37.561627824703208 ], [ 126.809850747306072, 37.561267184087114 ], [ 126.80983484401736, 37.561214693739892 ], [ 126.809811309679404, 37.561127908406903 ], [ 126.809817420556541, 37.561039901710636 ], [ 126.809819995390768, 37.560989108186334 ], [ 126.809823381701861, 37.560926395907266 ], [ 126.809828224097032, 37.560860802829644 ], [ 126.809831859441573, 37.560837833536269 ], [ 126.809837380032889, 37.560812344536643 ], [ 126.809845485865125, 37.560767334421122 ], [ 126.809845523136204, 37.560752784425411 ], [ 126.809779585066693, 37.560756902101048 ], [ 126.809579687999033, 37.560769371352521 ], [ 126.809191571119712, 37.560795382918094 ], [ 126.808614437839651, 37.560827677982985 ], [ 126.80863064743825, 37.560269236915609 ], [ 126.808632862651322, 37.560195800992219 ], [ 126.808636940838738, 37.560062632597024 ], [ 126.808637386138045, 37.560047947217548 ], [ 126.808641243462986, 37.559917030928453 ], [ 126.808642016933504, 37.559889190756287 ], [ 126.808642120014738, 37.559884326489502 ], [ 126.808600471786036, 37.559879303014569 ], [ 126.808450952328812, 37.55986126320893 ], [ 126.808434874691329, 37.559859290784445 ], [ 126.808408283041445, 37.559865969570005 ], [ 126.808229576824047, 37.559847151945526 ], [ 126.808234363216414, 37.559830041906281 ], [ 126.808131671924102, 37.559822864072338 ], [ 126.808101424273602, 37.559834040840762 ], [ 126.807988580769603, 37.559826891301171 ], [ 126.807977491103586, 37.559826170353475 ], [ 126.807960517048784, 37.55982509648225 ], [ 126.807929692135446, 37.55992377713244 ], [ 126.8079248414642, 37.559939455383386 ], [ 126.80790281544931, 37.560005596847894 ], [ 126.807869963086915, 37.560104813846607 ], [ 126.807848837617186, 37.560168434009292 ], [ 126.807828522235795, 37.560229523719727 ], [ 126.807810117536292, 37.560287021618038 ], [ 126.807808303527494, 37.560292604768321 ], [ 126.8077602086409, 37.560443098084427 ], [ 126.807746362761392, 37.560479602320449 ], [ 126.807731095408386, 37.560523067958428 ], [ 126.807723622043554, 37.560546265145277 ], [ 126.807706503209658, 37.560609764814082 ], [ 126.807679394187645, 37.560689331617112 ], [ 126.807678161014522, 37.560693511078121 ], [ 126.807673154521609, 37.560708134003747 ], [ 126.807662761210622, 37.560744382609798 ], [ 126.807650514453954, 37.560775212332452 ], [ 126.80763943928639, 37.560816891873259 ], [ 126.807625538007741, 37.560865990012132 ], [ 126.807531028852296, 37.561159827159301 ], [ 126.807526691930036, 37.561173731288164 ], [ 126.807518600089921, 37.561199693476212 ], [ 126.807507640918985, 37.561235869056624 ], [ 126.807501334153827, 37.561258689728362 ], [ 126.807496656803565, 37.561268565880319 ], [ 126.807497948757216, 37.561272279172677 ], [ 126.807489736437176, 37.561296683352147 ], [ 126.807477229646196, 37.561370985294452 ], [ 126.8074416678093, 37.561493280106198 ], [ 126.807338594552135, 37.561841774932624 ], [ 126.807316945298126, 37.561914963510752 ], [ 126.807298446622141, 37.561969109482519 ], [ 126.807253038699571, 37.562112678370063 ], [ 126.807247332653589, 37.562130752708192 ], [ 126.807209912287135, 37.562244944495198 ], [ 126.807207540806274, 37.562299540452727 ], [ 126.807129562386152, 37.562533093187348 ], [ 126.807069740562781, 37.56273085068986 ], [ 126.807021600896249, 37.562923511591222 ], [ 126.807008946513221, 37.562962872016087 ], [ 126.807004380508289, 37.562973388931141 ], [ 126.806973253005637, 37.563074275295946 ], [ 126.806953341803492, 37.563105577936767 ], [ 126.806946623125256, 37.563129983630724 ], [ 126.806932158480734, 37.563177757188349 ], [ 126.806926495908044, 37.56319646227049 ], [ 126.806917715235755, 37.563225999292627 ], [ 126.806893074656912, 37.56330012798059 ], [ 126.806805861246389, 37.56357605670221 ], [ 126.806774344168403, 37.563669869608731 ], [ 126.806691168238487, 37.563929315913768 ], [ 126.806652629952922, 37.56404617346643 ], [ 126.806645885438172, 37.564063045939939 ], [ 126.806640646862959, 37.564079696552689 ], [ 126.806626005235714, 37.564134434405865 ], [ 126.806824810103237, 37.564153863329793 ], [ 126.807208050619906, 37.564203859761832 ], [ 126.807208739004736, 37.564296167062913 ], [ 126.807275682641702, 37.564302711165496 ], [ 126.807331632202221, 37.564306343177222 ], [ 126.807423164969947, 37.564315252182396 ], [ 126.80746141911834, 37.564320621878323 ], [ 126.807808606451147, 37.564354987134912 ], [ 126.807874617717047, 37.564363213313904 ], [ 126.807920655710276, 37.564369893949824 ], [ 126.808041474780651, 37.564385625017252 ], [ 126.808193601761175, 37.564405478790299 ], [ 126.808316493191214, 37.564420844465666 ], [ 126.808427831284192, 37.564435091013777 ], [ 126.808550713914954, 37.564449517602029 ], [ 126.808663612589498, 37.564464335001439 ], [ 126.808750092050644, 37.564475405202778 ], [ 126.808895532113681, 37.56449448221553 ], [ 126.80904244132438, 37.564514470540516 ], [ 126.809083738344029, 37.564520637540269 ], [ 126.809296676672005, 37.564546474239251 ], [ 126.809462939395047, 37.564567052159866 ], [ 126.809495527776448, 37.564570637936306 ], [ 126.809587066929126, 37.56458169773363 ], [ 126.809669995088143, 37.564587391602991 ], [ 126.809875564208198, 37.564613691005242 ], [ 126.810680079471183, 37.564183439998665 ], [ 126.810833971643689, 37.564105906380128 ], [ 126.810866456881939, 37.564087731861086 ], [ 126.811035894106254, 37.564003744976944 ], [ 126.811039590032806, 37.564001353411555 ], [ 126.811195584383682, 37.563889135588283 ], [ 126.811207840766315, 37.563880848238512 ], [ 126.811302332028589, 37.563807885360646 ], [ 126.811366483578226, 37.563759550698187 ], [ 126.811400708786522, 37.563733568171237 ], [ 126.811408759686728, 37.563727751744558 ], [ 126.811321335528291, 37.563687769274864 ], [ 126.811239288629849, 37.56364743501112 ], [ 126.811170074444064, 37.563612536314928 ], [ 126.811155242039135, 37.563605691024492 ], [ 126.811138251600497, 37.563597356523914 ], [ 126.811010447299978, 37.563524765032895 ], [ 126.810888760227883, 37.563454643876831 ], [ 126.810837513666627, 37.563422251708907 ], [ 126.810831675680291, 37.563416898522753 ], [ 126.810740830504429, 37.563338348725345 ], [ 126.810722101067086, 37.563319595937188 ], [ 126.810644384420968, 37.56324589567177 ], [ 126.810604183070453, 37.563209772247028 ], [ 126.810557154943865, 37.563165493739639 ], [ 126.81049801736971, 37.562983326482048 ], [ 126.810468699274736, 37.56290935390399 ], [ 126.810466221717348, 37.562900033681821 ], [ 126.810433277146473, 37.56271266411423 ], [ 126.810393491534072, 37.562611419692999 ], [ 126.810347110634098, 37.56249121500305 ], [ 126.810334011301251, 37.562457371611899 ] ] ] } },
{ "type": "Feature", "properties": { "OBJECTID": 3844, "ID": "중심지_74", "CODE": "ZON540", "ENT_NAME": "중심지", "JOSER_ID": null, "GOSI_ID": null, "LABEL": "상도지구중심(서남권)", "GOSI_DATE": null }, "geometry": { "type": "Polygon", "coordinates": [ [ [ 126.940857466306028, 37.50579842949093 ], [ 126.94089196173671, 37.505797546200732 ], [ 126.940948620687607, 37.505801088253747 ], [ 126.940993630029055, 37.505805346911927 ], [ 126.941072111195837, 37.505815837766193 ], [ 126.941182931360132, 37.505834905468241 ], [ 126.941193901376124, 37.505835452569968 ], [ 126.941204422192271, 37.505832034150409 ], [ 126.94121257006374, 37.505826000724205 ], [ 126.941315137470426, 37.505700094455598 ], [ 126.941340126066066, 37.505707450318774 ], [ 126.941494184785796, 37.50575284797938 ], [ 126.941525901120869, 37.505762190317277 ], [ 126.941529214001136, 37.505763281305811 ], [ 126.941541260435017, 37.505662358556549 ], [ 126.941558052427183, 37.505510475977353 ], [ 126.941561497062054, 37.505474078316574 ], [ 126.941571507866456, 37.505387047010998 ], [ 126.941579298885173, 37.505303852827694 ], [ 126.941599358596648, 37.505079141533457 ], [ 126.942112330508706, 37.505130931364313 ], [ 126.942232029454999, 37.505123840274528 ], [ 126.942214710719796, 37.50503125135107 ], [ 126.942133274797683, 37.504939633021728 ], [ 126.942164180873405, 37.504929260047973 ], [ 126.942091206860042, 37.504806381312783 ], [ 126.942052319209282, 37.5047845035362 ], [ 126.942084424819399, 37.504773158109074 ], [ 126.942070611739098, 37.50474976575893 ], [ 126.942045433479976, 37.504756554719577 ], [ 126.942026423046741, 37.504723959658214 ], [ 126.942004822894361, 37.504676917589727 ], [ 126.942225744353792, 37.504612254132653 ], [ 126.942156283118265, 37.504418168624234 ], [ 126.942035309358147, 37.504147536286389 ], [ 126.941975506472147, 37.504092675928234 ], [ 126.941718156865335, 37.504106849285918 ], [ 126.941607573381376, 37.504134295321272 ], [ 126.941572722059604, 37.504135698516187 ], [ 126.941573216939659, 37.504134878859119 ], [ 126.941572179993642, 37.504134710747337 ], [ 126.941532931274367, 37.504071416439778 ], [ 126.941515669045458, 37.503946340141155 ], [ 126.941506902229875, 37.503683154163532 ], [ 126.941492644607862, 37.503551556153454 ], [ 126.941406558715116, 37.503437084725824 ], [ 126.941261270409981, 37.503266800457318 ], [ 126.941126746837995, 37.503106534300962 ], [ 126.940965286031187, 37.502956266075245 ], [ 126.940918702796765, 37.502837524869157 ], [ 126.940949388371706, 37.502634432186291 ], [ 126.940576062383485, 37.50250264940923 ], [ 126.940467974450584, 37.502448247192227 ], [ 126.940407407472989, 37.502370970596132 ], [ 126.940296012418401, 37.502472467136982 ], [ 126.940044423081574, 37.502766986332276 ], [ 126.939911398083737, 37.502972885220046 ], [ 126.939789103337844, 37.503227421831959 ], [ 126.939721227308624, 37.503403888270356 ], [ 126.939505315082044, 37.503355014017743 ], [ 126.939498218115759, 37.503362254316912 ], [ 126.939445035025699, 37.503369992988979 ], [ 126.939274717145665, 37.503300265235183 ], [ 126.939162114284898, 37.503254056732665 ], [ 126.93906973207072, 37.503235744704305 ], [ 126.938996670550154, 37.50323943619388 ], [ 126.938968864624542, 37.503248458486325 ], [ 126.93870605565634, 37.503264464935867 ], [ 126.938667397930558, 37.503267245579309 ], [ 126.938456344450174, 37.503278531636944 ], [ 126.938381687988382, 37.503282519224115 ], [ 126.938356127669678, 37.50328389309847 ], [ 126.938172634429534, 37.503295877238237 ], [ 126.93806482759959, 37.503302918348119 ], [ 126.937957608866213, 37.503309924537064 ], [ 126.937888753613748, 37.503314429403567 ], [ 126.937741599252959, 37.503324035785063 ], [ 126.937561664308561, 37.503459997330786 ], [ 126.937447422013832, 37.503546602432401 ], [ 126.937409894659496, 37.503576279870956 ], [ 126.937278488079798, 37.50367168725267 ], [ 126.937065658950843, 37.503826216830944 ], [ 126.9369620503481, 37.503763758039184 ], [ 126.93694419097605, 37.503752684023112 ], [ 126.93692944113883, 37.50383417123026 ], [ 126.936917040056656, 37.503932940860267 ], [ 126.936904235266326, 37.504014564275025 ], [ 126.936900778452127, 37.504036303465497 ], [ 126.936886586298911, 37.50413982937846 ], [ 126.93687168461301, 37.504252986567579 ], [ 126.936854543662363, 37.504248039717993 ], [ 126.936846469075618, 37.504260685309141 ], [ 126.936805096934947, 37.504354672778192 ], [ 126.936781016138937, 37.504410332246501 ], [ 126.93674253652317, 37.504507276549305 ], [ 126.936839520238195, 37.504528467096584 ], [ 126.936863107569238, 37.504533561635974 ], [ 126.936996884068577, 37.504564719201021 ], [ 126.937019724681306, 37.504570173700486 ], [ 126.937031914309742, 37.504572586019236 ], [ 126.937095109898706, 37.504588333901033 ], [ 126.937117667732721, 37.504593851297159 ], [ 126.937236107552806, 37.504613125077505 ], [ 126.93724170439414, 37.504614749918943 ], [ 126.937408208855217, 37.504648519693802 ], [ 126.93733847995756, 37.504720895032989 ], [ 126.937221751571812, 37.504828979236102 ], [ 126.93715205919419, 37.504897930690959 ], [ 126.937143150685927, 37.504907070965025 ], [ 126.937014216729196, 37.505030526538668 ], [ 126.936997093222217, 37.505044519595046 ], [ 126.936988797432889, 37.505051295072604 ], [ 126.937176935826557, 37.505074512786784 ], [ 126.937278296769733, 37.505083037326727 ], [ 126.93748965801602, 37.505101576573807 ], [ 126.937539827438144, 37.505114984472534 ], [ 126.937541650501288, 37.505115044024677 ], [ 126.937567271715267, 37.505308221913573 ], [ 126.937583691513879, 37.505387307771706 ], [ 126.937768863077224, 37.505376172396652 ], [ 126.937844334857317, 37.505370811616856 ], [ 126.937840767704245, 37.50533894590783 ], [ 126.937823481600688, 37.505211607581678 ], [ 126.937985196768437, 37.505200125848866 ], [ 126.938221398789736, 37.505186817860725 ], [ 126.938244480205896, 37.505175289344315 ], [ 126.938283597386047, 37.505151902365611 ], [ 126.938290199264401, 37.505115171317321 ], [ 126.938308959050687, 37.50508105516279 ], [ 126.93835713996495, 37.505076149770844 ], [ 126.938434002802637, 37.505086543304543 ], [ 126.93855784221806, 37.505114783570058 ], [ 126.938604844584503, 37.505128854265031 ], [ 126.938709244796044, 37.505168275311675 ], [ 126.938724915011136, 37.505174194187461 ], [ 126.938824970544147, 37.505202358458646 ], [ 126.938846468723284, 37.505209530995835 ], [ 126.939068740283531, 37.505311930871812 ], [ 126.939091556707055, 37.505322442257928 ], [ 126.939113207486869, 37.505298529502369 ], [ 126.939155293540423, 37.50525439382443 ], [ 126.93914970105304, 37.505233831003316 ], [ 126.939190919382654, 37.505240294890775 ], [ 126.93921703394733, 37.505294062193961 ], [ 126.939247590945072, 37.505350606905743 ], [ 126.939292952818604, 37.505420232885761 ], [ 126.939298189776608, 37.505419541875753 ], [ 126.939310360339604, 37.505417925588041 ], [ 126.939349224697295, 37.50541276621027 ], [ 126.939371720770865, 37.50541142654982 ], [ 126.939393707885628, 37.505410113647372 ], [ 126.939399841941935, 37.50540503524546 ], [ 126.939405093230533, 37.505400695197231 ], [ 126.939471411988563, 37.50542950701486 ], [ 126.939488183404578, 37.505430534850625 ], [ 126.939491666615396, 37.505430743908967 ], [ 126.939529495857641, 37.505432754969689 ], [ 126.939541278224368, 37.505435571363527 ], [ 126.939568981491277, 37.505442191108529 ], [ 126.939622044306546, 37.505444912905055 ], [ 126.939645327415874, 37.505449204840929 ], [ 126.939705135266195, 37.505460245441022 ], [ 126.939730496003392, 37.505468620868044 ], [ 126.939702624029238, 37.505529423636339 ], [ 126.939688833393774, 37.505630409257471 ], [ 126.939688071021564, 37.505636013064418 ], [ 126.939687604508023, 37.505639426700704 ], [ 126.939698082500044, 37.505687996863251 ], [ 126.939765197560874, 37.505989022864235 ], [ 126.939883639793493, 37.506057025348653 ], [ 126.939997299697751, 37.506119066024695 ], [ 126.940154356651647, 37.506172785001134 ], [ 126.940292014661495, 37.506162129146404 ], [ 126.940441684667888, 37.506100225188547 ], [ 126.940626523168774, 37.50596887405262 ], [ 126.940646212545047, 37.505922657611563 ], [ 126.940857466306028, 37.50579842949093 ] ] ] } },
{ "type": "Feature", "properties": { "OBJECTID": 3845, "ID": "중심지_17", "CODE": "ZON540", "ENT_NAME": "중심지", "JOSER_ID": null, "GOSI_ID": null, "LABEL": "석관지구중심(동북권)", "GOSI_DATE": null }, "geometry": { "type": "Polygon", "coordinates": [ [ [ 127.061401668585859, 37.613627846437879 ], [ 127.06149258532713, 37.613587256119231 ], [ 127.061630222897875, 37.613592952376052 ], [ 127.061717439368266, 37.613500512301137 ], [ 127.061747742856653, 37.613467656075805 ], [ 127.061712956169373, 37.613448077482097 ], [ 127.061615456169662, 37.613397519055503 ], [ 127.06177450555461, 37.613438702898897 ], [ 127.061807865400098, 37.613402439388345 ], [ 127.062021473998328, 37.613164624199541 ], [ 127.062169073327496, 37.613190046210491 ], [ 127.062320159137315, 37.613215763564405 ], [ 127.062497265710718, 37.613246035258157 ], [ 127.062670907569512, 37.613276020167227 ], [ 127.062693142515457, 37.61327985583398 ], [ 127.062818006729756, 37.613301441625126 ], [ 127.062854075949275, 37.613198530829301 ], [ 127.062880415648493, 37.613137854070779 ], [ 127.062918597850313, 37.613044249290233 ], [ 127.062938343512599, 37.612994639997481 ], [ 127.062955810253598, 37.612955906731337 ], [ 127.062987176518234, 37.612880433217128 ], [ 127.063002300416315, 37.612843737381269 ], [ 127.063003929107836, 37.612839637067907 ], [ 127.063023835017944, 37.612792208050429 ], [ 127.06306248942964, 37.61269618834195 ], [ 127.063114992360241, 37.612566374592575 ], [ 127.06312985858996, 37.612507172359052 ], [ 127.063179532207059, 37.612381639715309 ], [ 127.063195798908438, 37.612330123012029 ], [ 127.063106970472646, 37.612315320325543 ], [ 127.063079612981781, 37.612309955739775 ], [ 127.06297960819208, 37.612285456118059 ], [ 127.062846429452634, 37.612258829318641 ], [ 127.062725052463776, 37.612235124438484 ], [ 127.0626751999757, 37.612226014330268 ], [ 127.062562297832699, 37.612203223891775 ], [ 127.062515933344713, 37.612195012893501 ], [ 127.062383864596029, 37.612169448155946 ], [ 127.062250764335232, 37.612142712525461 ], [ 127.06222760047649, 37.612138192506436 ], [ 127.06220245224884, 37.612133565385442 ], [ 127.062071246670243, 37.612109307177903 ], [ 127.061976716563763, 37.612090794521784 ], [ 127.061860213586087, 37.612068446736373 ], [ 127.061705796634399, 37.612039378835703 ], [ 127.061444472156793, 37.611935556575396 ], [ 127.061431509584779, 37.611929661728027 ], [ 127.061410913214047, 37.611922085918067 ], [ 127.061389388658782, 37.61191375375094 ], [ 127.061275978829968, 37.611865455553207 ], [ 127.061214684612722, 37.611839700482804 ], [ 127.061153087925348, 37.611816639467818 ], [ 127.061112040866846, 37.611799388386437 ], [ 127.060994987715276, 37.611753713613275 ], [ 127.060959809243684, 37.611740108496086 ], [ 127.060930468088287, 37.611729356541332 ], [ 127.060875146199194, 37.611706481428051 ], [ 127.060837192131643, 37.611691832531577 ], [ 127.060773409498083, 37.611668375984557 ], [ 127.060616838539914, 37.611604998363106 ], [ 127.060442968047624, 37.611537646833192 ], [ 127.060354319320325, 37.611504670086731 ], [ 127.060324350856575, 37.611489548533207 ], [ 127.060262408617874, 37.611474262694401 ], [ 127.060257876379453, 37.611470345680566 ], [ 127.060094873782802, 37.611409069851973 ], [ 127.060036617662476, 37.611385898476556 ], [ 127.05991203225318, 37.611339154192052 ], [ 127.05978641228559, 37.611287185494398 ], [ 127.059624714060348, 37.61122590746934 ], [ 127.059513273299757, 37.611188778773261 ], [ 127.059439140339109, 37.611355830126691 ], [ 127.059412315865586, 37.611378349806536 ], [ 127.059148478086712, 37.611369982675669 ], [ 127.059120985754902, 37.611378402254459 ], [ 127.05904527865529, 37.611313208116599 ], [ 127.059009335103994, 37.611259842474162 ], [ 127.059001781116621, 37.611199831772282 ], [ 127.058947842079803, 37.611162404227407 ], [ 127.058748053949969, 37.611115424986608 ], [ 127.058665804579618, 37.611082760110392 ], [ 127.058566784706954, 37.611068499525999 ], [ 127.058530684195119, 37.611075977097599 ], [ 127.0584587988332, 37.611117276756595 ], [ 127.058389661666027, 37.611126725348861 ], [ 127.058344374955993, 37.611117962591777 ], [ 127.058254478421148, 37.611037259871601 ], [ 127.058212468991655, 37.610972715717942 ], [ 127.058209451627647, 37.610921703589128 ], [ 127.058231126195039, 37.61085995791629 ], [ 127.058276614195805, 37.610804453601723 ], [ 127.058304945180438, 37.610752228088678 ], [ 127.058322109182583, 37.61071503631711 ], [ 127.058372746030898, 37.610625814752801 ], [ 127.058412481143407, 37.610557924657058 ], [ 127.058455347159509, 37.610483374782291 ], [ 127.05850047491522, 37.610403030486857 ], [ 127.058518404836647, 37.610388741269269 ], [ 127.058550490429951, 37.610360921474339 ], [ 127.058567262178997, 37.610327946448578 ], [ 127.058580566641311, 37.610294288350552 ], [ 127.058583590584703, 37.610235020312068 ], [ 127.058450594790969, 37.610206793715086 ], [ 127.058403203099317, 37.610197878827535 ], [ 127.058304507479505, 37.610176501009683 ], [ 127.058184779635326, 37.610154097080105 ], [ 127.058166236716758, 37.610151592242516 ], [ 127.058080150014121, 37.610133316571279 ], [ 127.058002633604787, 37.610113847440012 ], [ 127.057856190318716, 37.61006308404442 ], [ 127.057689638644035, 37.610019646010194 ], [ 127.057245980688492, 37.609923316129866 ], [ 127.057198072692927, 37.60992023035363 ], [ 127.057130786972039, 37.609903702032398 ], [ 127.057103208211586, 37.609902094157846 ], [ 127.057008397189534, 37.609879631346153 ], [ 127.056916858579697, 37.609856212782532 ], [ 127.056860313653843, 37.609845247332274 ], [ 127.056844431836254, 37.609842057193845 ], [ 127.056784365141439, 37.609830146426155 ], [ 127.056760044566445, 37.609825220431752 ], [ 127.056641811279178, 37.609800877124883 ], [ 127.05662123103069, 37.60979681429739 ], [ 127.056593251673675, 37.609790970975276 ], [ 127.056513961860048, 37.609775330865041 ], [ 127.056459364371364, 37.609763463333266 ], [ 127.056392105127557, 37.609750187122316 ], [ 127.056385613930829, 37.609747865607062 ], [ 127.056360445105412, 37.609742903885277 ], [ 127.056279852976957, 37.609727282242353 ], [ 127.056244431471626, 37.609718018559434 ], [ 127.056088394730281, 37.609680519866309 ], [ 127.054104674360261, 37.609307023687045 ], [ 127.053945684400801, 37.609277087216441 ], [ 127.05606264282433, 37.610367472691514 ], [ 127.05603771948067, 37.610511338546942 ], [ 127.056029157461793, 37.610525469894341 ], [ 127.055939810842929, 37.610621528742179 ], [ 127.055919499879025, 37.610645351051048 ], [ 127.055845758594273, 37.610722797360893 ], [ 127.055783152272156, 37.610789003263655 ], [ 127.055759613881492, 37.610813475734972 ], [ 127.055559644829628, 37.611028947121326 ], [ 127.055526975995036, 37.61106657805685 ], [ 127.055468637240367, 37.611130511362532 ], [ 127.055544237409549, 37.611147956724217 ], [ 127.055603936106678, 37.611163488432744 ], [ 127.055699324912311, 37.611186086348432 ], [ 127.05571369398416, 37.61118008822374 ], [ 127.055752847054876, 37.611195945533922 ], [ 127.055811269766011, 37.611219731615869 ], [ 127.055867952467437, 37.611247608926412 ], [ 127.055901043161569, 37.611273073442163 ], [ 127.055917276890739, 37.611295680597983 ], [ 127.055924173037269, 37.611308020866545 ], [ 127.05596254357053, 37.611353340564087 ], [ 127.055971841473095, 37.61136818445047 ], [ 127.055979003836811, 37.611375929587005 ], [ 127.055987414213803, 37.611385115717546 ], [ 127.056033425405701, 37.611407501884884 ], [ 127.056055292452186, 37.611419025247159 ], [ 127.056125392476204, 37.611457058402998 ], [ 127.056186460945469, 37.611489780810636 ], [ 127.056390582233874, 37.611577576832978 ], [ 127.056467145852636, 37.611610544164371 ], [ 127.056557783282031, 37.611653226473869 ], [ 127.056662747251238, 37.611695028068425 ], [ 127.056821841262192, 37.611759175587643 ], [ 127.056856373446806, 37.611835490551961 ], [ 127.056864630727915, 37.611850307825179 ], [ 127.056877161661077, 37.611871817385605 ], [ 127.056921253989373, 37.611970938893222 ], [ 127.057281633861905, 37.612158585058474 ], [ 127.057331199483798, 37.6121575930744 ], [ 127.057416649841286, 37.612155057816601 ], [ 127.057491971866071, 37.612160562253159 ], [ 127.057546338840567, 37.612164545823852 ], [ 127.057692749325142, 37.612198118874844 ], [ 127.057736302201874, 37.612203305809906 ], [ 127.057842484596947, 37.612236888820071 ], [ 127.057868844739119, 37.612244894971752 ], [ 127.057983980904126, 37.612285221929653 ], [ 127.058053393337715, 37.612310263012446 ], [ 127.058112338401784, 37.612332236727525 ], [ 127.058113511321082, 37.612355571582974 ], [ 127.0580390414204, 37.612428766957734 ], [ 127.058035500781443, 37.612433030295158 ], [ 127.057966097325746, 37.612496438539154 ], [ 127.057963495944222, 37.612499665296575 ], [ 127.057916107085802, 37.612544349597066 ], [ 127.058013240336592, 37.612605957295244 ], [ 127.058089078768106, 37.612651105182913 ], [ 127.058173007607266, 37.612702511859318 ], [ 127.058240065435868, 37.612741941731443 ], [ 127.058251871624151, 37.612747972631645 ], [ 127.058290714460512, 37.612772595792592 ], [ 127.058324050892509, 37.612791572438205 ], [ 127.058423080411714, 37.612846772906472 ], [ 127.058545647207211, 37.612916224454324 ], [ 127.058580602331247, 37.612936794981707 ], [ 127.058604090158298, 37.612948748654858 ], [ 127.058737208153318, 37.613026546994966 ], [ 127.058809125334363, 37.613067353587702 ], [ 127.058933318514889, 37.613146147116304 ], [ 127.05902442110721, 37.613200323813707 ], [ 127.059080883718636, 37.613234506546796 ], [ 127.059139600469607, 37.613267498856928 ], [ 127.059232065192845, 37.613323719955211 ], [ 127.059479851965193, 37.613466476126725 ], [ 127.059572259103888, 37.613520822943784 ], [ 127.059596472758372, 37.613535028514093 ], [ 127.059635905927578, 37.613557416504833 ], [ 127.059694995277866, 37.613589732617292 ], [ 127.059749497779137, 37.613620789589511 ], [ 127.059865925982038, 37.613687206478296 ], [ 127.059985385214148, 37.613750685452274 ], [ 127.060056512200902, 37.613791643936672 ], [ 127.060173279996221, 37.613858573910932 ], [ 127.060212655463062, 37.613882042913659 ], [ 127.060247271466338, 37.613900856199159 ], [ 127.060300902284482, 37.613930435739654 ], [ 127.060432906952329, 37.61400237633017 ], [ 127.060488339664673, 37.614033090121644 ], [ 127.060543587070143, 37.61400268232164 ], [ 127.060667161923874, 37.613941442934696 ], [ 127.060760486232908, 37.613895130745092 ], [ 127.060853687172269, 37.613849070818134 ], [ 127.06094658323245, 37.613807164493878 ], [ 127.061044918357197, 37.613767166334043 ], [ 127.061167260103005, 37.613721486987892 ], [ 127.061283486718523, 37.61367717199397 ], [ 127.061401668585859, 37.613627846437879 ] ] ] } },
{ "type": "Feature", "properties": { "OBJECTID": 3846, "ID": "중심지_26", "CODE": "ZON540", "ENT_NAME": "중심지", "JOSER_ID": null, "GOSI_ID": null, "LABEL": "수락지구중심(동북권)", "GOSI_DATE": null }, "geometry": { "type": "Polygon", "coordinates": [ [ [ 127.056225289193051, 37.679447882017634 ], [ 127.056208956500399, 37.678509257860419 ], [ 127.056322143908972, 37.678491618368888 ], [ 127.056475805988086, 37.678467671138996 ], [ 127.056594966581073, 37.678449073572978 ], [ 127.056659538542974, 37.678437375828025 ], [ 127.056907477902655, 37.678387870223169 ], [ 127.057162174209424, 37.678333753342663 ], [ 127.057242869578431, 37.678312212669205 ], [ 127.057410289172623, 37.678274437723445 ], [ 127.057343112253164, 37.678204118096076 ], [ 127.057296039901686, 37.678105438061735 ], [ 127.056496340254483, 37.678151735104002 ], [ 127.056481779407605, 37.678082657214702 ], [ 127.05648018646535, 37.678073088741037 ], [ 127.056469003843802, 37.678004169647963 ], [ 127.056443659702495, 37.677963340423268 ], [ 127.056385922834622, 37.677864665887533 ], [ 127.056321306882381, 37.677754281890799 ], [ 127.056319001956098, 37.677702927595845 ], [ 127.056368611324828, 37.677523522043742 ], [ 127.056402437784499, 37.677401153496618 ], [ 127.05640515531698, 37.67724312185004 ], [ 127.056422092481171, 37.677229914736749 ], [ 127.056541342570597, 37.677229255520608 ], [ 127.056550613220764, 37.677225061678811 ], [ 127.056574092201132, 37.67721493281369 ], [ 127.056716877220396, 37.677152726085623 ], [ 127.056755291460973, 37.677135652714497 ], [ 127.056816597579598, 37.677107153293527 ], [ 127.056851354633451, 37.677079062724872 ], [ 127.056866930063947, 37.677050323438685 ], [ 127.0567569220797, 37.67681067155096 ], [ 127.056701612178301, 37.676699112121398 ], [ 127.056667577519249, 37.676630969545144 ], [ 127.056600260353562, 37.676499846576327 ], [ 127.056588759161357, 37.676475183346135 ], [ 127.05657298469616, 37.676437034565488 ], [ 127.056574456792433, 37.676434962544867 ], [ 127.056547991002205, 37.676408079993379 ], [ 127.056456530968944, 37.676309718513799 ], [ 127.056388943037092, 37.676193299399053 ], [ 127.056347372225119, 37.676128692038269 ], [ 127.056301857619033, 37.6760791867775 ], [ 127.056256728437575, 37.676028078491434 ], [ 127.05621531989442, 37.675983498704625 ], [ 127.056164927795436, 37.675927814986082 ], [ 127.056124642382102, 37.675882785061496 ], [ 127.055907369457671, 37.67564265937542 ], [ 127.05577625572657, 37.675694417509717 ], [ 127.055643669914687, 37.675748536719013 ], [ 127.055567006477148, 37.675779249954921 ], [ 127.05550575771008, 37.67580470342233 ], [ 127.055479355751018, 37.675818167009325 ], [ 127.055436186014717, 37.675843757225195 ], [ 127.055206824926486, 37.675971681781924 ], [ 127.055155926281827, 37.676015942642664 ], [ 127.055098513338137, 37.676065341978372 ], [ 127.055001612687846, 37.676153861362678 ], [ 127.054983227687984, 37.676171420623362 ], [ 127.054891490132192, 37.67631694204578 ], [ 127.054877477374745, 37.676456644022785 ], [ 127.05487429184339, 37.676486404553302 ], [ 127.054824079774619, 37.676572127665722 ], [ 127.054746795955765, 37.676765916485607 ], [ 127.054706340809915, 37.676865266839087 ], [ 127.054653757590813, 37.676994922310698 ], [ 127.054632599149542, 37.677050026243599 ], [ 127.054590531154375, 37.677159666372475 ], [ 127.054549837844036, 37.677243520064614 ], [ 127.054539877226034, 37.6772643369818 ], [ 127.054423566554533, 37.677413680165621 ], [ 127.054367961644601, 37.677490828241787 ], [ 127.054286077224432, 37.677594026121838 ], [ 127.054168158466965, 37.677714989167917 ], [ 127.054116728678409, 37.677765736798229 ], [ 127.053972072083425, 37.67790833487593 ], [ 127.053814489056563, 37.678049857338941 ], [ 127.053621855646455, 37.678158329429948 ], [ 127.053460361021664, 37.678217594466027 ], [ 127.053488271500228, 37.678341760337631 ], [ 127.053475072170684, 37.678343633865651 ], [ 127.053310939901152, 37.678359923529051 ], [ 127.053237714323302, 37.678364406455984 ], [ 127.053207108726284, 37.678366275872001 ], [ 127.053150881423534, 37.678366030205893 ], [ 127.053100776704994, 37.678364250184629 ], [ 127.052960894690017, 37.678351922916903 ], [ 127.052882093032892, 37.67834497563058 ], [ 127.0528638648846, 37.678343261810419 ], [ 127.052824820449842, 37.678339603737768 ], [ 127.052800147844991, 37.678329639814017 ], [ 127.052755125837692, 37.678319136034375 ], [ 127.052688731145508, 37.678303632110854 ], [ 127.052462827746538, 37.678250914956742 ], [ 127.052228202204006, 37.678188912105554 ], [ 127.052036774397379, 37.6781299878336 ], [ 127.051999583457743, 37.6781195353703 ], [ 127.051994714918365, 37.678118168878335 ], [ 127.05191085903877, 37.678094600185204 ], [ 127.051798079738433, 37.678064203590417 ], [ 127.05175195819514, 37.678053312478347 ], [ 127.051714794080553, 37.678045543907174 ], [ 127.051710712427465, 37.67804442843962 ], [ 127.051706099026731, 37.678043169042759 ], [ 127.051700702362467, 37.678041973046938 ], [ 127.051694636574808, 37.678040317840122 ], [ 127.051683003880015, 37.678037160378537 ], [ 127.051653457981999, 37.678030164284216 ], [ 127.051638866504433, 37.678026808961107 ], [ 127.051570747591683, 37.678076328238483 ], [ 127.051592818822172, 37.67814431517413 ], [ 127.051609347819138, 37.678195186004288 ], [ 127.051639541101309, 37.678288198462113 ], [ 127.051674757537555, 37.678396584750175 ], [ 127.051678980514254, 37.678408902835223 ], [ 127.051759982500641, 37.678705134727473 ], [ 127.05179864437622, 37.678900980378643 ], [ 127.051838884830488, 37.679231709724093 ], [ 127.052036324742971, 37.679182252113719 ], [ 127.052131813275167, 37.679158362474219 ], [ 127.052438298060807, 37.679096919483172 ], [ 127.052661200031565, 37.679052288046634 ], [ 127.052770567084039, 37.67903039202735 ], [ 127.05289164483662, 37.679012788439231 ], [ 127.053195657770303, 37.678968580133677 ], [ 127.053237165939848, 37.678962552463965 ], [ 127.053604244265244, 37.67890917958934 ], [ 127.053704295550148, 37.67889463874166 ], [ 127.054304333481426, 37.678802176271539 ], [ 127.054406515913101, 37.678786416662255 ], [ 127.054495008220684, 37.678772735347394 ], [ 127.054518916901671, 37.678871589074333 ], [ 127.054519519396067, 37.678921772897034 ], [ 127.054542019905142, 37.680571723636724 ], [ 127.054545534205189, 37.680751813523067 ], [ 127.055087743552235, 37.68074697357298 ], [ 127.055645709530296, 37.680742754580585 ], [ 127.056245054461201, 37.680739324631318 ], [ 127.056242540252001, 37.680555888126541 ], [ 127.056241822029293, 37.680504082633071 ], [ 127.056240988195825, 37.680449213891698 ], [ 127.056237754846549, 37.680215773824003 ], [ 127.056234219495991, 37.680031076416938 ], [ 127.056225289193051, 37.679447882017634 ] ] ] } },
{ "type": "Feature", "properties": { "OBJECTID": 3847, "ID": "중심지_39", "CODE": "ZON530", "ENT_NAME": "중심지", "JOSER_ID": null, "GOSI_ID": null, "LABEL": "마포공덕지역중심(서북권)", "GOSI_DATE": null }, "geometry": { "type": "Polygon", "coordinates": [ [ [ 126.953127271749864, 37.545610001139501 ], [ 126.953135837830942, 37.545599410789485 ], [ 126.953924895754582, 37.545226991171056 ], [ 126.954089012135782, 37.545165789761967 ], [ 126.954207024227955, 37.545152017688913 ], [ 126.954401698822281, 37.545177932359508 ], [ 126.954586414359497, 37.545224102451442 ], [ 126.954561404188567, 37.545199190900185 ], [ 126.95464928472137, 37.5452108900501 ], [ 126.954136181906819, 37.544707542664078 ], [ 126.953998123388402, 37.544440193552504 ], [ 126.952636908520134, 37.542427068735726 ], [ 126.951846799983201, 37.542819820288621 ], [ 126.951294312583229, 37.542206382190109 ], [ 126.948965354466907, 37.540648773052936 ], [ 126.947484547589909, 37.539980373908676 ], [ 126.947389968054793, 37.538761660634187 ], [ 126.946799033671908, 37.538757708660285 ], [ 126.946544372242244, 37.538594207982122 ], [ 126.946274997378509, 37.538421257465281 ], [ 126.945805670745344, 37.538008885066624 ], [ 126.945714539425964, 37.537878417927182 ], [ 126.945627420217306, 37.537745390189748 ], [ 126.945515108197228, 37.537580792265736 ], [ 126.945420549269684, 37.537452282023359 ], [ 126.945190172585598, 37.537289071033705 ], [ 126.944939881029001, 37.537156000878817 ], [ 126.944886025692881, 37.537025240992129 ], [ 126.944719180505288, 37.536819280374175 ], [ 126.944365547141459, 37.536636705543181 ], [ 126.944289521811271, 37.536409325665574 ], [ 126.944252785611909, 37.535966350835473 ], [ 126.944085565734923, 37.535813190906225 ], [ 126.943611884423021, 37.535898283656174 ], [ 126.943660638844236, 37.536136977016142 ], [ 126.943731882538515, 37.536486411593273 ], [ 126.943805075573138, 37.5368266046736 ], [ 126.944011565580936, 37.537696681618705 ], [ 126.94346378275381, 37.538236429051217 ], [ 126.943252079349605, 37.538230219667611 ], [ 126.943249730691434, 37.538229884240543 ], [ 126.943243853795011, 37.538229977747058 ], [ 126.943240536418344, 37.538229880604881 ], [ 126.94324071054875, 37.538230028453619 ], [ 126.94300278334245, 37.538233829224168 ], [ 126.942457928358351, 37.538266358646958 ], [ 126.94232526327454, 37.538274621005215 ], [ 126.942099788434547, 37.538301675413543 ], [ 126.941940713734596, 37.538314187547201 ], [ 126.941815726500081, 37.538346743969775 ], [ 126.941712316776119, 37.538381433927583 ], [ 126.941438199391769, 37.538518807906875 ], [ 126.941240880125775, 37.538687801162695 ], [ 126.942587075294199, 37.539837309197416 ], [ 126.942642888653623, 37.539842506029089 ], [ 126.943831820896406, 37.538994291989852 ], [ 126.943928510214562, 37.539094064646633 ], [ 126.944175938184998, 37.5393260861226 ], [ 126.944168022094019, 37.539483024372728 ], [ 126.944759945032843, 37.540065068588902 ], [ 126.944917314903634, 37.540851303244061 ], [ 126.945509290886989, 37.541386174852605 ], [ 126.947721334103079, 37.543285254885092 ], [ 126.945316219025486, 37.544393305340023 ], [ 126.946677878838841, 37.545958959084842 ], [ 126.948309799893423, 37.545275132213149 ], [ 126.948488271314588, 37.545556115564153 ], [ 126.948184786822097, 37.545698459906816 ], [ 126.948379395084302, 37.545973126629136 ], [ 126.94849071340154, 37.54597608146468 ], [ 126.948672655513164, 37.546192891138077 ], [ 126.949267567524913, 37.547029978732873 ], [ 126.950036093438243, 37.547680576167473 ], [ 126.950134527183948, 37.54774352084749 ], [ 126.950235558696463, 37.547807300890931 ], [ 126.950376588064316, 37.547710685683853 ], [ 126.950440887313462, 37.547660645424948 ], [ 126.95049680507789, 37.547701331336391 ], [ 126.950517084998367, 37.547782150007862 ], [ 126.950700366548233, 37.547857939321794 ], [ 126.950713555043421, 37.547825199368695 ], [ 126.950809820812268, 37.547708562370218 ], [ 126.950934212611344, 37.547499405530687 ], [ 126.950933103200768, 37.54745651246089 ], [ 126.950979212921723, 37.547389053356163 ], [ 126.951047580498383, 37.547181578873214 ], [ 126.951035027168189, 37.547106805636226 ], [ 126.951019175503106, 37.547028313495908 ], [ 126.951004927159062, 37.547002083145465 ], [ 126.951017958603984, 37.546976951057999 ], [ 126.950940323483806, 37.546819064130936 ], [ 126.950755919859901, 37.546584096529237 ], [ 126.95078719821197, 37.546525550928891 ], [ 126.950652438059635, 37.54649935880024 ], [ 126.95064227589728, 37.546465116745232 ], [ 126.950500438298533, 37.546371802931212 ], [ 126.950442033027073, 37.546238436343032 ], [ 126.950421940936778, 37.546164996839678 ], [ 126.950159335824551, 37.545948284548032 ], [ 126.950131633849509, 37.545908353163455 ], [ 126.950069527833818, 37.545882557762425 ], [ 126.949922172782991, 37.545760504614705 ], [ 126.949769107300639, 37.545698804405866 ], [ 126.949527837717497, 37.545585355486573 ], [ 126.949418757840846, 37.545530874903925 ], [ 126.949739892179181, 37.545389668572511 ], [ 126.949778001763633, 37.545444620539911 ], [ 126.950052059535295, 37.545402047707029 ], [ 126.950023321064506, 37.545347651321222 ], [ 126.950265326526093, 37.545397747223888 ], [ 126.950620641983619, 37.545586577563199 ], [ 126.951180605575402, 37.54536743511931 ], [ 126.952480643212965, 37.547225141927385 ], [ 126.953305599832646, 37.548358613346174 ], [ 126.954281626127838, 37.550423073840498 ], [ 126.954290632384101, 37.550420330321522 ], [ 126.954290820768307, 37.550423076617193 ], [ 126.95321037434708, 37.550664407852942 ], [ 126.953572196550482, 37.551446651386115 ], [ 126.954463209897199, 37.550938746476824 ], [ 126.95510890904977, 37.550756281065865 ], [ 126.955521874128493, 37.550609132437508 ], [ 126.955801119373547, 37.551131392107521 ], [ 126.956585526432605, 37.550731901925211 ], [ 126.955558396316505, 37.548503586423159 ], [ 126.95485543135085, 37.54831791106966 ], [ 126.954893509982043, 37.54822748641061 ], [ 126.953127271749864, 37.545610001139501 ] ], [ [ 126.953115623157245, 37.545592736969496 ], [ 126.953127271749864, 37.545610001139501 ], [ 126.953125419012409, 37.545612290701065 ], [ 126.953115623157245, 37.545592736969496 ] ] ] } },
{ "type": "Feature", "properties": { "OBJECTID": 3848, "ID": "중심지_61", "CODE": "ZON540", "ENT_NAME": "중심지", "JOSER_ID": null, "GOSI_ID": null, "LABEL": "구로지구중심(서남권)", "GOSI_DATE": null }, "geometry": { "type": "Polygon", "coordinates": [ [ [ 126.884192200317671, 37.504325859091622 ], [ 126.882930979534052, 37.503207065389489 ], [ 126.883721675374858, 37.502545842007208 ], [ 126.882739172277937, 37.502110894450105 ], [ 126.883280195357599, 37.501717308228372 ], [ 126.883280110373789, 37.501425498321048 ], [ 126.884551111317791, 37.500956662390188 ], [ 126.884596318274603, 37.500840400898134 ], [ 126.884972267352623, 37.500641163440569 ], [ 126.885031240994891, 37.50032977356561 ], [ 126.884805803649741, 37.499199720853881 ], [ 126.883624710538186, 37.49927673229314 ], [ 126.882789052944943, 37.499596380545341 ], [ 126.882575766194904, 37.49931289213982 ], [ 126.882369705601022, 37.499464682921072 ], [ 126.881237014106148, 37.49938385537402 ], [ 126.880884915002, 37.499713203182417 ], [ 126.880128958442057, 37.499639382238982 ], [ 126.88010245168303, 37.499711352870079 ], [ 126.879841657911356, 37.500419462853991 ], [ 126.879589519030347, 37.500419202902158 ], [ 126.877232077058821, 37.499367087986059 ], [ 126.873730670133185, 37.497790140111384 ], [ 126.873146845047089, 37.49883642768458 ], [ 126.875355929978056, 37.499918266337673 ], [ 126.876898617254014, 37.500697108262855 ], [ 126.877459056736825, 37.501103956317685 ], [ 126.877157607295743, 37.50151135267874 ], [ 126.876734885413427, 37.502004372682372 ], [ 126.876204522443331, 37.502447215759972 ], [ 126.875607867730864, 37.502825724824916 ], [ 126.875503222003914, 37.50311157640504 ], [ 126.875197046970399, 37.5036833838193 ], [ 126.875841402346751, 37.50486409847305 ], [ 126.876648081877704, 37.505615881128051 ], [ 126.877069790904159, 37.505745056112808 ], [ 126.877680276069839, 37.505980201104748 ], [ 126.877885424309, 37.505993669647118 ], [ 126.877726445325649, 37.505560664064284 ], [ 126.87758262190539, 37.505333633127243 ], [ 126.877627331522575, 37.505225345000753 ], [ 126.878424946632094, 37.504887975883292 ], [ 126.878783625031176, 37.505133890684476 ], [ 126.879139803514548, 37.505079429991909 ], [ 126.879295322918949, 37.505129653112157 ], [ 126.879639187171875, 37.505287345040735 ], [ 126.879649754601289, 37.505356425500572 ], [ 126.879686717875444, 37.505375294470916 ], [ 126.879631798672222, 37.505416683700012 ], [ 126.879578805541229, 37.505525469493293 ], [ 126.879686535382007, 37.505557205649183 ], [ 126.880489820272572, 37.504876327687185 ], [ 126.88085617888251, 37.505139172008697 ], [ 126.881570212607372, 37.504519363269225 ], [ 126.881885763444416, 37.504247282846009 ], [ 126.882029248833618, 37.504346984686087 ], [ 126.883878251537823, 37.505724980645518 ], [ 126.883600998077128, 37.505947920013433 ], [ 126.882820299401573, 37.506573373623432 ], [ 126.882765489995549, 37.507077224636681 ], [ 126.883712298872851, 37.507235415527951 ], [ 126.88479715847545, 37.50752912634114 ], [ 126.886642526039012, 37.505931214654353 ], [ 126.88624344230341, 37.505693404094707 ], [ 126.884933962875465, 37.504754494283887 ], [ 126.884192200317671, 37.504325859091622 ] ] ] } },
{ "type": "Feature", "properties": { "OBJECTID": 3849, "ID": "중심지_02", "CODE": "ZON540", "ENT_NAME": "중심지", "JOSER_ID": null, "GOSI_ID": null, "LABEL": "가락지구중심(동남권)", "GOSI_DATE": null }, "geometry": { "type": "Polygon", "coordinates": [ [ [ 127.119298845039921, 37.491816477799482 ], [ 127.119048066737378, 37.49170754620831 ], [ 127.117732170774744, 37.491284556367255 ], [ 127.117112612726672, 37.491103061315066 ], [ 127.116882577999448, 37.491068422872019 ], [ 127.115500031944265, 37.490676541442987 ], [ 127.115204348116237, 37.490592611682914 ], [ 127.11490244961621, 37.491239812387185 ], [ 127.114753139708199, 37.49156003751078 ], [ 127.116392015247214, 37.4920455375877 ], [ 127.115654093632045, 37.493549435158826 ], [ 127.115585225442331, 37.493696094256357 ], [ 127.114721526193762, 37.495472023978913 ], [ 127.116031341637481, 37.495876421148488 ], [ 127.116719540489939, 37.495106769259337 ], [ 127.116821174968521, 37.495016570205266 ], [ 127.117554918821511, 37.494186932621069 ], [ 127.117702335150668, 37.494026162108703 ], [ 127.1178031993621, 37.494084877401576 ], [ 127.118135480965165, 37.494264659623617 ], [ 127.11819150271026, 37.494294967985333 ], [ 127.118537253955509, 37.494481943760235 ], [ 127.118865125272634, 37.494659385686127 ], [ 127.119113321531898, 37.494793658070918 ], [ 127.119412448526504, 37.494955539790034 ], [ 127.119613225204972, 37.495064089853628 ], [ 127.119669361366292, 37.495094487495194 ], [ 127.120413395745132, 37.495497118328103 ], [ 127.12046953241142, 37.495527425486351 ], [ 127.120670991355055, 37.49563642355222 ], [ 127.120969560804383, 37.495799022662517 ], [ 127.121179736014412, 37.495912696235997 ], [ 127.121882022575079, 37.496292654859047 ], [ 127.122015314849733, 37.496272336611597 ], [ 127.122279655795296, 37.495962123097364 ], [ 127.122414647128409, 37.49580367953034 ], [ 127.122644446682628, 37.495533685072033 ], [ 127.122973567923381, 37.495147359220631 ], [ 127.122920513934915, 37.49492612838894 ], [ 127.122337525716418, 37.494610745641687 ], [ 127.122114110442894, 37.494489879623842 ], [ 127.121775254067515, 37.494306601401512 ], [ 127.121545728966325, 37.494182406823292 ], [ 127.121195215348948, 37.493992510117067 ], [ 127.122789927712404, 37.492108766637777 ], [ 127.120312566778352, 37.490777222990857 ], [ 127.120053769235611, 37.49068348432273 ], [ 127.119737968301862, 37.491174625719523 ], [ 127.119298845039921, 37.491816477799482 ] ] ] } },
{ "type": "Feature", "properties": { "OBJECTID": 3850, "ID": "중심지_16", "CODE": "ZON540", "ENT_NAME": "중심지", "JOSER_ID": null, "GOSI_ID": null, "LABEL": "종암지구중심(동북권)", "GOSI_DATE": null }, "geometry": { "type": "Polygon", "coordinates": [ [ [ 127.036385327790498, 37.591249384827925 ], [ 127.036367243113176, 37.591249123476729 ], [ 127.036376642124807, 37.591509056582474 ], [ 127.036380444650547, 37.591614221090538 ], [ 127.036431785079998, 37.592295011494556 ], [ 127.036416135897099, 37.592363099918956 ], [ 127.036399101323582, 37.592437227148075 ], [ 127.036362720451564, 37.592443266379952 ], [ 127.036000956156414, 37.59250331601158 ], [ 127.03579672104506, 37.592537217373994 ], [ 127.035557349313095, 37.592557673217605 ], [ 127.035297094110675, 37.593228240779595 ], [ 127.035254197207266, 37.593336411717438 ], [ 127.034837345642714, 37.59438899960351 ], [ 127.035956545221879, 37.594546889413586 ], [ 127.035945719297786, 37.59458654578652 ], [ 127.035877880464753, 37.594866005790159 ], [ 127.035787577438398, 37.595237952876332 ], [ 127.035675968044515, 37.595697690712299 ], [ 127.035637406470627, 37.595856527324202 ], [ 127.035636974727012, 37.59585829878349 ], [ 127.035770080983795, 37.595880880339386 ], [ 127.036125609033149, 37.595940598373453 ], [ 127.036202061347694, 37.595953443787529 ], [ 127.036517502979493, 37.596000933445872 ], [ 127.036521179973462, 37.596001556737484 ], [ 127.03680729718215, 37.596050071523784 ], [ 127.036941019123759, 37.596065759948061 ], [ 127.037239358022958, 37.594865438563268 ], [ 127.037287505579286, 37.594671722301513 ], [ 127.037318904256438, 37.594545392999372 ], [ 127.037314559355025, 37.594537873802018 ], [ 127.03730939511064, 37.594528935802856 ], [ 127.037288557622631, 37.594489805167719 ], [ 127.037283570954202, 37.594480440948004 ], [ 127.037281196620668, 37.594475982696594 ], [ 127.037279374232725, 37.594432356692721 ], [ 127.037279164618809, 37.59442734007618 ], [ 127.037277705385819, 37.594392511171726 ], [ 127.037268802711665, 37.594379791070281 ], [ 127.037258248000683, 37.594364714493658 ], [ 127.037216880273263, 37.59429403578951 ], [ 127.037166886466537, 37.59421342001724 ], [ 127.03709895958356, 37.594069299249306 ], [ 127.037029218442115, 37.593938287404811 ], [ 127.036968554859101, 37.593806485330028 ], [ 127.036930052336118, 37.593730799789185 ], [ 127.036880571892198, 37.593637675368377 ], [ 127.036845745462884, 37.593570166030325 ], [ 127.036818218005223, 37.593474101403721 ], [ 127.036822669572402, 37.593453578351813 ], [ 127.036844458474519, 37.593353092255043 ], [ 127.0368938242257, 37.593125446468626 ], [ 127.036897488901062, 37.593119474546683 ], [ 127.036968968618567, 37.593002984648258 ], [ 127.037112748283747, 37.592800889313679 ], [ 127.037203936336724, 37.592704150109853 ], [ 127.037207964137352, 37.592685706641014 ], [ 127.037362789486679, 37.59197675789575 ], [ 127.037378167457121, 37.591902307571736 ], [ 127.037465552381519, 37.591265090239169 ], [ 127.03744032530885, 37.591264722208003 ], [ 127.037081082985836, 37.591259474627108 ], [ 127.036850554234277, 37.591256110199154 ], [ 127.036385327790498, 37.591249384827925 ] ] ] } },
{ "type": "Feature", "properties": { "OBJECTID": 3851, "ID": "중심지_34", "CODE": "ZON520", "ENT_NAME": "중심지", "JOSER_ID": null, "GOSI_ID": null, "LABEL": "청량리왕십리광역중심(동북권)", "GOSI_DATE": null }, "geometry": { "type": "Polygon", "coordinates": [ [ [ 127.050403310492243, 37.583163796681298 ], [ 127.050259901452065, 37.582881845583238 ], [ 127.050034287689044, 37.582390000171912 ], [ 127.049960358294783, 37.582040447944451 ], [ 127.049950593317334, 37.581994411562391 ], [ 127.04990753850646, 37.581908601283175 ], [ 127.049837146120339, 37.581755768812357 ], [ 127.049770869126661, 37.581611472358155 ], [ 127.050171353604966, 37.581418907800298 ], [ 127.050892730672999, 37.581063834173101 ], [ 127.050966040241917, 37.58102737661676 ], [ 127.051004505782245, 37.581008248779121 ], [ 127.051145064183217, 37.580938348927127 ], [ 127.051221003659165, 37.580900583676069 ], [ 127.051334483962663, 37.580905563348018 ], [ 127.051313499402056, 37.58088039504144 ], [ 127.051246625521216, 37.580800093097096 ], [ 127.051195468891464, 37.580736937477688 ], [ 127.051152538827367, 37.580684914567442 ], [ 127.051122684966941, 37.580648743506082 ], [ 127.05110421581152, 37.580624866118505 ], [ 127.051031916399523, 37.580536302481313 ], [ 127.050959280268984, 37.580448459728487 ], [ 127.050866472632336, 37.580333326378316 ], [ 127.050785223340057, 37.580230917265048 ], [ 127.050691317419862, 37.580113017301933 ], [ 127.050516514230296, 37.579932507083299 ], [ 127.050523595145179, 37.579902625633224 ], [ 127.050495438780786, 37.579867985380496 ], [ 127.050462445958019, 37.579827878138531 ], [ 127.050399271028667, 37.579750554628816 ], [ 127.050366607339697, 37.579711555436283 ], [ 127.05035455156694, 37.579697487015913 ], [ 127.050337522623423, 37.579676636223049 ], [ 127.050291184216121, 37.579619875210483 ], [ 127.050276747265684, 37.57959995135375 ], [ 127.050258677262036, 37.579578005379588 ], [ 127.05022414328522, 37.579535183132059 ], [ 127.050192146358569, 37.579495841239819 ], [ 127.050171662764086, 37.579470369785987 ], [ 127.050138181792875, 37.579429388694891 ], [ 127.050091413181548, 37.579372141245912 ], [ 127.050083108554659, 37.579362233811118 ], [ 127.050071619180144, 37.579348543542331 ], [ 127.050041526945336, 37.579311507350027 ], [ 127.049995668101431, 37.579255117227149 ], [ 127.049929395435569, 37.579172251861074 ], [ 127.049908832311957, 37.579147816527296 ], [ 127.049888993138453, 37.579124209800796 ], [ 127.04984860433035, 37.579077690388011 ], [ 127.049804000907443, 37.579024271127999 ], [ 127.049794358367564, 37.579011057598898 ], [ 127.049789610849871, 37.579004707585042 ], [ 127.049780344076311, 37.578994863590765 ], [ 127.049695483697178, 37.578890023416776 ], [ 127.049673243313876, 37.57886257943008 ], [ 127.049626745921785, 37.578805241581989 ], [ 127.049619868758924, 37.578796767001556 ], [ 127.049543528900955, 37.578702608042725 ], [ 127.049534601073645, 37.578691601618033 ], [ 127.049526772218897, 37.578681929106928 ], [ 127.049510015544982, 37.5786612483667 ], [ 127.049497768105795, 37.578646125779812 ], [ 127.049415808981379, 37.578544960244585 ], [ 127.049395041657817, 37.578519326589259 ], [ 127.049310035132663, 37.578414396991008 ], [ 127.049184287548215, 37.578259179898929 ], [ 127.049175664577291, 37.57824852470798 ], [ 127.049165469057286, 37.578235924019836 ], [ 127.049147125281962, 37.578213244577626 ], [ 127.049135581560478, 37.578198995625144 ], [ 127.049116852619207, 37.57817587484994 ], [ 127.048887760275662, 37.577893129249993 ], [ 127.048866458563978, 37.577866837992836 ], [ 127.048847515663923, 37.577843455973223 ], [ 127.04875830855336, 37.577733292015147 ], [ 127.048752518075801, 37.57772614950715 ], [ 127.04872729724562, 37.577690862538397 ], [ 127.048703993697288, 37.577663829638368 ], [ 127.048673405694998, 37.577628351991578 ], [ 127.04858858645332, 37.577529980065258 ], [ 127.048552901299388, 37.577491531162195 ], [ 127.048545418631591, 37.577455900115822 ], [ 127.048466419164825, 37.57735675093172 ], [ 127.048460038633365, 37.577347311127198 ], [ 127.048432564479214, 37.577312552967349 ], [ 127.048364236833095, 37.577227302598736 ], [ 127.048336456924872, 37.577190435326933 ], [ 127.048267916854101, 37.577109094366868 ], [ 127.048192549010949, 37.57701965979755 ], [ 127.048185735636324, 37.577009477735601 ], [ 127.04813045999191, 37.576942466150193 ], [ 127.048062820741478, 37.576859933607182 ], [ 127.047995846844643, 37.576774872593063 ], [ 127.047936194353866, 37.576695789412419 ], [ 127.047924824801228, 37.576687820147974 ], [ 127.047882406904293, 37.576632804533517 ], [ 127.047820517095062, 37.576558182957299 ], [ 127.047760722988968, 37.576487496037785 ], [ 127.047703342016334, 37.576417845179044 ], [ 127.047651481934395, 37.57636075189253 ], [ 127.04756857397004, 37.576271370314473 ], [ 127.047560790842667, 37.576263435654901 ], [ 127.047321763173613, 37.575953156631819 ], [ 127.047314717513217, 37.575944113455428 ], [ 127.047287346466746, 37.575909643296299 ], [ 127.047276968266289, 37.575897159639034 ], [ 127.047198797716092, 37.575798558860285 ], [ 127.047137326481732, 37.575719376857499 ], [ 127.04706372187843, 37.575628378552707 ], [ 127.047032982171274, 37.575582791451694 ], [ 127.046888946904275, 37.575402937789896 ], [ 127.046825915068126, 37.575325305917012 ], [ 127.046763095158596, 37.575245980072424 ], [ 127.046751699753059, 37.575232128157886 ], [ 127.046697784628293, 37.575164276540384 ], [ 127.046636326150804, 37.575087608017213 ], [ 127.046552935450691, 37.575132157631444 ], [ 127.046467676277658, 37.575177698983715 ], [ 127.046383060916583, 37.575222897654328 ], [ 127.046237653661862, 37.575300563852956 ], [ 127.046115106878787, 37.575366021872803 ], [ 127.04609961324978, 37.575374298786151 ], [ 127.045964582803066, 37.575446428666901 ], [ 127.04586945588774, 37.575497235064027 ], [ 127.045856689525237, 37.57550405132163 ], [ 127.045751026616188, 37.575560501758417 ], [ 127.045736562722183, 37.575568219626035 ], [ 127.04556736747611, 37.575658597819711 ], [ 127.04551413351092, 37.575687034801788 ], [ 127.045494882584165, 37.575697313226733 ], [ 127.045425569707092, 37.575734336256644 ], [ 127.045372640053785, 37.575762608180781 ], [ 127.045339625632565, 37.575780250954267 ], [ 127.045279410169769, 37.575812418705524 ], [ 127.045239388342608, 37.575833797738397 ], [ 127.045172008124865, 37.575869791876663 ], [ 127.044829960288823, 37.576052513688865 ], [ 127.044552754406823, 37.576200594966664 ], [ 127.044354260047655, 37.575934880490571 ], [ 127.04417048298869, 37.575989836058419 ], [ 127.044081238453501, 37.576016717679757 ], [ 127.043993598655987, 37.576042850836998 ], [ 127.043905191537135, 37.576069443707944 ], [ 127.043816747849917, 37.576095540982813 ], [ 127.043726982202244, 37.576122206285788 ], [ 127.043683993538991, 37.5761350426923 ], [ 127.043573049714169, 37.576167887200995 ], [ 127.043497940244762, 37.576190258409746 ], [ 127.043425411398886, 37.576211952914413 ], [ 127.043299369241637, 37.576248668659105 ], [ 127.043239357154093, 37.576266150108751 ], [ 127.043182762972066, 37.576280117373464 ], [ 127.043179342527665, 37.576295381299978 ], [ 127.043239354377633, 37.57642350748425 ], [ 127.04335673591774, 37.576684788196175 ], [ 127.043306696343649, 37.576701421018598 ], [ 127.043239520518171, 37.576721310637559 ], [ 127.043160528282101, 37.576745133590705 ], [ 127.043034859111273, 37.576782640885824 ], [ 127.042989979350921, 37.576795333545356 ], [ 127.042870591718568, 37.576830748169009 ], [ 127.042718977247432, 37.576875156762064 ], [ 127.042633567096402, 37.576901035851733 ], [ 127.04247579787598, 37.576948401512269 ], [ 127.042347965277173, 37.576987017039421 ], [ 127.042304727931807, 37.576999799869753 ], [ 127.042176714140723, 37.577038621599769 ], [ 127.042021014023021, 37.577084436241556 ], [ 127.041936699925643, 37.577109530591649 ], [ 127.041536582783692, 37.577227735817374 ], [ 127.041506330565284, 37.57721862447729 ], [ 127.041423530156706, 37.577193659118741 ], [ 127.041346821571466, 37.577171178370726 ], [ 127.041275852613168, 37.577150966126894 ], [ 127.041253185471092, 37.577144477642896 ], [ 127.041101672430599, 37.577101219002863 ], [ 127.040957109876686, 37.57705919039639 ], [ 127.040925034012574, 37.577049984011644 ], [ 127.040709141438981, 37.576986896696731 ], [ 127.040659901133878, 37.576972677439528 ], [ 127.040553370011182, 37.576940988962811 ], [ 127.040409496012188, 37.576896113239258 ], [ 127.040397120842428, 37.576892504357794 ], [ 127.040020295817271, 37.576782653389444 ], [ 127.039974374130637, 37.576769063454279 ], [ 127.039599531945285, 37.576660229510651 ], [ 127.039532134614504, 37.576640412399755 ], [ 127.039410446150853, 37.576628404423012 ], [ 127.039350250924016, 37.576630882521115 ], [ 127.039177877883262, 37.576637677014169 ], [ 127.039055330886839, 37.576642707509158 ], [ 127.038918257282205, 37.576649622839462 ], [ 127.03889898848854, 37.576343368157893 ], [ 127.038886951289641, 37.576154903508524 ], [ 127.038878186626448, 37.57601355042847 ], [ 127.038869610772295, 37.575867115717621 ], [ 127.038863654255309, 37.575772387822113 ], [ 127.038850253128075, 37.575595230970116 ], [ 127.038842479996447, 37.57546469841563 ], [ 127.038827305737058, 37.575229833885309 ], [ 127.038806975905601, 37.57496001266901 ], [ 127.039245974723173, 37.574940844349079 ], [ 127.039425454940513, 37.574980457324095 ], [ 127.03982573986913, 37.575010078718762 ], [ 127.040211632660473, 37.574895401365282 ], [ 127.040408425276752, 37.574837105901452 ], [ 127.040465379620997, 37.574820238665758 ], [ 127.040476362980286, 37.574803864104268 ], [ 127.040408331256145, 37.57465629581624 ], [ 127.040336616612095, 37.574500736939221 ], [ 127.040126453808767, 37.574050915865804 ], [ 127.040055243499836, 37.573885454785525 ], [ 127.040046388863743, 37.573878655220888 ], [ 127.039965756583229, 37.573703079067776 ], [ 127.039109661573775, 37.573006342760465 ], [ 127.038712800148261, 37.571539443488795 ], [ 127.038804249584729, 37.571532684265321 ], [ 127.038886254924265, 37.571521242824311 ], [ 127.038982509354156, 37.571507364138782 ], [ 127.039057633126859, 37.571495357139888 ], [ 127.039151386473975, 37.57148047901547 ], [ 127.039274792383992, 37.571458086109757 ], [ 127.039307085447305, 37.571452003120861 ], [ 127.039418583224133, 37.571427856949484 ], [ 127.039519724506533, 37.571405804298188 ], [ 127.039659641107619, 37.57137468411316 ], [ 127.039832570248379, 37.571328164182802 ], [ 127.039961269371574, 37.571293731644779 ], [ 127.040024977990768, 37.571277213797643 ], [ 127.040116086060195, 37.571248118182531 ], [ 127.040226604253519, 37.571213285852686 ], [ 127.040337711979149, 37.571178227978393 ], [ 127.040406511781001, 37.571156969055316 ], [ 127.040499476164399, 37.571128241937352 ], [ 127.040567067076282, 37.571107244606132 ], [ 127.040630952667229, 37.571083365302783 ], [ 127.040965878085046, 37.570975504743032 ], [ 127.041069581713828, 37.570941855094283 ], [ 127.041205302918456, 37.570897975592281 ], [ 127.041271352676446, 37.57087669005908 ], [ 127.041356031172924, 37.57084931653678 ], [ 127.04143070361782, 37.570825018705129 ], [ 127.041538605913161, 37.570790483355111 ], [ 127.041609828555295, 37.57076715063625 ], [ 127.041691030757349, 37.570740129438875 ], [ 127.041784230772109, 37.57070941905404 ], [ 127.041862480881292, 37.570684813392695 ], [ 127.04192974139643, 37.570663418958191 ], [ 127.042005569545182, 37.570639769077907 ], [ 127.042015211709568, 37.570635918552874 ], [ 127.041968710972114, 37.570570910199969 ], [ 127.041925436538349, 37.570510387643495 ], [ 127.041884610022578, 37.570453017691172 ], [ 127.041853106720367, 37.570408998080957 ], [ 127.041811681169094, 37.570350987704664 ], [ 127.041778308781886, 37.57030426484684 ], [ 127.041761486787081, 37.570280934995132 ], [ 127.04175104129277, 37.570266441659605 ], [ 127.041723298804214, 37.570227240116047 ], [ 127.041706997510616, 37.57020385601966 ], [ 127.041685170095491, 37.570174211935011 ], [ 127.041670010901598, 37.570148611014453 ], [ 127.041582605458672, 37.570028305658838 ], [ 127.041565329459786, 37.57000456958653 ], [ 127.041518216681524, 37.569938732347715 ], [ 127.04149478048042, 37.569906133531006 ], [ 127.041417353634955, 37.569796383347033 ], [ 127.041372926912686, 37.569736356512649 ], [ 127.041346137092305, 37.56969986652912 ], [ 127.041302751019032, 37.569640370899165 ], [ 127.041274365121296, 37.569601538867708 ], [ 127.041251606375496, 37.569569588484057 ], [ 127.041246159039716, 37.56956234637348 ], [ 127.041198843483599, 37.569497283920057 ], [ 127.041185046137244, 37.569477755135829 ], [ 127.041163817070554, 37.569448615303308 ], [ 127.041155832148675, 37.569437472762253 ], [ 127.041147301068733, 37.56942525912919 ], [ 127.041109444334069, 37.569373410056841 ], [ 127.041085838602882, 37.569340631014967 ], [ 127.041030093410583, 37.569261939366662 ], [ 127.04094804938876, 37.569149577542213 ], [ 127.040897335578691, 37.569078848882988 ], [ 127.040883458206139, 37.56905967147415 ], [ 127.04085858389378, 37.569024956584563 ], [ 127.040836778627423, 37.568995239349533 ], [ 127.040820818206669, 37.568973279474442 ], [ 127.040808447454523, 37.56895622698584 ], [ 127.040795387772306, 37.568937797114266 ], [ 127.040762106162987, 37.568891245115175 ], [ 127.040744447685341, 37.568866726086526 ], [ 127.040700576416256, 37.568806158211942 ], [ 127.040648776260142, 37.568735114456359 ], [ 127.040603297102592, 37.568673186585002 ], [ 127.040558927225206, 37.56861110516067 ], [ 127.040489942471368, 37.568516118748221 ], [ 127.040419717687797, 37.568413156253939 ], [ 127.040528021752735, 37.568371252499041 ], [ 127.040656754571728, 37.568316364941118 ], [ 127.040875686258701, 37.568229009831377 ], [ 127.041176798144789, 37.568101446267484 ], [ 127.041395613337286, 37.568010214178365 ], [ 127.041462965042143, 37.56798154539046 ], [ 127.042164907691216, 37.567681253299099 ], [ 127.042398093312485, 37.56757947373557 ], [ 127.042650296561902, 37.567471470266661 ], [ 127.042712385572457, 37.567369712620142 ], [ 127.042245607673991, 37.566865094006928 ], [ 127.04209976538597, 37.566709293045257 ], [ 127.042011257074762, 37.566609268664287 ], [ 127.041975217867744, 37.566567907627984 ], [ 127.041963742412563, 37.566554737305978 ], [ 127.041802290392155, 37.56638020615955 ], [ 127.041741890344127, 37.566316768329003 ], [ 127.041627779344012, 37.566197101813131 ], [ 127.041580784961198, 37.566189448553814 ], [ 127.041542107500561, 37.566101042259412 ], [ 127.039403863370822, 37.566996387851148 ], [ 127.039295698658265, 37.567040336684499 ], [ 127.039169971415447, 37.567091354769474 ], [ 127.039000458732858, 37.567160577584104 ], [ 127.038903338842175, 37.56720038701333 ], [ 127.038901781716191, 37.567210190260035 ], [ 127.038891028461308, 37.567234745597808 ], [ 127.03886901638802, 37.567284694349205 ], [ 127.038833759859429, 37.56733461124314 ], [ 127.038796920758685, 37.567368382914424 ], [ 127.038750467283691, 37.567411374717125 ], [ 127.03870756175057, 37.567444193225263 ], [ 127.038641075232519, 37.567495372266897 ], [ 127.038579456298095, 37.567542936779567 ], [ 127.038498644942266, 37.567604823977128 ], [ 127.038396237757183, 37.567666708856152 ], [ 127.038355063163038, 37.567606400541379 ], [ 127.0383075807908, 37.567537444689194 ], [ 127.038275353653773, 37.567490134818811 ], [ 127.038228180828355, 37.567408132525522 ], [ 127.038135906541811, 37.567241144964932 ], [ 127.038024869442566, 37.567037628050144 ], [ 127.037992955405358, 37.566932898009277 ], [ 127.037953332192785, 37.566802771472695 ], [ 127.0379045280295, 37.566646437994919 ], [ 127.037870889432412, 37.566534942021853 ], [ 127.037846140891929, 37.56645393275322 ], [ 127.037827920291704, 37.566389824015509 ], [ 127.037802044477033, 37.566292462140439 ], [ 127.037799284543809, 37.566041925102404 ], [ 127.037818933915261, 37.565759369040634 ], [ 127.037819090774008, 37.565756062364208 ], [ 127.037827343696961, 37.565621587274457 ], [ 127.037839201683852, 37.565424303152646 ], [ 127.037841120559861, 37.565392380533865 ], [ 127.037844797158229, 37.565339320179774 ], [ 127.037845055739695, 37.565335717046509 ], [ 127.037849231245943, 37.565310126782265 ], [ 127.037876262815701, 37.565152094054376 ], [ 127.037915819460054, 37.564917140047228 ], [ 127.037913723953821, 37.564913951193041 ], [ 127.037885475717189, 37.564871586396464 ], [ 127.037930594193355, 37.564646000943263 ], [ 127.037944230946607, 37.564571737240982 ], [ 127.037947833089007, 37.564551959425529 ], [ 127.038017889887726, 37.564355161832751 ], [ 127.038306518288593, 37.563491582519653 ], [ 127.038499347638961, 37.563230830130216 ], [ 127.038643529052436, 37.563051807020152 ], [ 127.038678918647108, 37.562956848761971 ], [ 127.038906474742532, 37.561747498140434 ], [ 127.039227306908771, 37.561758320607424 ], [ 127.039326830642437, 37.561761667490451 ], [ 127.039448490664697, 37.561765304507041 ], [ 127.039530063294322, 37.561767746984906 ], [ 127.039737311762664, 37.561771779584184 ], [ 127.039802391657318, 37.561772263054728 ], [ 127.039897589327893, 37.561772835812455 ], [ 127.040034394253695, 37.561774223838441 ], [ 127.040172441755061, 37.561775286943003 ], [ 127.040261697382689, 37.561775870362176 ], [ 127.040401636338942, 37.561777274954032 ], [ 127.040401834124808, 37.561765841335685 ], [ 127.040536748175413, 37.561767995243137 ], [ 127.040630929229877, 37.561770270615163 ], [ 127.040764767302818, 37.561773127390076 ], [ 127.040903031933112, 37.56177598253683 ], [ 127.041097550420233, 37.561781215309722 ], [ 127.041166704505343, 37.561783120225492 ], [ 127.041314758558698, 37.561784367841675 ], [ 127.041363055152431, 37.56178567600773 ], [ 127.041487907684186, 37.561788390836554 ], [ 127.041446333715015, 37.561616685365621 ], [ 127.041418056992399, 37.561501088993623 ], [ 127.041408233783699, 37.561462538982155 ], [ 127.041379561010174, 37.561346879662423 ], [ 127.041367786272502, 37.561299221303656 ], [ 127.041343117955961, 37.561200544268722 ], [ 127.041334339092742, 37.561165507755177 ], [ 127.041313251889363, 37.561077434148423 ], [ 127.041287764145835, 37.560972099063093 ], [ 127.041286207668165, 37.560963125733494 ], [ 127.041272132270237, 37.56090516081872 ], [ 127.041237548140401, 37.560763231494462 ], [ 127.04123668603161, 37.560759581876496 ], [ 127.04122177954828, 37.560696562682843 ], [ 127.041185857309571, 37.560549398138811 ], [ 127.04115432643836, 37.560421170903894 ], [ 127.04112619367325, 37.560302141620092 ], [ 127.041104903002164, 37.560213626546485 ], [ 127.04108895581173, 37.56014694065189 ], [ 127.041064424032186, 37.560050353788988 ], [ 127.041045166244032, 37.559974767219167 ], [ 127.041018459008455, 37.559873387807883 ], [ 127.040990319322148, 37.559759746400204 ], [ 127.040962962388448, 37.559649393333956 ], [ 127.040950439967347, 37.559597239231564 ], [ 127.040933916063622, 37.559535283696768 ], [ 127.040915693549678, 37.559469355361735 ], [ 127.040910672871121, 37.559434804987603 ], [ 127.040891354577624, 37.559349027311598 ], [ 127.040851805078816, 37.559231875805295 ], [ 127.040829246747748, 37.559163579295038 ], [ 127.040820511506624, 37.55912448826318 ], [ 127.040817210072689, 37.5591114970916 ], [ 127.040807038167117, 37.559071550596393 ], [ 127.040803214610776, 37.559055685441088 ], [ 127.040782436253252, 37.558969350514843 ], [ 127.040769722792675, 37.558921494171351 ], [ 127.040749922887471, 37.558844790491705 ], [ 127.040713723797921, 37.558770606013709 ], [ 127.040673966656087, 37.558688097558878 ], [ 127.040630561031662, 37.55862124949914 ], [ 127.040581109072434, 37.558544789862829 ], [ 127.040551218186891, 37.558502011745936 ], [ 127.040545963877435, 37.558494292000816 ], [ 127.040535848394654, 37.558479636240975 ], [ 127.040516903205841, 37.558456982608085 ], [ 127.04049476370713, 37.558431257651499 ], [ 127.04046841109222, 37.558402038240324 ], [ 127.040408953027352, 37.558357365143614 ], [ 127.040369073736784, 37.558332802875412 ], [ 127.040296174312374, 37.558306617046988 ], [ 127.040262678121621, 37.55829054537562 ], [ 127.040256111407174, 37.558287971600414 ], [ 127.040089890494684, 37.558267203241378 ], [ 127.040016973530001, 37.558272605947039 ], [ 127.039880556142862, 37.558283939748179 ], [ 127.039807157841295, 37.558302019406504 ], [ 127.039727411801834, 37.558320848894887 ], [ 127.039646220720527, 37.558344643249498 ], [ 127.039450321894122, 37.558411721961072 ], [ 127.039385699392184, 37.558434845882012 ], [ 127.039313379943806, 37.558460725656076 ], [ 127.039276695071578, 37.558474810852353 ], [ 127.038640016528277, 37.558700377288005 ], [ 127.038143506445039, 37.558929474718283 ], [ 127.037832689904022, 37.559097334090453 ], [ 127.037551731696496, 37.559229776441938 ], [ 127.037516702338849, 37.559251806411865 ], [ 127.036677771933725, 37.559065248009006 ], [ 127.036664222974977, 37.559061918381005 ], [ 127.036569357670331, 37.559038628967734 ], [ 127.036270782713586, 37.558964574783325 ], [ 127.03625388332884, 37.558960381144132 ], [ 127.036089869918897, 37.558919560388091 ], [ 127.036064537841256, 37.558913251864688 ], [ 127.036004569429736, 37.558898321976031 ], [ 127.035919474232927, 37.558880399084501 ], [ 127.035877096436877, 37.558871482615771 ], [ 127.035844735854567, 37.55886471658544 ], [ 127.035812092416805, 37.558858130826323 ], [ 127.035463325373499, 37.558785521738095 ], [ 127.035431201023528, 37.558775412854665 ], [ 127.035245469661248, 37.558734453001506 ], [ 127.034741145671163, 37.558645623244388 ], [ 127.03463795026471, 37.558619208186755 ], [ 127.034583675591819, 37.558605194987905 ], [ 127.034485675429579, 37.558579463094226 ], [ 127.034169503179768, 37.558497878930567 ], [ 127.034153518004672, 37.558643093161002 ], [ 127.034151687132436, 37.558675006722666 ], [ 127.034135501642126, 37.55885675883637 ], [ 127.034110130205065, 37.559146839463303 ], [ 127.034117538400054, 37.559345875035817 ], [ 127.03414934020401, 37.559444101147569 ], [ 127.034088948749144, 37.559471435825998 ], [ 127.033970327325619, 37.559528501128057 ], [ 127.033791272807306, 37.559617009359805 ], [ 127.03375514284042, 37.559635588624367 ], [ 127.033718875889505, 37.559654121964712 ], [ 127.033628206733383, 37.559700449410599 ], [ 127.033565873757112, 37.559714323564442 ], [ 127.033411612494803, 37.559747188381706 ], [ 127.033219530660986, 37.559864251619665 ], [ 127.033130928660356, 37.559931858598631 ], [ 127.033041816102696, 37.559999564755529 ], [ 127.032975334256264, 37.560049965819019 ], [ 127.032827399230797, 37.560162367537949 ], [ 127.03274101300174, 37.560228270763368 ], [ 127.032568889457352, 37.560364852095873 ], [ 127.032531926567756, 37.560393423175917 ], [ 127.032491872480179, 37.560424184459521 ], [ 127.032380381168778, 37.560509258046373 ], [ 127.032374321820953, 37.560556678703598 ], [ 127.032538771668314, 37.560715525097116 ], [ 127.0325816725599, 37.560756085371047 ], [ 127.032665761316267, 37.560829980388299 ], [ 127.032712914676438, 37.560889874723834 ], [ 127.032850340166391, 37.561028671787781 ], [ 127.032930269137978, 37.561108379098108 ], [ 127.032993089773484, 37.561177206963919 ], [ 127.03302487465163, 37.56121269746626 ], [ 127.033054030395846, 37.56123752995844 ], [ 127.033228461282036, 37.561417798231624 ], [ 127.03331651901749, 37.561501052989492 ], [ 127.033382860050338, 37.56156666316339 ], [ 127.033484017993416, 37.56166627622293 ], [ 127.033562034396581, 37.561743298666542 ], [ 127.033656841792464, 37.561839399440252 ], [ 127.033538479271627, 37.561870957210843 ], [ 127.033460861818924, 37.561906828595156 ], [ 127.033334836612994, 37.561964868306873 ], [ 127.033245744431667, 37.562005824219732 ], [ 127.033231492553384, 37.562027289611187 ], [ 127.033123007450399, 37.56207870211275 ], [ 127.032913117908251, 37.562177101076287 ], [ 127.03270139524848, 37.562277887770556 ], [ 127.032529730800434, 37.56235944547079 ], [ 127.032483142632358, 37.562381739159292 ], [ 127.032387544227362, 37.562426642460387 ], [ 127.032273172455191, 37.562480830763214 ], [ 127.032259898790542, 37.562514972697862 ], [ 127.032345251896132, 37.562656487725206 ], [ 127.032489444441424, 37.562898004263111 ], [ 127.032567375435207, 37.563150422906318 ], [ 127.032567664271099, 37.563150944503008 ], [ 127.032421687501412, 37.563214306110304 ], [ 127.032395751477068, 37.563225592377179 ], [ 127.032327535180812, 37.563255387883714 ], [ 127.032298451967492, 37.563267874166705 ], [ 127.032244734253169, 37.563291548129342 ], [ 127.031910570677212, 37.563437937209621 ], [ 127.031908590211842, 37.563438586431445 ], [ 127.031896267826653, 37.563444194654871 ], [ 127.031862669402202, 37.563459140790677 ], [ 127.031848183282833, 37.563465640643209 ], [ 127.03180681055133, 37.563484274705708 ], [ 127.031733695295742, 37.563517224585901 ], [ 127.0316532016558, 37.563553455903815 ], [ 127.031641885338857, 37.563558801656029 ], [ 127.031612541843671, 37.563571972587461 ], [ 127.031573591672142, 37.563589093189989 ], [ 127.031516555375021, 37.563613902009905 ], [ 127.031493640687458, 37.563624134054194 ], [ 127.031471696783782, 37.563633527927976 ], [ 127.031452017324256, 37.563641975185249 ], [ 127.031440566185097, 37.563647059665449 ], [ 127.031426182854034, 37.563653217064179 ], [ 127.031415589360833, 37.56365757152367 ], [ 127.031377996990472, 37.563673870916716 ], [ 127.031335140082902, 37.563692279941392 ], [ 127.031321210526968, 37.563698238995144 ], [ 127.031308501019566, 37.563703990511939 ], [ 127.031276554298685, 37.563717522411963 ], [ 127.031243781613242, 37.563731802332015 ], [ 127.031226184344135, 37.563739339028444 ], [ 127.03119602679412, 37.56375223075424 ], [ 127.031184279093893, 37.563757360333511 ], [ 127.031112396194345, 37.563788237243308 ], [ 127.031087195451704, 37.563799460869213 ], [ 127.031051525654192, 37.563815002845715 ], [ 127.030984123089965, 37.563844473013674 ], [ 127.030935167566497, 37.563865748559273 ], [ 127.030921690665764, 37.563871653393583 ], [ 127.030890592812469, 37.563885491313606 ], [ 127.030858961834696, 37.563899302328224 ], [ 127.030827876405127, 37.563913131218705 ], [ 127.030797197168624, 37.563926626634327 ], [ 127.030748274418244, 37.56394804625225 ], [ 127.030737161492283, 37.563952833253929 ], [ 127.030735305461207, 37.563953365296662 ], [ 127.030725687595265, 37.563957854600979 ], [ 127.030668323756814, 37.563982988347654 ], [ 127.030616096456171, 37.564005787239424 ], [ 127.030604520781125, 37.564011078896378 ], [ 127.03058881322427, 37.564017705033187 ], [ 127.030575605646533, 37.564023600751646 ], [ 127.030524239595437, 37.564046309291768 ], [ 127.030506382055819, 37.564054368518029 ], [ 127.030480082129657, 37.564065664362829 ], [ 127.030450387356069, 37.564078835090534 ], [ 127.030429904224647, 37.564087741878105 ], [ 127.030415357449073, 37.564107802352702 ], [ 127.030404620190666, 37.564121219803525 ], [ 127.030398726218479, 37.564128978759562 ], [ 127.030369653020387, 37.564169151951411 ], [ 127.03033365648183, 37.564218814238387 ], [ 127.030301326308503, 37.564263439092535 ], [ 127.030299594321875, 37.564265746046203 ], [ 127.030239627178119, 37.564347804693469 ], [ 127.030239492015696, 37.564349525615043 ], [ 127.030239608502512, 37.564390556618577 ], [ 127.030239690862373, 37.564425244668762 ], [ 127.030239731497161, 37.564442642753214 ], [ 127.030239981370116, 37.56453629147078 ], [ 127.030239872599239, 37.564603811598779 ], [ 127.030240125108278, 37.564642409897701 ], [ 127.030249008768152, 37.564638587543811 ], [ 127.030276688055153, 37.564625687655528 ], [ 127.030318798353932, 37.564606306132035 ], [ 127.030369870300007, 37.564582903993895 ], [ 127.030394348362861, 37.564572221292572 ], [ 127.030408594910156, 37.564565830697823 ], [ 127.03048123785176, 37.564533727788259 ], [ 127.030499502933282, 37.564525551337837 ], [ 127.030510989414452, 37.564520611099155 ], [ 127.030533928336013, 37.564510523399363 ], [ 127.030571296049388, 37.564494170273278 ], [ 127.030637804164968, 37.56446497086138 ], [ 127.030773093727291, 37.564405499184808 ], [ 127.030871764718242, 37.564362173172157 ], [ 127.031021777818268, 37.564295859043007 ], [ 127.031041491436312, 37.564287366800357 ], [ 127.031055659754173, 37.564280921186509 ], [ 127.031138802676878, 37.56424384268616 ], [ 127.031160620958161, 37.564233926333159 ], [ 127.031218266573475, 37.564208585050032 ], [ 127.031321520435753, 37.564163680776765 ], [ 127.031401482339447, 37.564128828336159 ], [ 127.031556360683638, 37.564057719032952 ], [ 127.031586462888058, 37.564044962378212 ], [ 127.031601015892704, 37.564038390462244 ], [ 127.031615037213371, 37.564032539471128 ], [ 127.031661073032424, 37.564012660922486 ], [ 127.031672774381263, 37.564007648436387 ], [ 127.031706123237143, 37.563993413300025 ], [ 127.031751164298285, 37.563974003484688 ], [ 127.031822639659964, 37.563943162331121 ], [ 127.031871593937353, 37.563922102655567 ], [ 127.031892360888037, 37.563913051386443 ], [ 127.032160458354852, 37.563794520091108 ], [ 127.032306983577982, 37.563729421563174 ], [ 127.032308103830886, 37.563728745529339 ], [ 127.032653979148606, 37.563574189283372 ], [ 127.032817159350685, 37.563499994748206 ], [ 127.032907655478567, 37.563458029687943 ], [ 127.032943302897067, 37.563441730325032 ], [ 127.032962585785171, 37.563432796390522 ], [ 127.032964339754841, 37.563431867904747 ], [ 127.033005529926683, 37.563413197445669 ], [ 127.033064601950088, 37.563386142998283 ], [ 127.03324131506929, 37.563304611108748 ], [ 127.033371135771063, 37.563244767606875 ], [ 127.033411533506666, 37.56322623236769 ], [ 127.033458983689528, 37.563204956200444 ], [ 127.033521143623872, 37.563176603264168 ], [ 127.033610765883665, 37.563133628791952 ], [ 127.033638671831667, 37.563121421812369 ], [ 127.033745610646918, 37.563072126592225 ], [ 127.03377188672853, 37.563059983095087 ], [ 127.03392282463966, 37.562971888108223 ], [ 127.033988253400238, 37.56309583721562 ], [ 127.034119865753482, 37.563230300589936 ], [ 127.034136068372916, 37.563246567976556 ], [ 127.034149803814969, 37.563260772777944 ], [ 127.034173490615188, 37.563306536470606 ], [ 127.034175046257403, 37.563315437811646 ], [ 127.03418143441742, 37.563351817980198 ], [ 127.034196434944917, 37.563437795208358 ], [ 127.034230530358258, 37.563628697219499 ], [ 127.034247594044544, 37.563724304536159 ], [ 127.034264533559323, 37.563817984667942 ], [ 127.034281519779469, 37.563914836263784 ], [ 127.034285774394263, 37.563938053567121 ], [ 127.034310259551262, 37.564071852629567 ], [ 127.03433716133884, 37.564223778907994 ], [ 127.03436444049251, 37.564379074769597 ], [ 127.034378992151531, 37.564472926726552 ], [ 127.034419173616357, 37.564733805853159 ], [ 127.034439811717689, 37.564871975737915 ], [ 127.034475604722601, 37.565005537334066 ], [ 127.034524566841526, 37.565282019073884 ], [ 127.03454642449833, 37.565415467405423 ], [ 127.034554303010864, 37.565465668289924 ], [ 127.034569329867907, 37.565558069481263 ], [ 127.034570862475661, 37.565568421411818 ], [ 127.034573914545149, 37.565587548546397 ], [ 127.034592980061717, 37.56570058124165 ], [ 127.034609244075654, 37.565797910485358 ], [ 127.034629554959949, 37.565888355037437 ], [ 127.034653565904321, 37.565998980690637 ], [ 127.034675128265718, 37.566101074662704 ], [ 127.034782445531093, 37.566159195179587 ], [ 127.034842612792303, 37.566150626930764 ], [ 127.034898909347973, 37.566142862526469 ], [ 127.034979279967217, 37.566132550487467 ], [ 127.035093855707061, 37.566118723826271 ], [ 127.03528490656052, 37.56609584730225 ], [ 127.035351051659106, 37.566088296102585 ], [ 127.035539861859178, 37.566066816340239 ], [ 127.035719539335005, 37.566046564266166 ], [ 127.03580910188964, 37.566036510285883 ], [ 127.035847892621319, 37.566213930690942 ], [ 127.035946155812283, 37.56656710759902 ], [ 127.03598629210758, 37.566710722462759 ], [ 127.036159383379598, 37.567328452537268 ], [ 127.036193535418363, 37.567453490687505 ], [ 127.036331846610963, 37.567950128806217 ], [ 127.036379648774954, 37.568123284646354 ], [ 127.036416101453042, 37.568252854006559 ], [ 127.036451101962498, 37.568379910025193 ], [ 127.036477117929465, 37.568459666810917 ], [ 127.036482899398422, 37.568480640104184 ], [ 127.03650530421551, 37.568561992700751 ], [ 127.03651022630352, 37.568579974966255 ], [ 127.036518661259009, 37.568611137647167 ], [ 127.036544638268097, 37.568706481521644 ], [ 127.036550557920592, 37.568727562888306 ], [ 127.036579243938235, 37.568833051075913 ], [ 127.036583938071558, 37.568850024298435 ], [ 127.036598349943318, 37.568903502673052 ], [ 127.036614997144795, 37.568966098380756 ], [ 127.036637481027057, 37.569048883493018 ], [ 127.036657527504147, 37.56912116380407 ], [ 127.036679865606587, 37.56920185054819 ], [ 127.036711702914445, 37.569316157528689 ], [ 127.036755959583473, 37.569477808615233 ], [ 127.036784032118604, 37.569574926743748 ], [ 127.036816528004891, 37.569692910423989 ], [ 127.036839072151679, 37.569777731702374 ], [ 127.036861013330125, 37.56985840861099 ], [ 127.036883544776686, 37.569942491072133 ], [ 127.036904068810628, 37.570018285040213 ], [ 127.03693959459217, 37.570149115857475 ], [ 127.036981637514742, 37.570297477928598 ], [ 127.036994619925437, 37.570345397575466 ], [ 127.037031403888747, 37.570476795602069 ], [ 127.037053810441222, 37.570559283310786 ], [ 127.037056293869583, 37.570568652837217 ], [ 127.03710023173538, 37.57072565475849 ], [ 127.037105537799192, 37.570743546777962 ], [ 127.037133829794044, 37.570847926697937 ], [ 127.037185560026217, 37.571039758417569 ], [ 127.037217257844844, 37.571162120999496 ], [ 127.037215853074827, 37.57123089382133 ], [ 127.037213460073929, 37.57133994109396 ], [ 127.037211109352484, 37.57144271747709 ], [ 127.037209216278271, 37.571531969894217 ], [ 127.037248773010276, 37.571570141789337 ], [ 127.037245423818462, 37.571644240032548 ], [ 127.037239266536758, 37.571787778245799 ], [ 127.03732835920411, 37.573052107141336 ], [ 127.03735057173138, 37.573412523318382 ], [ 127.037367869879475, 37.573698526611111 ], [ 127.037384002930921, 37.573962456952138 ], [ 127.037402878608887, 37.574232747415884 ], [ 127.037403745878052, 37.57424721700847 ], [ 127.037405844584853, 37.574282526063044 ], [ 127.037413765655984, 37.574415446310311 ], [ 127.03741868306021, 37.574497876141031 ], [ 127.037419494451711, 37.574511480802052 ], [ 127.037429146098958, 37.574667303612593 ], [ 127.037439860082657, 37.574819377988099 ], [ 127.037442039325853, 37.574854957310265 ], [ 127.037446477801964, 37.574930017204032 ], [ 127.037449265307089, 37.574978129072157 ], [ 127.037452495171792, 37.575035115528998 ], [ 127.037457852584637, 37.575130780717011 ], [ 127.037465728812947, 37.575271296276803 ], [ 127.037477676848226, 37.575449228587935 ], [ 127.037492292400643, 37.575686823444869 ], [ 127.037504020982368, 37.575782477668739 ], [ 127.03750442967025, 37.575853105920309 ], [ 127.037509648106678, 37.575923183102738 ], [ 127.037515410641035, 37.576067645607758 ], [ 127.037534268886319, 37.576346648502643 ], [ 127.037538238862993, 37.576407572031094 ], [ 127.037547830735932, 37.576534635296063 ], [ 127.037554477235773, 37.576629173828074 ], [ 127.037563675920154, 37.576776494095846 ], [ 127.037191542801423, 37.576795831485086 ], [ 127.037175445546382, 37.576796791394123 ], [ 127.037022655725224, 37.576802280303809 ], [ 127.036886280741641, 37.576808131702059 ], [ 127.036786595926969, 37.576812702497321 ], [ 127.036741133824052, 37.576814671211203 ], [ 127.036688075832814, 37.576816966525932 ], [ 127.036632912234126, 37.576819271452955 ], [ 127.036551360033172, 37.576822782500308 ], [ 127.036547954090352, 37.576823612418885 ], [ 127.036332633479333, 37.57686365289991 ], [ 127.036263919494274, 37.576866556300942 ], [ 127.036213883966326, 37.576868734285661 ], [ 127.036152867774817, 37.576871364162493 ], [ 127.03607464590975, 37.576874720735717 ], [ 127.035959064881595, 37.576879619839282 ], [ 127.035931104956504, 37.576880799275543 ], [ 127.035693492598938, 37.5768909593506 ], [ 127.03568353077749, 37.576891413628296 ], [ 127.035081971587729, 37.576917083209139 ], [ 127.035042590782325, 37.576949439828013 ], [ 127.035041863584738, 37.576996480560254 ], [ 127.035041523539547, 37.577043503162471 ], [ 127.035040553909923, 37.57712804303646 ], [ 127.035039671781149, 37.577205753404009 ], [ 127.035039443080336, 37.577225899535073 ], [ 127.035038963962137, 37.577268255063018 ], [ 127.035038430070102, 37.577314692076612 ], [ 127.035037798601508, 37.577370742647084 ], [ 127.035035937185242, 37.577534211917403 ], [ 127.033374481674983, 37.577539405707668 ], [ 127.033396031503955, 37.577204697696914 ], [ 127.032251663748994, 37.577163941372497 ], [ 127.032203386428407, 37.578022468216993 ], [ 127.032030948457106, 37.578251369844175 ], [ 127.032039518833429, 37.579121023356471 ], [ 127.034175638142827, 37.579081219225301 ], [ 127.035013651754213, 37.579061368158285 ], [ 127.035048509422779, 37.579053222354574 ], [ 127.035049014552342, 37.579058765080511 ], [ 127.035051322479504, 37.579080622359207 ], [ 127.035055727557861, 37.579133959512625 ], [ 127.035057409934723, 37.579146807103058 ], [ 127.035072047742915, 37.579197213141498 ], [ 127.035086708479895, 37.579250736584598 ], [ 127.035096450379783, 37.579286729127475 ], [ 127.035098015423983, 37.579292890529281 ], [ 127.03510285950685, 37.579315332725955 ], [ 127.035109844052073, 37.579339594306106 ], [ 127.03511267939075, 37.579350999988797 ], [ 127.035123383554478, 37.579389433027508 ], [ 127.035133883281645, 37.579426371386553 ], [ 127.035146797971024, 37.579471326034565 ], [ 127.035158511150811, 37.579512921244508 ], [ 127.035159543531918, 37.579517768257702 ], [ 127.035168125846752, 37.579547849751059 ], [ 127.03518154053134, 37.579594363859421 ], [ 127.035196971846773, 37.579649220525425 ], [ 127.035205942466831, 37.579681743577929 ], [ 127.035206294993984, 37.579685248314739 ], [ 127.0352133252605, 37.579710329771885 ], [ 127.035232464840703, 37.579779105614584 ], [ 127.03524797661845, 37.579833980268951 ], [ 127.035253976803403, 37.579856764501848 ], [ 127.035265518860342, 37.579897702027203 ], [ 127.035285964447553, 37.579970324697754 ], [ 127.035297769470105, 37.580014397576711 ], [ 127.035319656297006, 37.580097074835948 ], [ 127.035335007168982, 37.580146328267759 ], [ 127.035348094833211, 37.580197724891384 ], [ 127.035354284447038, 37.580218689070975 ], [ 127.035374786201558, 37.580289960226438 ], [ 127.035388484269703, 37.580339186193065 ], [ 127.035393813988733, 37.580358709038585 ], [ 127.035395321510535, 37.580365240757203 ], [ 127.035398067058921, 37.580375682401353 ], [ 127.035413737421393, 37.580430214607986 ], [ 127.035423704573503, 37.580467936945688 ], [ 127.035439920018746, 37.580526072936834 ], [ 127.035440806030749, 37.580532621951988 ], [ 127.03545067147121, 37.580568181047795 ], [ 127.035469518968952, 37.580635992870484 ], [ 127.035486732303269, 37.580697570334245 ], [ 127.035496133738292, 37.580733381834932 ], [ 127.035500205261883, 37.580749356051363 ], [ 127.03550685109704, 37.580775067386497 ], [ 127.035518281187819, 37.580815635508543 ], [ 127.03553353150896, 37.580869708313067 ], [ 127.03554733292485, 37.580919186502754 ], [ 127.035563162592453, 37.580975007048892 ], [ 127.03557824317015, 37.581029097914872 ], [ 127.035580909508425, 37.581039512546837 ], [ 127.035590581154793, 37.581074332875033 ], [ 127.03559722462353, 37.581094720276525 ], [ 127.035598915236548, 37.581102981832473 ], [ 127.035610549224302, 37.581143585923897 ], [ 127.035623895733139, 37.581190803659176 ], [ 127.035660752324077, 37.581328534880143 ], [ 127.035703562172671, 37.581484573303214 ], [ 127.035732083332448, 37.58159031379013 ], [ 127.035732740547331, 37.581591593000027 ], [ 127.035758198536925, 37.581685558477183 ], [ 127.03578745627226, 37.581790010323218 ], [ 127.035797310875537, 37.581825902750374 ], [ 127.035800181178715, 37.581839056314607 ], [ 127.035820627863345, 37.581914246678473 ], [ 127.035846381427376, 37.582010392431911 ], [ 127.03585620275571, 37.582045194669277 ], [ 127.035893045055587, 37.582177079302916 ], [ 127.035908081489538, 37.58223014300426 ], [ 127.035917891749065, 37.582265368701869 ], [ 127.035939109974194, 37.582346180967903 ], [ 127.035966250236484, 37.582448687245268 ], [ 127.035975277621105, 37.582482552676268 ], [ 127.035983907928113, 37.582514598230517 ], [ 127.036020911492898, 37.582649032556972 ], [ 127.036030687791708, 37.582686483688029 ], [ 127.036031763952508, 37.582690303554116 ], [ 127.036122229333756, 37.582753355101993 ], [ 127.036241308934336, 37.582756321321739 ], [ 127.036403307444104, 37.582760778492222 ], [ 127.036613062542131, 37.582766806087484 ], [ 127.036708446962734, 37.582770669952843 ], [ 127.036805788361647, 37.582773479002519 ], [ 127.036843037439681, 37.582774774292204 ], [ 127.036870933465238, 37.582775090296664 ], [ 127.036950568221116, 37.582777860379807 ], [ 127.037011796476747, 37.582780192659555 ], [ 127.037075558409569, 37.582782416927103 ], [ 127.037120312601189, 37.582784052243241 ], [ 127.037357853508311, 37.582798738518584 ], [ 127.037512334609389, 37.582798141917635 ], [ 127.037516897176801, 37.582798246842799 ], [ 127.037522886252845, 37.582798381966242 ], [ 127.037626919833045, 37.582803629969661 ], [ 127.037626674592559, 37.582809216157813 ], [ 127.03764589882131, 37.582810291459438 ], [ 127.037661284810255, 37.582810764272487 ], [ 127.037775576027471, 37.582816910890998 ], [ 127.037818293878814, 37.582819248435975 ], [ 127.037970627066485, 37.582827355420378 ], [ 127.038062274897996, 37.582832147361053 ], [ 127.0381571504021, 37.582836803080966 ], [ 127.038261310897042, 37.582842086525339 ], [ 127.038283171925301, 37.58284322397148 ], [ 127.038313887513056, 37.582844565880869 ], [ 127.038855539384002, 37.582870308170115 ], [ 127.038908126950687, 37.582871967360262 ], [ 127.039028329113862, 37.582875559301243 ], [ 127.039029608449667, 37.582875595835169 ], [ 127.039158244056907, 37.582879438140914 ], [ 127.03924845288762, 37.582881607750224 ], [ 127.039561754715407, 37.582888974574331 ], [ 127.039562897057309, 37.582889000334795 ], [ 127.039696038266484, 37.582892129724485 ], [ 127.039723675257719, 37.5828927785034 ], [ 127.039834964802864, 37.582895420164867 ], [ 127.039876765076656, 37.582896484169545 ], [ 127.039879029386583, 37.582896543799855 ], [ 127.04034932543351, 37.582908794818209 ], [ 127.040349987480397, 37.582895224850731 ], [ 127.040412625451509, 37.582912791476552 ], [ 127.040458898471172, 37.582915344032195 ], [ 127.040519059433478, 37.582915684566814 ], [ 127.040630795700395, 37.582921631047967 ], [ 127.040630760980648, 37.58292235094725 ], [ 127.040796202328082, 37.582927783023209 ], [ 127.040805259589604, 37.582928050305185 ], [ 127.040915645180263, 37.582931707560824 ], [ 127.04092923109765, 37.582932153519067 ], [ 127.04104210854058, 37.582935809824541 ], [ 127.041176495763338, 37.582939909291163 ], [ 127.041186684035623, 37.582940176163923 ], [ 127.041335790420433, 37.582944630896712 ], [ 127.041430325664876, 37.582947482128716 ], [ 127.041535615261537, 37.58295059993582 ], [ 127.041672391339048, 37.582954670998525 ], [ 127.041672395813393, 37.582954570086557 ], [ 127.041675097144747, 37.582954652058426 ], [ 127.041759069506085, 37.582957434540852 ], [ 127.041915069425613, 37.582961633915893 ], [ 127.042255565873731, 37.582971085380869 ], [ 127.042294389029877, 37.582972765831165 ], [ 127.042296902425733, 37.582972845150742 ], [ 127.042573658949493, 37.582981408603558 ], [ 127.042584040673972, 37.582981394180827 ], [ 127.042585659634227, 37.582981391815686 ], [ 127.042615049989593, 37.582981349152448 ], [ 127.042627401719699, 37.582981480900784 ], [ 127.042645073412814, 37.582981672061656 ], [ 127.042738204823621, 37.582982333339451 ], [ 127.042821734582887, 37.582985106210643 ], [ 127.042852563391406, 37.582986208138173 ], [ 127.042855846666967, 37.582986328621644 ], [ 127.042914877670285, 37.582988443273265 ], [ 127.042987460673842, 37.582991041470052 ], [ 127.043102714932957, 37.582995170690793 ], [ 127.043118044431893, 37.582995723901234 ], [ 127.043159924305229, 37.582997231802359 ], [ 127.043241665409298, 37.583000176194638 ], [ 127.043262372679649, 37.583000905880816 ], [ 127.043262894606684, 37.583000923715979 ], [ 127.04338879005843, 37.583005349823395 ], [ 127.043407899696248, 37.583003730279309 ], [ 127.043448544560917, 37.58300550070318 ], [ 127.043455259455925, 37.583005794742355 ], [ 127.043522463706523, 37.583008419748396 ], [ 127.043571690273751, 37.583008294104665 ], [ 127.043615134912542, 37.583010032840249 ], [ 127.043616863729099, 37.583010097995739 ], [ 127.043767758606336, 37.583015540103375 ], [ 127.04382595193475, 37.583017762717517 ], [ 127.043931321361569, 37.58302155409865 ], [ 127.044028608595411, 37.583025618592139 ], [ 127.044143246516256, 37.583036702630345 ], [ 127.044424563127222, 37.583063902397143 ], [ 127.044533737624391, 37.583085134945158 ], [ 127.044629718857891, 37.583103597174187 ], [ 127.044698719341412, 37.583116933577223 ], [ 127.044744868256174, 37.583121718943225 ], [ 127.044789376221161, 37.583145236389981 ], [ 127.044796720946266, 37.583140251245496 ], [ 127.044875899662301, 37.583155882228155 ], [ 127.044944492827881, 37.583169497041645 ], [ 127.045042763261847, 37.583189552837503 ], [ 127.04529244268214, 37.583239420188725 ], [ 127.04541608779985, 37.583264800098362 ], [ 127.045465068756485, 37.583274134108358 ], [ 127.045619103607777, 37.583304304743045 ], [ 127.045777669387562, 37.583336311489219 ], [ 127.045895267814828, 37.583359413669008 ], [ 127.045983143099264, 37.583377093985696 ], [ 127.046073610600629, 37.583392133369998 ], [ 127.046156663034466, 37.583406049256602 ], [ 127.046260006324019, 37.583426436385679 ], [ 127.046335630352374, 37.583441480292741 ], [ 127.046346533960545, 37.583443188025974 ], [ 127.046426568310721, 37.583445987603923 ], [ 127.046477534869354, 37.583443309395456 ], [ 127.046571697804367, 37.583426280903282 ], [ 127.046668170563038, 37.583394727560233 ], [ 127.046756076779232, 37.583347148882353 ], [ 127.0468109813566, 37.583304168823027 ], [ 127.046837246724053, 37.583284805566045 ], [ 127.046895649087602, 37.583239220274848 ], [ 127.046993374659777, 37.583162842134634 ], [ 127.047067451269456, 37.583105970374923 ], [ 127.047206355809678, 37.582997980386473 ], [ 127.04750189327838, 37.583187485334555 ], [ 127.047799323700687, 37.58337823395668 ], [ 127.047894846438737, 37.583438634601791 ], [ 127.048026782824394, 37.58352300507233 ], [ 127.048122114049718, 37.583584342632669 ], [ 127.048203320602227, 37.583636432577414 ], [ 127.048301224993878, 37.583575739452741 ], [ 127.048380662652477, 37.583511287457469 ], [ 127.048422644007616, 37.583477222529474 ], [ 127.04878103419, 37.583186358476524 ], [ 127.048790403532223, 37.583178750404102 ], [ 127.049020103445457, 37.582992223492333 ], [ 127.049037790667157, 37.583006130299793 ], [ 127.049067150052352, 37.583028589067226 ], [ 127.049075805363486, 37.58303584752732 ], [ 127.049144832763247, 37.583090293308238 ], [ 127.049175516348782, 37.583113787647974 ], [ 127.049214334671689, 37.583144801925599 ], [ 127.049282240776961, 37.58319819392463 ], [ 127.049357862772993, 37.583259015891159 ], [ 127.049436915905503, 37.583322557393274 ], [ 127.049527633999887, 37.583393644359973 ], [ 127.049617029622439, 37.583464272292119 ], [ 127.049708543282193, 37.583539575407613 ], [ 127.049776096469017, 37.583588840747701 ], [ 127.049849135783575, 37.583648050686371 ], [ 127.049945520868675, 37.583724045380286 ], [ 127.050030034658093, 37.583791728774401 ], [ 127.050102892278872, 37.583849479031556 ], [ 127.050213540161295, 37.583959299649237 ], [ 127.050252002489174, 37.583996899933794 ], [ 127.050319839283091, 37.584064932375092 ], [ 127.050383892809577, 37.584128200128021 ], [ 127.050427091787881, 37.584171997175595 ], [ 127.050492098204813, 37.584237850302898 ], [ 127.050516999477267, 37.584262869353616 ], [ 127.050589720811644, 37.584335945129141 ], [ 127.050618755637515, 37.584364359155828 ], [ 127.050652676939123, 37.584399726751229 ], [ 127.050715866466646, 37.584475653528933 ], [ 127.050740975544372, 37.584506537861628 ], [ 127.050794923385837, 37.584573873045237 ], [ 127.050820972021043, 37.584606162505864 ], [ 127.050853899806071, 37.584647161617276 ], [ 127.050890239948032, 37.584693258870985 ], [ 127.050900604013393, 37.584702147264522 ], [ 127.050955455509197, 37.584767617855135 ], [ 127.051017153814229, 37.584844084781508 ], [ 127.051073309905775, 37.58491316682008 ], [ 127.05112187377118, 37.584972025834695 ], [ 127.051122882831905, 37.584974178766331 ], [ 127.051134145440955, 37.584987481590858 ], [ 127.051189973711857, 37.585057005192915 ], [ 127.051224010929928, 37.58509895877576 ], [ 127.051259263481356, 37.585143324675791 ], [ 127.051297800181203, 37.585190593957705 ], [ 127.051331191958951, 37.585232214416166 ], [ 127.051386001652176, 37.58530006251911 ], [ 127.05141020474143, 37.585331442629759 ], [ 127.051510235253289, 37.585352439225112 ], [ 127.051647474822829, 37.585381878393356 ], [ 127.051652525319724, 37.58538166091305 ], [ 127.051735653012528, 37.585337602525286 ], [ 127.05176408429385, 37.585322534958735 ], [ 127.052012796680557, 37.585190720964107 ], [ 127.051982885233585, 37.585149677643301 ], [ 127.051864618205713, 37.584983001656184 ], [ 127.051795210971648, 37.584891183861131 ], [ 127.051735299659597, 37.584811544211647 ], [ 127.0516253556641, 37.584692949138145 ], [ 127.05158319192175, 37.584639466498253 ], [ 127.051457145259775, 37.58448469450704 ], [ 127.051246122470943, 37.584229471264706 ], [ 127.050880733161293, 37.583757030548256 ], [ 127.050577201760476, 37.583425540230735 ], [ 127.050565337001117, 37.583408507518136 ], [ 127.050498567455705, 37.583311697278496 ], [ 127.050439060562766, 37.583223191080002 ], [ 127.050432756715111, 37.583212706216351 ], [ 127.050403310492243, 37.583163796681298 ] ] ] } },
{ "type": "Feature", "properties": { "OBJECTID": 3852, "ID": "중심지_35", "CODE": "ZON510", "ENT_NAME": "중심지", "JOSER_ID": null, "GOSI_ID": null, "LABEL": "한양도성도심(도심권)", "GOSI_DATE": null }, "geometry": { "type": "Polygon", "coordinates": [ [ [ 127.015585845536663, 37.57315469664568 ], [ 127.015875291753062, 37.570001275849641 ], [ 127.016330056417701, 37.565006241016789 ], [ 127.016101290998023, 37.565006269492947 ], [ 127.01421397542569, 37.565006487508953 ], [ 127.011297173205705, 37.564688088075165 ], [ 127.010324896645869, 37.564460536975297 ], [ 127.010048556544021, 37.564413421129913 ], [ 127.010033857536314, 37.5643179975593 ], [ 127.010009414722731, 37.564155530301001 ], [ 127.00999346426687, 37.563982664110704 ], [ 127.009980074852507, 37.563806166744193 ], [ 127.00998587116851, 37.563537095883298 ], [ 127.009981437661281, 37.56331639533947 ], [ 127.009944129664163, 37.563174124630834 ], [ 127.010035964102357, 37.563136439580731 ], [ 127.009991589347578, 37.563078148781408 ], [ 127.009891575620969, 37.563099828307088 ], [ 127.009760737169358, 37.56302790524898 ], [ 127.009620440471522, 37.562937587200281 ], [ 127.009552978692113, 37.562834714172602 ], [ 127.009485553732418, 37.562565675281043 ], [ 127.009403050854544, 37.562241118392699 ], [ 127.009344491855373, 37.56203046920983 ], [ 127.009341201851839, 37.561999988061345 ], [ 127.009320106923965, 37.561804580206953 ], [ 127.009302995754112, 37.561681959399905 ], [ 127.00931108708825, 37.561605528846272 ], [ 127.009351608021873, 37.561526066117068 ], [ 127.009414526231154, 37.561413224728042 ], [ 127.009424201773626, 37.561195763997553 ], [ 127.009371960637807, 37.561065202412387 ], [ 127.009329887394685, 37.560995409160192 ], [ 127.009272354066937, 37.560906892546811 ], [ 127.009298034162754, 37.560803118501951 ], [ 127.009385311344218, 37.560751911292705 ], [ 127.009507526447337, 37.560683151286625 ], [ 127.009705821839574, 37.560579868996697 ], [ 127.009727666597271, 37.560568165428997 ], [ 127.009821290890898, 37.560521825500025 ], [ 127.009845283427381, 37.560435834277172 ], [ 127.009821940267557, 37.560345944201046 ], [ 127.009707878030767, 37.560194571516362 ], [ 127.009526987237678, 37.560001032454103 ], [ 127.009429977852321, 37.559926167664038 ], [ 127.00910643615012, 37.559661333105048 ], [ 127.008874755197326, 37.559391087824302 ], [ 127.008789249678799, 37.559340694463337 ], [ 127.00866353566731, 37.559245275621308 ], [ 127.008559829777525, 37.559117304378681 ], [ 127.008539438551736, 37.558876610702029 ], [ 127.008070169530853, 37.557848011869375 ], [ 127.008054904791649, 37.557749493076535 ], [ 127.008051322832088, 37.557698304435363 ], [ 127.008113483978633, 37.557562134376049 ], [ 127.008170042921407, 37.557504678680473 ], [ 127.008252100226017, 37.557384531527298 ], [ 127.008263522545633, 37.557316536768262 ], [ 127.008255297203689, 37.557168301864593 ], [ 127.008233523565579, 37.557081213413518 ], [ 127.008187086330295, 37.557000080094596 ], [ 127.007996286564008, 37.556770167975216 ], [ 127.007933338539416, 37.556646639370044 ], [ 127.007863444071091, 37.556576176714209 ], [ 127.007667598584206, 37.556481019999602 ], [ 127.0075804351372, 37.55646422734862 ], [ 127.007464831261061, 37.5564919855235 ], [ 127.007300288405986, 37.556458985022751 ], [ 127.00717183308825, 37.556391070105278 ], [ 127.007042251907606, 37.556169599354817 ], [ 127.007018386934931, 37.556045443127218 ], [ 127.006974237586149, 37.555946419149763 ], [ 127.006802080520075, 37.555766233449027 ], [ 127.006702202386251, 37.555722432633992 ], [ 127.006455038069248, 37.555681022904871 ], [ 127.006321038362728, 37.555614699334178 ], [ 127.006203860260769, 37.555538690200443 ], [ 127.006164714791453, 37.555498885999128 ], [ 127.006132852435897, 37.555447616399391 ], [ 127.006051097614247, 37.555332439676036 ], [ 127.005936644213563, 37.555216933458404 ], [ 127.005833566076703, 37.555121081815564 ], [ 127.005691888647462, 37.555024306134726 ], [ 127.005594547200687, 37.554980513297423 ], [ 127.005559704870038, 37.55495677249943 ], [ 127.005535761209345, 37.554937079470243 ], [ 127.005489096337925, 37.554879355499878 ], [ 127.005424287492431, 37.554814104337886 ], [ 127.005274852513736, 37.554702087255215 ], [ 127.005184358088428, 37.554648050499949 ], [ 127.005091659053107, 37.55456681824824 ], [ 127.005058011407598, 37.554527148655467 ], [ 127.004981116319215, 37.554431672083382 ], [ 127.004742060792395, 37.55419269655124 ], [ 127.004623847657825, 37.554117694968681 ], [ 127.004565200505695, 37.554090522624811 ], [ 127.004466411140186, 37.554015951954952 ], [ 127.004449427820703, 37.553990709328062 ], [ 127.004416876653536, 37.553902712194613 ], [ 127.00441264138837, 37.55380354748408 ], [ 127.004430740019401, 37.553728964847835 ], [ 127.004480584011375, 37.553572592199359 ], [ 127.004483469652257, 37.553482258816203 ], [ 127.004432857236509, 37.553317238250813 ], [ 127.004447702537036, 37.553253358553057 ], [ 127.004433800053505, 37.553145951809803 ], [ 127.004324619726461, 37.553009835498045 ], [ 127.004269068619678, 37.552918482663422 ], [ 127.00423039945224, 37.552839894650077 ], [ 127.004213082451869, 37.552746783069317 ], [ 127.004221857920854, 37.552695061500096 ], [ 127.004259350064814, 37.552557673073302 ], [ 127.004265566446421, 37.552528470919789 ], [ 127.004267431496174, 37.552498772421309 ], [ 127.004257026674608, 37.552463535818092 ], [ 127.004242322823998, 37.552434029613835 ], [ 127.004214411375798, 37.552410317981156 ], [ 127.004179795860452, 37.552385933453017 ], [ 127.004158964700977, 37.552375692359327 ], [ 127.004130476300588, 37.55235642800961 ], [ 127.004060817815017, 37.552313308114442 ], [ 127.004017946503041, 37.552279620085741 ], [ 127.003999259202629, 37.552247682160569 ], [ 127.003978920346469, 37.552201837474733 ], [ 127.003938771305897, 37.552078415186323 ], [ 127.003920080446321, 37.552003480166412 ], [ 127.003915234151435, 37.551953340128513 ], [ 127.003907056492295, 37.551805227319988 ], [ 127.003913784487281, 37.551741422619074 ], [ 127.003914395675125, 37.551708790521538 ], [ 127.003939889833575, 37.551672136794096 ], [ 127.003971797039583, 37.551632958351576 ], [ 127.003997213108988, 37.551563641893289 ], [ 127.004015245851974, 37.5515192668136 ], [ 127.004017377660887, 37.551511842603951 ], [ 127.00402807228366, 37.551422231629267 ], [ 127.004059935249742, 37.551317807908561 ], [ 127.004109600606782, 37.551255632151644 ], [ 127.004245618628474, 37.551201594862903 ], [ 127.004443451564129, 37.551101984682987 ], [ 127.004476955988935, 37.551058359670428 ], [ 127.004495479411545, 37.550898841464686 ], [ 127.004558574857654, 37.550731422223734 ], [ 127.004569117513626, 37.5506802186352 ], [ 127.004553903751813, 37.550628640898012 ], [ 127.004531703195013, 37.55057695251503 ], [ 127.004494557393855, 37.550535968278062 ], [ 127.004470220168386, 37.550508325584282 ], [ 127.004436779969438, 37.550480560575942 ], [ 127.004369918666384, 37.550449021217553 ], [ 127.004333398445411, 37.550428198389724 ], [ 127.004266785265983, 37.550402169427784 ], [ 127.004162022077438, 37.550377586478042 ], [ 127.004089204145657, 37.550350544840548 ], [ 127.003938267918926, 37.550299897018 ], [ 127.003777657111257, 37.550275286927508 ], [ 127.003572759142287, 37.550280635349225 ], [ 127.003488389040399, 37.550272396323123 ], [ 127.003410619266631, 37.550241157532966 ], [ 127.003350837117267, 37.550212353792389 ], [ 127.003213016861466, 37.550136695127769 ], [ 127.003060695853861, 37.550053367255664 ], [ 127.002908618595711, 37.549975817238824 ], [ 127.002624084360249, 37.54982784507397 ], [ 127.002423660610262, 37.54980887911637 ], [ 127.002287356467079, 37.549872604480427 ], [ 127.002212237629166, 37.549933119111408 ], [ 127.002003332416834, 37.550144521490971 ], [ 127.001893347032066, 37.550193241180651 ], [ 127.001732834653041, 37.550240395848732 ], [ 127.001583673587675, 37.550255041635069 ], [ 127.001361838204886, 37.550245030638479 ], [ 127.000852890567018, 37.550136936972578 ], [ 127.00055805378075, 37.550088142673943 ], [ 127.000195382908927, 37.550063031250559 ], [ 126.999857072713468, 37.550057594000329 ], [ 126.999567455487465, 37.550029329085561 ], [ 126.999413071301888, 37.550024584518397 ], [ 126.999313098625862, 37.550024409703674 ], [ 126.999258925982517, 37.550017516998992 ], [ 126.999226528315987, 37.550013610578439 ], [ 126.999202475357777, 37.550010485472214 ], [ 126.999136682050803, 37.549998931656148 ], [ 126.999089912396741, 37.549999638882682 ], [ 126.999057618484755, 37.550007082202477 ], [ 126.999014578194718, 37.550023413562975 ], [ 126.998969099170793, 37.550040488172741 ], [ 126.99892101177042, 37.550055226437792 ], [ 126.998887528523369, 37.550060893831429 ], [ 126.998856815683794, 37.550062327521019 ], [ 126.998818345513044, 37.550061476112212 ], [ 126.998777382634714, 37.550052405792528 ], [ 126.99873235717979, 37.550043051550681 ], [ 126.998494350744224, 37.55002709364922 ], [ 126.998462889838507, 37.550029921050417 ], [ 126.998288103096414, 37.550004629183476 ], [ 126.998113878781467, 37.549957024029901 ], [ 126.997781045352667, 37.549835760387133 ], [ 126.997642819749373, 37.549799075683154 ], [ 126.997579733137712, 37.549777630007675 ], [ 126.997522845701695, 37.549734515672078 ], [ 126.997494492745503, 37.549709121175809 ], [ 126.997482442758198, 37.549693884103782 ], [ 126.997418650020421, 37.549612621516786 ], [ 126.997332626527182, 37.549530040859295 ], [ 126.997295767693899, 37.549496181200801 ], [ 126.997208583208604, 37.549417175542715 ], [ 126.997180940895745, 37.549376544334137 ], [ 126.997153932485247, 37.549313783897908 ], [ 126.997123455433027, 37.549255094905007 ], [ 126.997096334750537, 37.549217124321856 ], [ 126.997051679148981, 37.549184957255633 ], [ 126.996987175732215, 37.549137552750203 ], [ 126.996855165351107, 37.5490500199191 ], [ 126.99678828329354, 37.549005808322931 ], [ 126.996723050221547, 37.548959612772798 ], [ 126.996653385098114, 37.548906564064445 ], [ 126.996579534967054, 37.548841794144401 ], [ 126.996507354077792, 37.548777481951824 ], [ 126.996472416287489, 37.548744587075177 ], [ 126.996477685122187, 37.54872780994183 ], [ 126.996484630374027, 37.548720626634669 ], [ 126.996498495725206, 37.548710030666534 ], [ 126.996497941881557, 37.548700317056124 ], [ 126.996490178295176, 37.548693252053241 ], [ 126.996483800947388, 37.548686187108956 ], [ 126.996470768248429, 37.548666539536896 ], [ 126.996471073225862, 37.548641282061389 ], [ 126.996474956473392, 37.548631568640296 ], [ 126.996497973548657, 37.548599339360763 ], [ 126.996494925104528, 37.548580353542718 ], [ 126.996479260513141, 37.548540316426234 ], [ 126.996450559199729, 37.548473998634293 ], [ 126.996418463519376, 37.548401280946798 ], [ 126.996416777038689, 37.548373499707594 ], [ 126.996417746499489, 37.548311981863669 ], [ 126.996423821557272, 37.548287408488278 ], [ 126.996437494715664, 37.548256401460428 ], [ 126.996460961867584, 37.548243986807051 ], [ 126.996468911071986, 37.548199495293588 ], [ 126.996450220033793, 37.54815166626797 ], [ 126.996428118631798, 37.54811614373309 ], [ 126.996391522665249, 37.548077042728764 ], [ 126.996146463863994, 37.547873445624951 ], [ 126.996021649954088, 37.547791036108599 ], [ 126.995909750204603, 37.547754176694461 ], [ 126.995829528505865, 37.547735885434498 ], [ 126.995566661574088, 37.547708759845442 ], [ 126.995232970592483, 37.547685884404373 ], [ 126.995044499919899, 37.547703530951964 ], [ 126.994878784870281, 37.547744263682404 ], [ 126.994649023557329, 37.547814420653332 ], [ 126.994539356578144, 37.547856125620306 ], [ 126.994419132058084, 37.547856708603582 ], [ 126.994302247992252, 37.547963529365617 ], [ 126.99417680898064, 37.548135705589878 ], [ 126.994139936511743, 37.548169793200749 ], [ 126.994072271913154, 37.548201114620937 ], [ 126.994018139113209, 37.548232436862406 ], [ 126.993968926578788, 37.548274528942947 ], [ 126.99393324625629, 37.548312705263342 ], [ 126.993885260960681, 37.548370459319379 ], [ 126.993839738065475, 37.54841646639079 ], [ 126.993797907060369, 37.548456600123359 ], [ 126.993768376610291, 37.548497714026261 ], [ 126.993713950659469, 37.548537202692508 ], [ 126.993625367950358, 37.54859691180485 ], [ 126.993552780496273, 37.548636064913119 ], [ 126.993478962367632, 37.548680112077321 ], [ 126.993374109775772, 37.548751907589768 ], [ 126.993251076879574, 37.548839024895003 ], [ 126.99321771815994, 37.548865700905758 ], [ 126.993031381029937, 37.548988918034262 ], [ 126.992990144760554, 37.549046697432459 ], [ 126.99296719505341, 37.549079044060413 ], [ 126.99294047046142, 37.549158607754507 ], [ 126.992932812949761, 37.549215861584493 ], [ 126.992929748523366, 37.549314254103727 ], [ 126.992921346740701, 37.549368309358655 ], [ 126.992901565230426, 37.549471620969072 ], [ 126.992875918266705, 37.549517260603423 ], [ 126.992838123290426, 37.549561826259087 ], [ 126.992784135180344, 37.549591354965756 ], [ 126.992722050485796, 37.549618198091231 ], [ 126.992667944457821, 37.549639349320231 ], [ 126.99262745359394, 37.549656529080359 ], [ 126.992592822273721, 37.549683656211513 ], [ 126.992564191293667, 37.549726171814747 ], [ 126.992505023464062, 37.549811963290466 ], [ 126.9924725753948, 37.549863589401042 ], [ 126.992424862277772, 37.549908382112356 ], [ 126.992361705862677, 37.549969490555966 ], [ 126.992281548250347, 37.550024909679969 ], [ 126.99223001807276, 37.550068182941793 ], [ 126.992155588084373, 37.550109936197458 ], [ 126.99207161771325, 37.550138021509895 ], [ 126.992017475546788, 37.550154180044679 ], [ 126.991934803559047, 37.550169611845874 ], [ 126.991845384927245, 37.550174303223514 ], [ 126.991802363019971, 37.55017564216832 ], [ 126.991755965846551, 37.550182350725045 ], [ 126.991734869055989, 37.550187472014144 ], [ 126.991641704319804, 37.550220364847561 ], [ 126.99157366046424, 37.550256591590298 ], [ 126.991523935114756, 37.550288238306031 ], [ 126.991485589520934, 37.550311759930025 ], [ 126.991454182630079, 37.550339243790496 ], [ 126.99142068150222, 37.550380054021517 ], [ 126.991376645986463, 37.550444718877188 ], [ 126.991351518295218, 37.550490527603699 ], [ 126.991315326862804, 37.550541465611737 ], [ 126.991273973092802, 37.550590187623726 ], [ 126.991246753677345, 37.550621837072192 ], [ 126.991204391198167, 37.550656441343932 ], [ 126.991134907424581, 37.550699730573456 ], [ 126.991036963064801, 37.55074701313395 ], [ 126.990984616964155, 37.550781644370261 ], [ 126.990941945868585, 37.550820457949037 ], [ 126.990850050522369, 37.550911194786721 ], [ 126.990770847589104, 37.551033671914105 ], [ 126.990708332076792, 37.551123212990554 ], [ 126.990551722657187, 37.551210005418369 ], [ 126.990511808124538, 37.551231347079714 ], [ 126.990463388061073, 37.551259976046737 ], [ 126.990420855686395, 37.551290687737108 ], [ 126.990374399680675, 37.551314631699398 ], [ 126.990337103431841, 37.551330245949458 ], [ 126.990289253379459, 37.551345227590012 ], [ 126.990223886779745, 37.551364552114947 ], [ 126.990159679234154, 37.55137467219258 ], [ 126.990086217775684, 37.551379267364844 ], [ 126.990001305669949, 37.551379581668606 ], [ 126.989815837395895, 37.551379911216657 ], [ 126.989682379139609, 37.551380705203229 ], [ 126.989526549166655, 37.55139481972094 ], [ 126.989386572152299, 37.551425697696452 ], [ 126.989357828078653, 37.551431554784365 ], [ 126.989331981198177, 37.55143656072795 ], [ 126.989218361067785, 37.551477659357971 ], [ 126.989061583761924, 37.55153841655757 ], [ 126.988816892453656, 37.55160072103714 ], [ 126.988595039787398, 37.551644847318052 ], [ 126.988448234087812, 37.551626651868816 ], [ 126.988383990785508, 37.551618622318493 ], [ 126.988281853355815, 37.551605856487924 ], [ 126.988135328659183, 37.551586558769273 ], [ 126.988020459462348, 37.551570918910208 ], [ 126.98795708321822, 37.551562290067771 ], [ 126.987823595416046, 37.551537128909381 ], [ 126.987723192201656, 37.551522748220954 ], [ 126.987667914625035, 37.551511964999015 ], [ 126.987630686282515, 37.551505673512608 ], [ 126.987588774088479, 37.551535320184236 ], [ 126.987571569166676, 37.551566847426422 ], [ 126.987540666938514, 37.551608379449391 ], [ 126.987524479108146, 37.551635136959355 ], [ 126.98751892728535, 37.55167072543825 ], [ 126.987514960618029, 37.551701899249764 ], [ 126.987503408565544, 37.551750190986063 ], [ 126.987497860082527, 37.551767849746945 ], [ 126.98748744542047, 37.551785507929438 ], [ 126.987475107203167, 37.551801634197872 ], [ 126.987411834058634, 37.551869741559301 ], [ 126.987307019876795, 37.551983073630197 ], [ 126.987278721513761, 37.55201757816711 ], [ 126.98719733737083, 37.552105865418298 ], [ 126.987108251955689, 37.552223704168249 ], [ 126.987063879277144, 37.552280641358301 ], [ 126.986996756513832, 37.552354604459957 ], [ 126.986886507449242, 37.552475683999468 ], [ 126.986855833713804, 37.552502349518861 ], [ 126.986742534888364, 37.552591893868957 ], [ 126.986631723737233, 37.552690268130959 ], [ 126.986605914947134, 37.552722520339628 ], [ 126.986567085564332, 37.552785855071534 ], [ 126.986558142324881, 37.552800540086182 ], [ 126.986512067709242, 37.552875676858157 ], [ 126.986469949773905, 37.55297135670132 ], [ 126.986453533568337, 37.553004871458562 ], [ 126.986435986822144, 37.55303261972913 ], [ 126.986407460049676, 37.553073430955926 ], [ 126.986347350904211, 37.553154782698307 ], [ 126.986309315238927, 37.553208386744572 ], [ 126.986263924866421, 37.553255412597132 ], [ 126.986169747117287, 37.553358023217449 ], [ 126.986101493482622, 37.55341901138565 ], [ 126.986063349565299, 37.553447297502231 ], [ 126.98603765688614, 37.553462881272914 ], [ 126.986011172943464, 37.553473959981396 ], [ 126.985987858186633, 37.553482876723528 ], [ 126.985963524468275, 37.553493865605027 ], [ 126.985906706681888, 37.553526023468528 ], [ 126.985837552268279, 37.553563405411914 ], [ 126.98577654795136, 37.553591508199098 ], [ 126.985714638345456, 37.553619070239129 ], [ 126.985593420329167, 37.553681582694367 ], [ 126.985566141884988, 37.553702842388034 ], [ 126.985538184175539, 37.553725183172006 ], [ 126.98551215024068, 37.553747974705253 ], [ 126.985487927895946, 37.553766621922428 ], [ 126.985468007464434, 37.553778422191748 ], [ 126.985446277546032, 37.553784455872339 ], [ 126.985413683330762, 37.553790397968655 ], [ 126.985380862809265, 37.553796159826952 ], [ 126.98530888497541, 37.55380425888265 ], [ 126.985286024763596, 37.553803715148099 ], [ 126.985266108281479, 37.553797135178122 ], [ 126.98525241718653, 37.553785780812937 ], [ 126.9852271856291, 37.553761270393544 ], [ 126.985200370319305, 37.553733966679296 ], [ 126.985101029058114, 37.55363430336088 ], [ 126.985003382284532, 37.553549686735828 ], [ 126.984999841883067, 37.553546631882767 ], [ 126.984873375405243, 37.553437495161624 ], [ 126.984766337629551, 37.553346029485482 ], [ 126.984689393902642, 37.553295472974938 ], [ 126.98461716282705, 37.553239081372581 ], [ 126.984548491172205, 37.553197017789145 ], [ 126.984118155327693, 37.553086858617931 ], [ 126.983991933863848, 37.553061424808718 ], [ 126.983689350130291, 37.553102998067651 ], [ 126.983533100154361, 37.553182875117884 ], [ 126.983378286139171, 37.553262017873557 ], [ 126.98329445287311, 37.553358963261196 ], [ 126.983102657853195, 37.553364614250974 ], [ 126.982475360552897, 37.553489001012245 ], [ 126.98218106169972, 37.553635525419587 ], [ 126.981997149343229, 37.55380151256643 ], [ 126.981704910391116, 37.553874962189681 ], [ 126.981563587677925, 37.553847030212665 ], [ 126.981195141636675, 37.55381207291461 ], [ 126.980996839934065, 37.553819014987674 ], [ 126.980811315228252, 37.553854075277336 ], [ 126.980677741266661, 37.554055074459427 ], [ 126.980566538488404, 37.554242764420785 ], [ 126.980439984492151, 37.554394856105347 ], [ 126.980276112564596, 37.554560276501043 ], [ 126.979998779208557, 37.554689034566891 ], [ 126.979553772866012, 37.554808138331694 ], [ 126.979368612499826, 37.55482522796634 ], [ 126.97905782816828, 37.554808715375415 ], [ 126.978484470969534, 37.554698374164523 ], [ 126.977928721878399, 37.55501768893577 ], [ 126.977579947866545, 37.555155935166106 ], [ 126.977415699800829, 37.555206446406189 ], [ 126.977229055431906, 37.555261819060775 ], [ 126.977163156887599, 37.555302113988141 ], [ 126.977125841838898, 37.55532613479415 ], [ 126.977077784879356, 37.555383505320378 ], [ 126.977047207499126, 37.555523417360824 ], [ 126.976989187474558, 37.555636923779225 ], [ 126.976981312030361, 37.555725924655199 ], [ 126.976903323965232, 37.555865544778783 ], [ 126.976826859043399, 37.555977352501813 ], [ 126.976528016572502, 37.555535234128001 ], [ 126.976585383532424, 37.554988939835148 ], [ 126.976528822204841, 37.55312238296235 ], [ 126.975213501749266, 37.553486301080973 ], [ 126.974184165478121, 37.553622643937992 ], [ 126.974069967699123, 37.55316736225592 ], [ 126.974013805011296, 37.550390293823035 ], [ 126.972217589121598, 37.550300478079677 ], [ 126.972163705691003, 37.550055401449974 ], [ 126.971465863956212, 37.549338196490488 ], [ 126.971460219569892, 37.549332077324074 ], [ 126.971417653777507, 37.549288521579918 ], [ 126.97137580069338, 37.549245632735456 ], [ 126.971300378741176, 37.54918653546958 ], [ 126.971231360041557, 37.549132097921785 ], [ 126.971132317934817, 37.549053271790171 ], [ 126.97107618454227, 37.549009081735171 ], [ 126.971010933727513, 37.548956501070045 ], [ 126.970969767448764, 37.548923180783298 ], [ 126.97091158708065, 37.548876368235128 ], [ 126.970807283494466, 37.548792278675108 ], [ 126.970725587270323, 37.548725728208368 ], [ 126.970698550697961, 37.548703358552928 ], [ 126.9706452459383, 37.548798642470771 ], [ 126.970612880075166, 37.548856910116228 ], [ 126.970602755396499, 37.548876170658026 ], [ 126.970582563178127, 37.548913304227312 ], [ 126.970565348859452, 37.54894622193472 ], [ 126.970532281481283, 37.549020362134421 ], [ 126.970500812541985, 37.549082020412044 ], [ 126.970437511707146, 37.549130657291379 ], [ 126.970312772533987, 37.549157158583903 ], [ 126.970201036663923, 37.549181347646467 ], [ 126.97012037780047, 37.549199526249325 ], [ 126.97008771474097, 37.549206887667815 ], [ 126.969802036867108, 37.549204587639395 ], [ 126.969796891991592, 37.549221757346828 ], [ 126.969765554075778, 37.549335724303845 ], [ 126.96975922951728, 37.549359418669788 ], [ 126.969737562289765, 37.549431068664532 ], [ 126.96972173819934, 37.54949343100958 ], [ 126.969722047268903, 37.549511766261801 ], [ 126.96970349133889, 37.549584876691689 ], [ 126.969706644318236, 37.549573654796049 ], [ 126.969691419071708, 37.549632734085307 ], [ 126.969671503514917, 37.549717589461864 ], [ 126.969653982744774, 37.549796461097387 ], [ 126.96963113890051, 37.549893464637798 ], [ 126.969623564579848, 37.549928583223121 ], [ 126.969610958049401, 37.549981801358015 ], [ 126.969597524506895, 37.550037118576626 ], [ 126.969530939677568, 37.550326048373115 ], [ 126.969502420746551, 37.550461684834801 ], [ 126.96945423792971, 37.550666512052317 ], [ 126.96943530328268, 37.550750641441624 ], [ 126.969430654073079, 37.550772642376451 ], [ 126.969409848335474, 37.550865646011992 ], [ 126.969403501021503, 37.550889061039292 ], [ 126.969372829723312, 37.551028823409339 ], [ 126.969341681890242, 37.551171198511717 ], [ 126.969339832985924, 37.551181199006329 ], [ 126.969334617627979, 37.551203812455235 ], [ 126.969285357551257, 37.5514115224547 ], [ 126.969243803362488, 37.551594114909605 ], [ 126.969234105398556, 37.551645630911381 ], [ 126.969231985567561, 37.551654009546006 ], [ 126.969218687547354, 37.551708623969844 ], [ 126.969195639720368, 37.551811481075212 ], [ 126.969134015857051, 37.552075529257223 ], [ 126.969129853922425, 37.552095620208526 ], [ 126.96911194087042, 37.552170938116504 ], [ 126.969105705813575, 37.552195983946483 ], [ 126.969085023288471, 37.552263958014805 ], [ 126.969040468597115, 37.552447910043085 ], [ 126.96899750796824, 37.552609013365512 ], [ 126.968989877990865, 37.552666719713294 ], [ 126.968936980850344, 37.552880014654846 ], [ 126.968875845136012, 37.553144240283387 ], [ 126.968872936951527, 37.553455009129706 ], [ 126.968879534280418, 37.554013995341684 ], [ 126.96888351240105, 37.55406547813206 ], [ 126.968882694114882, 37.554177227744475 ], [ 126.968880008916258, 37.554313997341225 ], [ 126.968884590991948, 37.554368977039417 ], [ 126.968885165511821, 37.554478880000772 ], [ 126.968889679961478, 37.557388664865414 ], [ 126.968976208848204, 37.557608368095622 ], [ 126.968976861858607, 37.557616206887346 ], [ 126.969002506966021, 37.557669471462376 ], [ 126.969016308862621, 37.557708307924635 ], [ 126.969033275783517, 37.557756164164068 ], [ 126.969046704700517, 37.557793919331807 ], [ 126.969064265992486, 37.557844020996185 ], [ 126.969096428932559, 37.557936748891777 ], [ 126.969105811000489, 37.557963429775697 ], [ 126.969128589015938, 37.558028416311394 ], [ 126.969153549939122, 37.558091491540019 ], [ 126.969139129027084, 37.558619791932401 ], [ 126.969077118763167, 37.559563292153292 ], [ 126.968193793804517, 37.561460589317903 ], [ 126.967302106770191, 37.561210568343419 ], [ 126.967261185937716, 37.562088574088556 ], [ 126.967241603162833, 37.562545518557044 ], [ 126.966974652131469, 37.563363202729334 ], [ 126.966631128921222, 37.564182559243029 ], [ 126.966974126642725, 37.564501337134992 ], [ 126.965830284611897, 37.564546522997588 ], [ 126.965887237955528, 37.56504731965363 ], [ 126.965429200712805, 37.566094264467239 ], [ 126.964971329698315, 37.566777004424601 ], [ 126.965142819529873, 37.566959158857067 ], [ 126.963025582731788, 37.569098180567259 ], [ 126.960221593941768, 37.571737704151332 ], [ 126.961307839134918, 37.572648585639598 ], [ 126.962280214888622, 37.57260338772177 ], [ 126.963881713365026, 37.572649434226555 ], [ 126.964459157685781, 37.57301085072023 ], [ 126.964370089486067, 37.573072046628631 ], [ 126.964329372467063, 37.573116182195442 ], [ 126.964288655400011, 37.573160317747863 ], [ 126.964255131511308, 37.573194274398347 ], [ 126.964244030709665, 37.573208866890717 ], [ 126.964213901500599, 37.57324534736577 ], [ 126.964183087263777, 37.57329345035415 ], [ 126.96414094151217, 37.573364615025142 ], [ 126.964075458876025, 37.573471090987518 ], [ 126.964023576294849, 37.573545135685563 ], [ 126.963973175922433, 37.573586565988919 ], [ 126.963966934646066, 37.573628278818774 ], [ 126.963930350742089, 37.573668721509996 ], [ 126.963898527816795, 37.573696011291197 ], [ 126.963846208033274, 37.573738431112716 ], [ 126.963759349591328, 37.573805707120187 ], [ 126.963686075483096, 37.573872086429525 ], [ 126.963619704870197, 37.573941621364604 ], [ 126.96358833086164, 37.57397611910357 ], [ 126.963560801433957, 37.574018907153494 ], [ 126.963537679430402, 37.574076202510398 ], [ 126.96351387109074, 37.57414746294441 ], [ 126.963508523091832, 37.574201700657852 ], [ 126.963512129491633, 37.574233236374006 ], [ 126.963521845491826, 37.574271171066073 ], [ 126.963543329505015, 37.574318750106862 ], [ 126.96356356344161, 37.574375969305223 ], [ 126.963572144503942, 37.574419760044513 ], [ 126.96357268724114, 37.574465620470185 ], [ 126.963557675629744, 37.574601664717548 ], [ 126.963550615794048, 37.574683111692266 ], [ 126.963533359558696, 37.574780773154849 ], [ 126.963522690725966, 37.574835639841993 ], [ 126.963517687370967, 37.574879876702646 ], [ 126.96350438157458, 37.575000244305883 ], [ 126.963482659824436, 37.575197193101211 ], [ 126.96347686166753, 37.575246024735677 ], [ 126.963470961347454, 37.575273142546827 ], [ 126.963457247440743, 37.575305393465335 ], [ 126.963426875315804, 37.575371876518744 ], [ 126.963406251467475, 37.575413044973402 ], [ 126.963396955028884, 37.575440161683645 ], [ 126.963393093231673, 37.575465478174053 ], [ 126.963384810920346, 37.575501785278917 ], [ 126.963369736708401, 37.575537549596248 ], [ 126.963353639977925, 37.575580521477463 ], [ 126.963336639951493, 37.57561889802998 ], [ 126.963315114733845, 37.575651506798295 ], [ 126.963291326404047, 37.575682222756896 ], [ 126.963252474255256, 37.575728160510096 ], [ 126.963238877847317, 37.575751671864367 ], [ 126.963209421357149, 37.575797882945096 ], [ 126.963195933001288, 37.575831395285356 ], [ 126.96317859507451, 37.57586616775562 ], [ 126.963166586837929, 37.575883102411431 ], [ 126.963144270017267, 37.575913818817185 ], [ 126.963136675495534, 37.575933097470688 ], [ 126.963133608228503, 37.575954089471047 ], [ 126.963137335525971, 37.575970488646625 ], [ 126.963143212211833, 37.575989771679204 ], [ 126.963144108361988, 37.576008242204274 ], [ 126.963141154251275, 37.576029324340041 ], [ 126.96312312458798, 37.576088333126421 ], [ 126.96311586414825, 37.576118333631911 ], [ 126.963111210997724, 37.576141307286505 ], [ 126.963106215086114, 37.576170407540836 ], [ 126.963102122764539, 37.57620347243158 ], [ 126.96309135215229, 37.576235093569231 ], [ 126.963063463927, 37.576313019861352 ], [ 126.963046232402547, 37.576360676457455 ], [ 126.9630400011267, 37.576370495184449 ], [ 126.963026408662401, 37.576385987729047 ], [ 126.963003419137578, 37.576403639575354 ], [ 126.962970349324578, 37.576431198982547 ], [ 126.962955398942185, 37.576445609891074 ], [ 126.962943729012679, 37.576464797100378 ], [ 126.962933182519265, 37.576500652934001 ], [ 126.962920353049086, 37.576573088089305 ], [ 126.96291865093751, 37.576580926119036 ], [ 126.962906963113895, 37.576634711216037 ], [ 126.962909789597276, 37.576641739838379 ], [ 126.962918612337916, 37.57665570802056 ], [ 126.962930376074794, 37.576674182097925 ], [ 126.962971203199814, 37.576751229815969 ], [ 126.963023340078166, 37.57684927420167 ], [ 126.963079891807865, 37.576947860592426 ], [ 126.963095835048279, 37.576984175553065 ], [ 126.963099667678378, 37.577015981636499 ], [ 126.963091724436012, 37.577052739314908 ], [ 126.963077443642462, 37.577085710784331 ], [ 126.963062599312281, 37.577113816739349 ], [ 126.963043453218475, 37.57714183119176 ], [ 126.963022154679535, 37.577172818195606 ], [ 126.963011499789673, 37.577199213634842 ], [ 126.962982255487731, 37.577271643432923 ], [ 126.962956757969508, 37.577322630960772 ], [ 126.962940194314854, 37.577391731237086 ], [ 126.962922162768521, 37.577453442938705 ], [ 126.962918649764163, 37.577460469487043 ], [ 126.962904597740135, 37.577488575679439 ], [ 126.962883635869233, 37.577524968687186 ], [ 126.962869701356368, 37.57754469573657 ], [ 126.962851353530965, 37.577561087687691 ], [ 126.962821796682391, 37.577580629415991 ], [ 126.962769141701088, 37.577608092241114 ], [ 126.962724414745452, 37.577628529951333 ], [ 126.9626779911261, 37.577646174027414 ], [ 126.962609380370367, 37.577661378110456 ], [ 126.962535673671013, 37.577679733924597 ], [ 126.962461057286887, 37.577705747779049 ], [ 126.962369911294559, 37.577734549164852 ], [ 126.962324732888007, 37.577752013317209 ], [ 126.962289403776253, 37.577768759936134 ], [ 126.962232220312913, 37.577796040818583 ], [ 126.962231200841558, 37.577797211762054 ], [ 126.96220967470363, 37.577829459921425 ], [ 126.96216856631905, 37.577857016420161 ], [ 126.962087469503103, 37.577934924712288 ], [ 126.96199153584034, 37.578025351695977 ], [ 126.961955221456662, 37.57806381797041 ], [ 126.961891743175315, 37.578108526164179 ], [ 126.961839630497337, 37.578145231075425 ], [ 126.961772786310235, 37.578192310371115 ], [ 126.961608844145715, 37.578288784070494 ], [ 126.961350799645814, 37.578454088869428 ], [ 126.96130806641942, 37.578485218726506 ], [ 126.961270220729176, 37.57853030741812 ], [ 126.961244574741016, 37.578599661126191 ], [ 126.961191541952743, 37.578792084748514 ], [ 126.961132748500859, 37.578930685938367 ], [ 126.961030221190782, 37.578996465184083 ], [ 126.960977453823872, 37.579023534334304 ], [ 126.960970813444632, 37.579026957604562 ], [ 126.960968324365339, 37.57902836859553 ], [ 126.960961683985275, 37.579031791865248 ], [ 126.960959653224933, 37.579033522863725 ], [ 126.960953012843532, 37.579036947033941 ], [ 126.960950720739774, 37.57903836890403 ], [ 126.96094408035799, 37.579041792172774 ], [ 126.960941679580543, 37.579043202292532 ], [ 126.960935379745067, 37.579047011300062 ], [ 126.960932949627505, 37.57904824751914 ], [ 126.960926309244073, 37.579051670786889 ], [ 126.960924016007311, 37.579053092656068 ], [ 126.960917376755077, 37.579056515923703 ], [ 126.960914975976124, 37.579057926943882 ], [ 126.960908676138573, 37.579061735049009 ], [ 126.960906276534885, 37.579063065881613 ], [ 126.960899636148937, 37.579066489147841 ], [ 126.960897418600098, 37.579068206566134 ], [ 126.960890779345334, 37.579071629832256 ], [ 126.960888486107265, 37.579073051700767 ], [ 126.960881846851649, 37.579076474966342 ], [ 126.960879446071402, 37.579077885985811 ], [ 126.960873146229858, 37.579081694989995 ], [ 126.960870745492826, 37.579083025821511 ], [ 126.960864106235533, 37.579086449086127 ], [ 126.960862016611514, 37.579088164745798 ], [ 126.960855032322215, 37.579091121180049 ], [ 126.960852594264608, 37.579092380820398 ], [ 126.960845608842433, 37.579095337253662 ], [ 126.960843065511199, 37.579096577936831 ], [ 126.960836377604238, 37.579099941717971 ], [ 126.960833842239907, 37.579101104017859 ], [ 126.960826856816212, 37.579104060450028 ], [ 126.960824295288191, 37.579105453393232 ], [ 126.960817310995765, 37.579108409825224 ], [ 126.96081487293695, 37.579109669464778 ], [ 126.960807887511706, 37.579112625895803 ], [ 126.960805344179235, 37.579113866578147 ], [ 126.960798656269077, 37.579117230357163 ], [ 126.960796120904064, 37.579118391755223 ], [ 126.960789135477228, 37.579121348185154 ], [ 126.960786697417518, 37.579122607824111 ], [ 126.960779711989957, 37.579125564253488 ], [ 126.960777168656094, 37.579126805836225 ], [ 126.960770480743975, 37.579130168712631 ], [ 126.96076821585396, 37.579131498687929 ], [ 126.960761231556901, 37.579134455116595 ], [ 126.960758717826522, 37.579135384967792 ], [ 126.960751732396645, 37.579138341395492 ], [ 126.960749189062369, 37.579139582076614 ], [ 126.960742501147379, 37.579142945852425 ], [ 126.96073998724647, 37.579144187444477 ], [ 126.960733299330641, 37.579147551219762 ], [ 126.960730200321052, 37.579148465551384 ], [ 126.960723511272818, 37.579151828424735 ], [ 126.960721348495881, 37.57915274217865 ], [ 126.960714660578446, 37.579156105952883 ], [ 126.96071180489875, 37.579157143803265 ], [ 126.960705116980478, 37.579160507576951 ], [ 126.960702603078374, 37.579161749168215 ], [ 126.960695915159278, 37.579165112941382 ], [ 126.960693062822585, 37.57916624719801 ], [ 126.960686374902679, 37.579169610970624 ], [ 126.960683956184951, 37.579170687713884 ], [ 126.960677268264234, 37.579174051485978 ], [ 126.960674790585401, 37.579175297594119 ], [ 126.960668102663831, 37.579178661365688 ], [ 126.960665588760492, 37.579179902956177 ], [ 126.960658900838112, 37.579183266727227 ], [ 126.960656423159179, 37.579184511933995 ], [ 126.960649735235961, 37.579187875704498 ], [ 126.960643214770144, 37.579193475781153 ], [ 126.960637825796084, 37.579198086065084 ], [ 126.960635069131115, 37.579200232161327 ], [ 126.960629680156032, 37.579204842444874 ], [ 126.960627684490234, 37.579206550925043 ], [ 126.960622295514227, 37.579211161208271 ], [ 126.960620302208341, 37.579212693996773 ], [ 126.960614914363518, 37.579217304280043 ], [ 126.960612917565442, 37.579219011858584 ], [ 126.960607529719724, 37.579223622141527 ], [ 126.960605496692637, 37.579225333311328 ], [ 126.960600108846009, 37.579229943593909 ], [ 126.960598112047265, 37.579231651172179 ], [ 126.960592724199728, 37.57923626145444 ], [ 126.960590618800964, 37.579237822134161 ], [ 126.960585230952503, 37.579242432416024 ], [ 126.96058324547883, 37.579244130988123 ], [ 126.96047386568992, 37.579370058129747 ], [ 126.960402439538839, 37.579459618360367 ], [ 126.960374019713981, 37.579494409061134 ], [ 126.960346933372989, 37.579521139094012 ], [ 126.960309872054935, 37.579550145134782 ], [ 126.960303744576748, 37.579557418461334 ], [ 126.960261904539379, 37.579601031412722 ], [ 126.960257561614853, 37.579605548341924 ], [ 126.960253042044087, 37.579610137288157 ], [ 126.960239594528844, 37.57962344105762 ], [ 126.960206953348077, 37.579653503666144 ], [ 126.960189760592712, 37.579669340594002 ], [ 126.960164545090663, 37.57969266100551 ], [ 126.960163270334803, 37.579694746342561 ], [ 126.96015980753279, 37.579700407829172 ], [ 126.960158914246051, 37.579702575289581 ], [ 126.960155451443342, 37.579708236776071 ], [ 126.960153792947921, 37.579710249899648 ], [ 126.960150671967241, 37.579716035841905 ], [ 126.960149228529517, 37.579718120218693 ], [ 126.960145765725343, 37.579723781704864 ], [ 126.960144565627658, 37.579725973384271 ], [ 126.96014110282276, 37.579731634870313 ], [ 126.960139820134501, 37.579733731917152 ], [ 126.960136357328906, 37.579739393403059 ], [ 126.960135081439361, 37.579741478739379 ], [ 126.96013161976515, 37.579747140225521 ], [ 126.960130343875363, 37.579749225561784 ], [ 126.960126881068334, 37.579754887047415 ], [ 126.96012560517282, 37.579756982294498 ], [ 126.960122484187963, 37.579762768235931 ], [ 126.960118130453935, 37.579770418786886 ], [ 126.960114250741299, 37.579778655145091 ], [ 126.960110162873534, 37.579786619332253 ], [ 126.960106069262565, 37.579794731279009 ], [ 126.960101887438356, 37.579802679215142 ], [ 126.960097706745813, 37.579810626250541 ], [ 126.960093524920296, 37.579818573285358 ], [ 126.96008942798089, 37.579826556389264 ], [ 126.960085362643866, 37.579834711592547 ], [ 126.960081281596445, 37.579842614513936 ], [ 126.960077111157247, 37.579850437216002 ], [ 126.960073017571645, 37.579858490597424 ], [ 126.960069106205324, 37.579866628735395 ], [ 126.960064954939142, 37.579874577581847 ], [ 126.960060781039729, 37.579882509301427 ], [ 126.960056839167223, 37.579890533903978 ], [ 126.960052897293835, 37.579898558506336 ], [ 126.960048954287515, 37.579906583108169 ], [ 126.960044461189497, 37.579914414705534 ], [ 126.960037854219948, 37.579920656219954 ], [ 126.960031586422204, 37.579927718651795 ], [ 126.960025377481188, 37.57993480092567 ], [ 126.960019218254658, 37.579942057107104 ], [ 126.960013082860954, 37.579949205178195 ], [ 126.96000696451101, 37.579956238829681 ], [ 126.960000838200216, 37.579963335547113 ], [ 126.95999471529359, 37.57997041604763 ], [ 126.959992727462435, 37.579972223628083 ], [ 126.959987052096608, 37.579976609435313 ], [ 126.959979284851727, 37.579982611776792 ], [ 126.959971674786644, 37.579988938528174 ], [ 126.95996400021383, 37.579995223810968 ], [ 126.959956269167691, 37.580001270311996 ], [ 126.959948986382102, 37.580007403465046 ], [ 126.959941217931231, 37.580013527436705 ], [ 126.959933665731924, 37.580019610939665 ], [ 126.959926061404886, 37.580025784522405 ], [ 126.959901780883783, 37.580042873983913 ], [ 126.959877620251405, 37.580060147283888 ], [ 126.959861336573653, 37.5800716201054 ], [ 126.959845126432995, 37.580083172237423 ], [ 126.959829126893041, 37.580094660471559 ], [ 126.959820949937708, 37.580100422995436 ], [ 126.959812077705791, 37.58010445628026 ], [ 126.959793318409822, 37.580113364911448 ], [ 126.9597657249778, 37.580126997891014 ], [ 126.959737403687527, 37.580140468428922 ], [ 126.959728226612441, 37.5801450376864 ], [ 126.959725868613532, 37.580146774854363 ], [ 126.959712112490337, 37.580156899773314 ], [ 126.959695782238725, 37.580168571673298 ], [ 126.95968790070792, 37.580174396460606 ], [ 126.95967170751733, 37.58018591704009 ], [ 126.959669096932288, 37.580187878462944 ], [ 126.959664241974707, 37.580192850186457 ], [ 126.959662295347002, 37.58019585518678 ], [ 126.959652694772188, 37.580208661105452 ], [ 126.959641599839941, 37.580223458574054 ], [ 126.959625081423454, 37.580245609769634 ], [ 126.959613765632525, 37.580260564829743 ], [ 126.959602151193536, 37.580275108031948 ], [ 126.959584738493447, 37.580297083211782 ], [ 126.959567204792975, 37.580318800663882 ], [ 126.959561484712466, 37.580326115541091 ], [ 126.959558884812125, 37.580327179582873 ], [ 126.95954357285305, 37.580335774955053 ], [ 126.959523498903394, 37.580347045461714 ], [ 126.959508194852816, 37.580355655247878 ], [ 126.959490502453662, 37.580365587730682 ], [ 126.959472810049277, 37.580375521111797 ], [ 126.959463963279262, 37.580380487801158 ], [ 126.95945546822162, 37.580386112335219 ], [ 126.959447276560795, 37.580391745986603 ], [ 126.959423419944301, 37.580409555387739 ], [ 126.95939962230652, 37.580427150370305 ], [ 126.959367851363254, 37.580450586298625 ], [ 126.959351755063594, 37.580462746568536 ], [ 126.959343585639516, 37.580467062978613 ], [ 126.959325918263133, 37.580476703525939 ], [ 126.959299259133644, 37.580491390883452 ], [ 126.95928996233998, 37.580495332977279 ], [ 126.959280731175724, 37.580499330955021 ], [ 126.959232030476187, 37.580519134318102 ], [ 126.95918332130266, 37.580537862781306 ], [ 126.959134549888574, 37.580556503806335 ], [ 126.959095426816774, 37.580572140786494 ], [ 126.959066045531159, 37.580583716007148 ], [ 126.959045817308336, 37.580589303856051 ], [ 126.959024949505363, 37.58059478245189 ], [ 126.959003326699289, 37.580600060753198 ], [ 126.958992527838518, 37.580603536472651 ], [ 126.958982451740866, 37.580606166425405 ], [ 126.958972707955269, 37.580609720909024 ], [ 126.958952749669351, 37.580616401735583 ], [ 126.958932495747021, 37.580623351847059 ], [ 126.958902859131868, 37.580633924137096 ], [ 126.958863142441345, 37.580648113841825 ], [ 126.958843377521788, 37.580655151510285 ], [ 126.958833495626905, 37.580658669892983 ], [ 126.958823381248962, 37.580660906988307 ], [ 126.958813025550242, 37.580663462043582 ], [ 126.958782062408986, 37.580671467814447 ], [ 126.958751140153936, 37.580679233929622 ], [ 126.958730489838786, 37.580684415226649 ], [ 126.958678115605579, 37.580695585580472 ], [ 126.958646743370437, 37.580702272123411 ], [ 126.958636372384518, 37.580705800222788 ], [ 126.958616394720622, 37.580712614331311 ], [ 126.958596486115198, 37.580719422154623 ], [ 126.958576593358231, 37.580726225475431 ], [ 126.958556757280689, 37.580730923208577 ], [ 126.95853546100318, 37.580735237487573 ], [ 126.958503851301487, 37.580739425471108 ], [ 126.958482388644413, 37.580741693540055 ], [ 126.958450275182685, 37.580745823662461 ], [ 126.958418185259006, 37.580750357426574 ], [ 126.958375265795212, 37.580756504495035 ], [ 126.958332381058327, 37.580761317199915 ], [ 126.958300134667184, 37.5807662364968 ], [ 126.958268222315368, 37.580771031571167 ], [ 126.958236321249771, 37.580775879799191 ], [ 126.958204680836644, 37.580780258700408 ], [ 126.958193363920032, 37.580780896049838 ], [ 126.958187689397519, 37.580781585023615 ], [ 126.95815846837732, 37.580778009992734 ], [ 126.958147419773596, 37.580776689593144 ], [ 126.958141814149116, 37.580775703656549 ], [ 126.958135103818847, 37.580772368442538 ], [ 126.95812605985283, 37.580767707920558 ], [ 126.958107695578164, 37.580758579583993 ], [ 126.958098513442494, 37.58075401541462 ], [ 126.958091215978371, 37.580747997746045 ], [ 126.958075700695986, 37.58073588458398 ], [ 126.95806740708116, 37.580729695359906 ], [ 126.958055051440269, 37.580719660131408 ], [ 126.958051747173641, 37.580715158488374 ], [ 126.958040691699125, 37.580704256988234 ], [ 126.958034680330471, 37.580700163395448 ], [ 126.958025329458152, 37.580695709979508 ], [ 126.958006683104131, 37.58068695092755 ], [ 126.958002041617206, 37.580686696039557 ], [ 126.957983309481634, 37.58068722341784 ], [ 126.957950826691601, 37.580687909698682 ], [ 126.957940003622895, 37.580688139059298 ], [ 126.957936935227721, 37.580688803755422 ], [ 126.957918472233985, 37.58068984298297 ], [ 126.957907676091054, 37.580690491309191 ], [ 126.957885962551515, 37.580691989734774 ], [ 126.957875362296505, 37.580692579566339 ], [ 126.957864551462293, 37.58069318193288 ], [ 126.957861824366191, 37.580692928648254 ], [ 126.957842926160538, 37.580690915161547 ], [ 126.957821456008105, 37.580688563750968 ], [ 126.957797802191749, 37.580685925915112 ], [ 126.957784893696157, 37.580684368734353 ], [ 126.957773397846267, 37.580683193192868 ], [ 126.957762651460214, 37.580682001710286 ], [ 126.957760916489292, 37.58068106584345 ], [ 126.957753851542208, 37.580678231424642 ], [ 126.957750966105195, 37.580677716792721 ], [ 126.957743901158281, 37.580674883274305 ], [ 126.957734064118213, 37.580671309017589 ], [ 126.957724294996439, 37.580667750102045 ], [ 126.957720994155906, 37.580667101068343 ], [ 126.957713814758151, 37.580664455811771 ], [ 126.957704592631586, 37.580660579049379 ], [ 126.957701706517028, 37.580659290468816 ], [ 126.957694523720704, 37.58065665151674 ], [ 126.957691714270652, 37.580655907160057 ], [ 126.957684531474953, 37.580653268207364 ], [ 126.957681885181955, 37.580652295961535 ], [ 126.957674701254376, 37.580649657908793 ], [ 126.957672038975304, 37.580648919012241 ], [ 126.957635453957693, 37.580635234753373 ], [ 126.957616294130545, 37.580627651235929 ], [ 126.957597118955263, 37.580619220782545 ], [ 126.957572625916725, 37.580605641912818 ], [ 126.957545828586277, 37.580590933243926 ], [ 126.957534559089979, 37.580584129302096 ], [ 126.957498684473634, 37.58056957040769 ], [ 126.957469335834517, 37.580557980885494 ], [ 126.957459323677099, 37.580553846127025 ], [ 126.957440923979902, 37.58054357972749 ], [ 126.95741307833417, 37.580528931002995 ], [ 126.957386489394096, 37.580514180930194 ], [ 126.957368352112937, 37.580504340783932 ], [ 126.957354249741442, 37.580492433479876 ], [ 126.957331181747776, 37.580473714065064 ], [ 126.957309477010284, 37.580454668098177 ], [ 126.957285768038375, 37.580436339462416 ], [ 126.957262387210022, 37.580418310973279 ], [ 126.957246188460445, 37.58040599562441 ], [ 126.957238647661327, 37.580400038177601 ], [ 126.95722983578311, 37.580384068493508 ], [ 126.957220646810569, 37.580368281567416 ], [ 126.957218557335423, 37.580363811891175 ], [ 126.957224894061937, 37.580349833664108 ], [ 126.957235468761979, 37.580325415495928 ], [ 126.957242524603686, 37.580309123804696 ], [ 126.957245506120515, 37.58030029976176 ], [ 126.957248260894417, 37.580292019829464 ], [ 126.95725704263802, 37.580267085622523 ], [ 126.957256806597726, 37.580266125082602 ], [ 126.957254892103222, 37.580262492488856 ], [ 126.957250192320998, 37.580247931688298 ], [ 126.95724445895604, 37.580231421666433 ], [ 126.957232652994477, 37.580195830980436 ], [ 126.957224934212803, 37.580173121426576 ], [ 126.957224252862062, 37.58017091916026 ], [ 126.95722344146148, 37.580164656099676 ], [ 126.957222258538053, 37.58014725580734 ], [ 126.957222142230862, 37.58013910724307 ], [ 126.957221162439751, 37.580130441188629 ], [ 126.957217776532659, 37.580101446176961 ], [ 126.957217010804939, 37.580100261092547 ], [ 126.957174182298829, 37.580071853130143 ], [ 126.95717263032958, 37.580071624597622 ], [ 126.957168504960478, 37.580075455843868 ], [ 126.957140103454563, 37.580101248519057 ], [ 126.957127248960361, 37.580113804336925 ], [ 126.957125460661743, 37.580116918374323 ], [ 126.957119346904648, 37.580136708943435 ], [ 126.957114179129405, 37.580153442821313 ], [ 126.957113234276449, 37.580156499512618 ], [ 126.957113548437832, 37.580157445666444 ], [ 126.957115301939652, 37.580161457517242 ], [ 126.957117816981409, 37.580169892596473 ], [ 126.957124962072626, 37.580188255583487 ], [ 126.957131260388749, 37.580204658606299 ], [ 126.957132769503048, 37.580210335387697 ], [ 126.957133755249373, 37.580216582296636 ], [ 126.95713377296812, 37.580219154619314 ], [ 126.957135238886409, 37.580230850874202 ], [ 126.957137079556176, 37.58024250312161 ], [ 126.957138828294347, 37.580256453750529 ], [ 126.95714038236342, 37.580270317811525 ], [ 126.957141600754071, 37.580273709582116 ], [ 126.95714098462328, 37.580285606875073 ], [ 126.957139555781964, 37.580302994473179 ], [ 126.957138772098119, 37.580314894406044 ], [ 126.957138945241056, 37.580316917185435 ], [ 126.957131753003594, 37.580339806742053 ], [ 126.95712451190289, 37.580364903696264 ], [ 126.957118720348177, 37.580381598596666 ], [ 126.957117693047593, 37.580384320990945 ], [ 126.957116471742196, 37.58039918139994 ], [ 126.957115058856942, 37.580416376192346 ], [ 126.957113782574822, 37.580436118124375 ], [ 126.957113142022934, 37.580451001276316 ], [ 126.957115939161142, 37.580468642739334 ], [ 126.957120085372168, 37.580494576486579 ], [ 126.957124002408207, 37.580511806619754 ], [ 126.957128646901936, 37.580537484673798 ], [ 126.957130446431862, 37.580545980750223 ], [ 126.957134506329353, 37.580562855046999 ], [ 126.957138394951514, 37.580580284286789 ], [ 126.957140755817051, 37.580591008713114 ], [ 126.957146921093525, 37.580614180793916 ], [ 126.957149202839375, 37.580622786070542 ], [ 126.957149493446863, 37.580625272901926 ], [ 126.957156634685333, 37.580638766954273 ], [ 126.957161426615187, 37.58064685961169 ], [ 126.957162421395267, 37.580647433913725 ], [ 126.957165678834542, 37.580650624629058 ], [ 126.957169922053254, 37.580656204229236 ], [ 126.957175556298523, 37.580662343864255 ], [ 126.957179585645846, 37.580667763008172 ], [ 126.957181710422702, 37.580669985638373 ], [ 126.957185739771404, 37.580675403881095 ], [ 126.957191252127743, 37.580682819266116 ], [ 126.95719230808551, 37.580683320611001 ], [ 126.957195769013595, 37.580685095952418 ], [ 126.957205117406957, 37.580689826035936 ], [ 126.957211781236694, 37.580693220750469 ], [ 126.957221677680323, 37.580697767237169 ], [ 126.957222903710615, 37.580697836172149 ], [ 126.957228260503527, 37.580698400397452 ], [ 126.957239618241928, 37.580699556118539 ], [ 126.957250485640984, 37.580699032216224 ], [ 126.957261242242268, 37.580698256896241 ], [ 126.957282806389983, 37.580696704470405 ], [ 126.957293089668468, 37.580696101058493 ], [ 126.957303895305827, 37.580696637589 ], [ 126.957314902460894, 37.580697169689024 ], [ 126.957325995697175, 37.580697632444306 ], [ 126.957333891906998, 37.580698024626074 ], [ 126.957336600603469, 37.580698759042676 ], [ 126.95734030048304, 37.580700411034165 ], [ 126.957357977571817, 37.580705518131403 ], [ 126.957368031191365, 37.580708481631724 ], [ 126.957378194622294, 37.580711451479161 ], [ 126.957391196633324, 37.580715681965593 ], [ 126.957411280891506, 37.580722193691209 ], [ 126.957428486805014, 37.580727688926892 ], [ 126.957448719594439, 37.580733829495273 ], [ 126.957468990843779, 37.580740029539598 ], [ 126.957488519115557, 37.580746770796075 ], [ 126.957507915341509, 37.580754743648306 ], [ 126.957526298127434, 37.580763070207311 ], [ 126.957544543290794, 37.58077248780652 ], [ 126.957563160968689, 37.580781826254835 ], [ 126.957619114816382, 37.58080786485565 ], [ 126.957657653464977, 37.580824278932425 ], [ 126.957677582499784, 37.580831092385345 ], [ 126.95769745493071, 37.580837909417838 ], [ 126.957719530811175, 37.580846040001482 ], [ 126.957736300235652, 37.580852693698567 ], [ 126.957748863842255, 37.580857476287512 ], [ 126.957765883739441, 37.580863666065341 ], [ 126.957778380694549, 37.580868210766056 ], [ 126.957805270488507, 37.580877990120023 ], [ 126.957817952935713, 37.580882840319561 ], [ 126.957828084502808, 37.580886163302999 ], [ 126.957837989651665, 37.580889481696822 ], [ 126.957847928478387, 37.580893290238834 ], [ 126.957856862001648, 37.580897083992397 ], [ 126.95786812336668, 37.580904372630691 ], [ 126.957884027910865, 37.580914863287326 ], [ 126.957906188227085, 37.580933582257444 ], [ 126.957920641185282, 37.580946413135081 ], [ 126.957925926381904, 37.580953311235511 ], [ 126.957931136492036, 37.580960840899309 ], [ 126.957936357913852, 37.580968388586783 ], [ 126.957947097313664, 37.580983586782885 ], [ 126.957952142096374, 37.580991191166547 ], [ 126.957952549896845, 37.580992721191663 ], [ 126.957952536502177, 37.581007937943134 ], [ 126.957952293804993, 37.581010611079684 ], [ 126.957953028288529, 37.581016880412911 ], [ 126.957954934867075, 37.581034190863825 ], [ 126.957955294275123, 37.581037169656895 ], [ 126.957958300034306, 37.581042993840008 ], [ 126.957959254044582, 37.581043611367583 ], [ 126.957963055869655, 37.581047164458028 ], [ 126.957963855839935, 37.581047907165818 ], [ 126.958060804492334, 37.581228585223542 ], [ 126.958065955611929, 37.581251963206448 ], [ 126.958075373897472, 37.581294445468501 ], [ 126.958079123792558, 37.58131141692315 ], [ 126.958078564413313, 37.581313561965409 ], [ 126.958073665408079, 37.581314148506543 ], [ 126.958067934248305, 37.581316768267016 ], [ 126.958061060910808, 37.581321116599227 ], [ 126.958051656240301, 37.581327276783213 ], [ 126.95804255305471, 37.581332846030506 ], [ 126.958038917387427, 37.581333607826799 ], [ 126.958031750649781, 37.58133631715539 ], [ 126.958027211025026, 37.581337987713354 ], [ 126.958020747668485, 37.581342062294453 ], [ 126.958016201452608, 37.58134533119906 ], [ 126.958015172723918, 37.581346649863697 ], [ 126.957981425216474, 37.581479301328265 ], [ 126.957957169501896, 37.581638784046049 ], [ 126.957861780778572, 37.58170990779152 ], [ 126.9578509513819, 37.581742041059911 ], [ 126.957848970401571, 37.581745518133523 ], [ 126.957846046109339, 37.581751368055528 ], [ 126.957837696475892, 37.581767267371156 ], [ 126.957829455464747, 37.581783265834829 ], [ 126.957827581773699, 37.581785250914756 ], [ 126.957820766213686, 37.581799119974164 ], [ 126.957812880652526, 37.581815169023379 ], [ 126.957790724298746, 37.581862827487889 ], [ 126.957771159303107, 37.581902826724452 ], [ 126.957763620141975, 37.581918890314235 ], [ 126.957759356546504, 37.581926650729002 ], [ 126.957758314765002, 37.581928972183952 ], [ 126.957755868134512, 37.58193496013147 ], [ 126.957752520173216, 37.581943153358736 ], [ 126.957751688983393, 37.581945446060153 ], [ 126.957745980489676, 37.581959526356023 ], [ 126.957745249844436, 37.581962184895012 ], [ 126.957742909353101, 37.581970582118394 ], [ 126.957737339362026, 37.58199366872195 ], [ 126.957733254931085, 37.58201059042851 ], [ 126.957732759853627, 37.58201310129305 ], [ 126.957730757156682, 37.582028507412005 ], [ 126.957727720125121, 37.582045112359665 ], [ 126.957725363193219, 37.5820622419334 ], [ 126.95772300626021, 37.582079371507014 ], [ 126.957722406943915, 37.582082022886659 ], [ 126.957721545125182, 37.582088281717056 ], [ 126.957721671853818, 37.582090333309345 ], [ 126.957719282945106, 37.582096335693144 ], [ 126.957715987087937, 37.582104464968452 ], [ 126.957709308144246, 37.582120814485947 ], [ 126.957706039406332, 37.582129028463669 ], [ 126.957702770667694, 37.58213724244132 ], [ 126.957699064707271, 37.582145831066754 ], [ 126.957698136452564, 37.58214760836767 ], [ 126.957680774303441, 37.582166627142918 ], [ 126.957661944857207, 37.582187659975261 ], [ 126.957660575114772, 37.582189362330006 ], [ 126.957654858706789, 37.582193714671654 ], [ 126.957647053718986, 37.58219965737819 ], [ 126.95763923174006, 37.58220561359267 ], [ 126.957631408628316, 37.58221156890523 ], [ 126.957615762400025, 37.582223481330743 ], [ 126.957612955941059, 37.582225256130485 ], [ 126.957607925299996, 37.582230115980011 ], [ 126.957606061889507, 37.582231916357976 ], [ 126.957587263529959, 37.582250075044236 ], [ 126.957573494674833, 37.582263374780233 ], [ 126.957571544144315, 37.582265080521637 ], [ 126.957561822973659, 37.582277828557601 ], [ 126.957550751058548, 37.582292688000877 ], [ 126.957545133623839, 37.582300053271268 ], [ 126.957540413601805, 37.582308040556065 ], [ 126.957536867955966, 37.582317344618751 ], [ 126.957534192360214, 37.582325672336701 ], [ 126.957531511091517, 37.582334019874125 ], [ 126.95752882982228, 37.582342367411478 ], [ 126.957526052324425, 37.582350709506976 ], [ 126.957523185435306, 37.58235897048035 ], [ 126.957522733342969, 37.582361526409194 ], [ 126.957520834287564, 37.582370021999537 ], [ 126.957515657001622, 37.582393187123209 ], [ 126.957509999480976, 37.582418627958184 ], [ 126.957500582578163, 37.582460637424603 ], [ 126.957498686922051, 37.582469119500921 ], [ 126.957498359269451, 37.582471834049578 ], [ 126.957497626140011, 37.582480611181801 ], [ 126.957497441902447, 37.582489715576592 ], [ 126.957500939455812, 37.582504431784095 ], [ 126.957507295072659, 37.582529742850298 ], [ 126.957517536251032, 37.582572245276026 ], [ 126.957523882763837, 37.582597655446136 ], [ 126.957529449758837, 37.582614486136826 ], [ 126.957534945527755, 37.582631153722225 ], [ 126.957540441299145, 37.582647821307312 ], [ 126.957549527741975, 37.582672982923299 ], [ 126.957570418538381, 37.58272200704198 ], [ 126.957588534981198, 37.582762492381242 ], [ 126.957603377646677, 37.582794677518088 ], [ 126.957606977726343, 37.582802591315904 ], [ 126.957609575698953, 37.582810786749441 ], [ 126.957613178386538, 37.582827757258748 ], [ 126.95761678559218, 37.582844748492271 ], [ 126.957615985589754, 37.582861385801152 ], [ 126.957615540192734, 37.582887243931907 ], [ 126.957615391352064, 37.582895859104092 ], [ 126.95761473134786, 37.58291315418461 ], [ 126.957613819620363, 37.582933037704038 ], [ 126.957613062882103, 37.582941547234668 ], [ 126.957612024560305, 37.582943729036401 ], [ 126.957605388819815, 37.58295767473129 ], [ 126.957594477543253, 37.582982226142242 ], [ 126.957584884420555, 37.583000404468287 ], [ 126.957573281981126, 37.583022028316627 ], [ 126.95757206103066, 37.583024808304621 ], [ 126.957565026773452, 37.583044511148664 ], [ 126.957564178425812, 37.58304899774263 ], [ 126.957559650838206, 37.583064660597778 ], [ 126.95755935259254, 37.583075125438057 ], [ 126.957560097210134, 37.583081466854132 ], [ 126.957560614500323, 37.583097039687146 ], [ 126.957560400971701, 37.583102057198111 ], [ 126.95756180256511, 37.583125163503468 ], [ 126.957562440338776, 37.583139927295875 ], [ 126.957562911505846, 37.583147297535952 ], [ 126.957562458497819, 37.583157182083539 ], [ 126.957564019008089, 37.583177656668006 ], [ 126.957564583789363, 37.583193332230834 ], [ 126.957564953997831, 37.58320874283131 ], [ 126.957566759055155, 37.58322921390269 ], [ 126.957566849838017, 37.583236557872404 ], [ 126.957567324874745, 37.583241199027555 ], [ 126.957567608950114, 37.583247134828305 ], [ 126.957569132693095, 37.583264679392649 ], [ 126.957570557592888, 37.583280888659047 ], [ 126.957571599021875, 37.583294617368537 ], [ 126.957572547306114, 37.583306945911254 ], [ 126.957573372913515, 37.58331611194788 ], [ 126.957575717470178, 37.583341353038762 ], [ 126.957576020358914, 37.58334417503923 ], [ 126.957576579195702, 37.583358413526859 ], [ 126.957582198400274, 37.583375137916008 ], [ 126.957588308739389, 37.583392236396783 ], [ 126.957565743204242, 37.583401148658112 ], [ 126.957538594475011, 37.583410496185834 ], [ 126.957536155208317, 37.583411552133434 ], [ 126.957528365387446, 37.583412651136548 ], [ 126.957517705334055, 37.583414155413976 ], [ 126.957496250426715, 37.583417289152692 ], [ 126.95749529000561, 37.583417900563923 ], [ 126.957492657415642, 37.583420412431664 ], [ 126.957489214612536, 37.583426081952595 ], [ 126.957484502574175, 37.583433838584199 ], [ 126.95747979053435, 37.583441596116593 ], [ 126.957479851095002, 37.58344257280784 ], [ 126.957480537897339, 37.5834432713281 ], [ 126.957599909901035, 37.583546333619836 ], [ 126.957602826299606, 37.583550219755743 ], [ 126.957605857237027, 37.583557635095666 ], [ 126.957610373479511, 37.583565179828987 ], [ 126.957612841615216, 37.583570879482338 ], [ 126.957616226312652, 37.583577396670698 ], [ 126.957617939948108, 37.583582001345597 ], [ 126.957620511417431, 37.583589106575126 ], [ 126.957623066410747, 37.583595350456015 ], [ 126.957625687922032, 37.583602070082087 ], [ 126.957630604833213, 37.58361174309205 ], [ 126.95763254251392, 37.583616555977706 ], [ 126.957633567722027, 37.583619371038544 ], [ 126.957636529106523, 37.583627634179422 ], [ 126.957640404723008, 37.583634899367752 ], [ 126.957644627155119, 37.583645381204207 ], [ 126.957648730934878, 37.583653554670725 ], [ 126.957654438073988, 37.583667121132997 ], [ 126.957656716389167, 37.583674112728474 ], [ 126.957658764891235, 37.583683011625517 ], [ 126.957660471484076, 37.583691910395473 ], [ 126.957662187748682, 37.583699762223453 ], [ 126.957663779288836, 37.583707934756035 ], [ 126.957665714364538, 37.583717196708022 ], [ 126.957667077651109, 37.583726548546174 ], [ 126.957668443560976, 37.583733358704293 ], [ 126.957669598769982, 37.583742305021438 ], [ 126.957669816078436, 37.583748206559207 ], [ 126.9576758593482, 37.583773577861045 ], [ 126.957682008514055, 37.583799853791518 ], [ 126.957685422403529, 37.583816470138252 ], [ 126.957687578894109, 37.583834296942854 ], [ 126.957691074088601, 37.583847413890716 ], [ 126.957695947666892, 37.583861522434496 ], [ 126.957702201631449, 37.583884798119819 ], [ 126.957705879488557, 37.583899197237656 ], [ 126.957714301848995, 37.583927736384865 ], [ 126.957722203893567, 37.583953541747427 ], [ 126.957732506147138, 37.583987023497436 ], [ 126.957737670935671, 37.583996874088449 ], [ 126.957746374743579, 37.584018502776473 ], [ 126.957762004585902, 37.584052603674138 ], [ 126.957775010814032, 37.584083551048217 ], [ 126.957786365830543, 37.584109608159331 ], [ 126.957797073857023, 37.584134645113757 ], [ 126.957809893542489, 37.584163254356504 ], [ 126.957820705313907, 37.584189025650339 ], [ 126.957835021436637, 37.584222016937623 ], [ 126.957843091293128, 37.584239763035583 ], [ 126.957853498652014, 37.584260153489716 ], [ 126.957856490935427, 37.584267935509232 ], [ 126.957864535923349, 37.584287570963461 ], [ 126.957868723599944, 37.584301463008856 ], [ 126.957872235127638, 37.584331297746317 ], [ 126.957874734652975, 37.584357001089892 ], [ 126.957875564269571, 37.584374897675751 ], [ 126.957871510694844, 37.584408609260194 ], [ 126.957868643647686, 37.58443064450838 ], [ 126.957869454422749, 37.584469176362497 ], [ 126.95786993776791, 37.584504232993453 ], [ 126.957872265762418, 37.584542563587263 ], [ 126.957870736101739, 37.584569894422316 ], [ 126.957866563848228, 37.584622633877949 ], [ 126.957859424147273, 37.584696755328196 ], [ 126.957831166490138, 37.584741151753839 ], [ 126.957806058393174, 37.58477990736656 ], [ 126.957790444802257, 37.584802895638468 ], [ 126.957788657010695, 37.584804997876688 ], [ 126.957779164440922, 37.584827085626735 ], [ 126.957775476755501, 37.584835186824158 ], [ 126.957774968554006, 37.584844618153468 ], [ 126.957777587571883, 37.584853762326183 ], [ 126.957781260915525, 37.584879852627225 ], [ 126.957771442698331, 37.584910880736068 ], [ 126.957762085553995, 37.584924008232512 ], [ 126.957756920772738, 37.584931437647377 ], [ 126.957755764351589, 37.584934183422831 ], [ 126.957750004617807, 37.584948373612924 ], [ 126.957732772285723, 37.584990153133276 ], [ 126.95771903994833, 37.585002142860347 ], [ 126.957665297680293, 37.585049063356976 ], [ 126.957659045825508, 37.585052922658598 ], [ 126.957650444863404, 37.585058454217197 ], [ 126.95764223913018, 37.585063812031862 ], [ 126.957638950699746, 37.585066766042317 ], [ 126.957636518672885, 37.585072757593487 ], [ 126.957635510935177, 37.585074863723229 ], [ 126.957633080039898, 37.585080855274747 ], [ 126.957629632293305, 37.585089047555975 ], [ 126.957626536584456, 37.585097354393163 ], [ 126.95762343857723, 37.585105717991489 ], [ 126.957620816158169, 37.585113952024649 ], [ 126.957619501767226, 37.585117702338884 ], [ 126.957620800119471, 37.5851239133154 ], [ 126.957621883409672, 37.585126181498993 ], [ 126.957623957379738, 37.585132258517035 ], [ 126.957625133488321, 37.585134560972534 ], [ 126.957627207459382, 37.585140637089516 ], [ 126.957630465527927, 37.5851489084476 ], [ 126.957631316507701, 37.585149615136658 ], [ 126.957633872427081, 37.585150516171474 ], [ 126.95764055253575, 37.585153891043738 ], [ 126.957650052263503, 37.585158333730405 ], [ 126.957659468261227, 37.585162691692553 ], [ 126.957669009781227, 37.585167305580491 ], [ 126.957678425780671, 37.585171664442086 ], [ 126.957897402791957, 37.58532330665318 ], [ 126.957922252379731, 37.585335900799478 ], [ 126.957933037077893, 37.585342439630196 ], [ 126.95793887105124, 37.585346552080239 ], [ 126.957954637905416, 37.585357932842591 ], [ 126.95797819849318, 37.585375451288364 ], [ 126.957993403260872, 37.585387757150329 ], [ 126.958003354727978, 37.585396176024211 ], [ 126.958017870567645, 37.585405574148645 ], [ 126.958043064486446, 37.585421887664559 ], [ 126.958068369112567, 37.585438643599709 ], [ 126.958085019073323, 37.58545007872867 ], [ 126.958093560388278, 37.585455647258719 ], [ 126.958107351295155, 37.585471516884539 ], [ 126.958113009581467, 37.585477956506907 ], [ 126.958121852104654, 37.585489301363921 ], [ 126.95814996205354, 37.585512356201576 ], [ 126.958178270248084, 37.58553719685856 ], [ 126.958213461037985, 37.585569761479675 ], [ 126.958246990237072, 37.585603557128287 ], [ 126.958274765453041, 37.585629988706792 ], [ 126.958298258008483, 37.585657752169261 ], [ 126.958310387875457, 37.585672026418315 ], [ 126.958322909815607, 37.585685723277855 ], [ 126.958347857938307, 37.585714273823172 ], [ 126.958365113353793, 37.585736151555487 ], [ 126.958376675756554, 37.585750886894658 ], [ 126.95838832651414, 37.58576555288905 ], [ 126.958399694182233, 37.585780302570498 ], [ 126.958401745540854, 37.585782538664816 ], [ 126.958428977010229, 37.58580773385556 ], [ 126.958431047450389, 37.58581026007365 ], [ 126.958452794327684, 37.585826170403273 ], [ 126.958492065169551, 37.585855837056954 ], [ 126.958514923592361, 37.585874212876448 ], [ 126.958517939748191, 37.585876153796917 ], [ 126.958541777842143, 37.585890036753455 ], [ 126.958591097566739, 37.585918539354765 ], [ 126.958637462620203, 37.585946525498407 ], [ 126.958654276207497, 37.585957277658579 ], [ 126.958669135676345, 37.585969952710997 ], [ 126.95868298112967, 37.58598189759536 ], [ 126.958704521401998, 37.586000920707981 ], [ 126.958738829943982, 37.586034746229664 ], [ 126.958757656102293, 37.586056255969659 ], [ 126.958764645783987, 37.586062970843003 ], [ 126.958772558472262, 37.586069209428899 ], [ 126.958788238155918, 37.586081064866356 ], [ 126.958804802357605, 37.58609244039652 ], [ 126.958823336559931, 37.586101854290561 ], [ 126.958847305957235, 37.586114032567913 ], [ 126.958875254316055, 37.586127418697338 ], [ 126.958907079558543, 37.586142336092934 ], [ 126.958935545262193, 37.58615587466128 ], [ 126.958945131183654, 37.586160417283494 ], [ 126.958965422671341, 37.586167678433732 ], [ 126.958995821014227, 37.586177285783748 ], [ 126.959004750943663, 37.586180647873896 ], [ 126.959061539913876, 37.586215445449376 ], [ 126.959084060384697, 37.586231257732543 ], [ 126.959092445654889, 37.586236766668478 ], [ 126.959096460859854, 37.586237953808329 ], [ 126.95913510407388, 37.586247181166257 ], [ 126.959156229542216, 37.586251303549808 ], [ 126.959177345099292, 37.586254938492893 ], [ 126.959187931148151, 37.586256818141131 ], [ 126.959199088779329, 37.586257005942727 ], [ 126.959213082420263, 37.586257419105074 ], [ 126.959225088224755, 37.586257319793809 ], [ 126.959246546480827, 37.586253582083572 ], [ 126.959257598263974, 37.586250744332688 ], [ 126.959277839626552, 37.586244623074656 ], [ 126.95930169681337, 37.586237184063656 ], [ 126.959317450138414, 37.586229107857257 ], [ 126.959338142428592, 37.586218394427306 ], [ 126.9593540992512, 37.586210830048415 ], [ 126.959356506577436, 37.586210314643594 ], [ 126.959383962539889, 37.586201641650213 ], [ 126.959414221948919, 37.586192699354783 ], [ 126.959444801631975, 37.586183985115049 ], [ 126.959486344872502, 37.586174246747305 ], [ 126.95950720466098, 37.586169624008818 ], [ 126.95952824687275, 37.586170792865943 ], [ 126.95957136502885, 37.58617305615445 ], [ 126.959614661104794, 37.586177047580485 ], [ 126.959647146045214, 37.58617877458385 ], [ 126.959668758950698, 37.586179826490245 ], [ 126.959687552265507, 37.586183687567129 ], [ 126.959718782933834, 37.58619115068057 ], [ 126.959748829481299, 37.586200383803153 ], [ 126.959779290036209, 37.586210300011437 ], [ 126.959808552020604, 37.586221509603376 ], [ 126.959828026040171, 37.586228999166742 ], [ 126.959857625748171, 37.586239641244951 ], [ 126.959887232263753, 37.586250272506319 ], [ 126.959907737400314, 37.586256310031601 ], [ 126.959938511110124, 37.586265100077298 ], [ 126.95996918547732, 37.58627338102324 ], [ 126.960010988400171, 37.586283260618984 ], [ 126.960042287381853, 37.586290168663758 ], [ 126.960072002874867, 37.58630036564201 ], [ 126.960101904223052, 37.58631025994687 ], [ 126.960131426988781, 37.58632094607762 ], [ 126.960161616167454, 37.586330410698203 ], [ 126.960191577529244, 37.586340334733848 ], [ 126.960220854432038, 37.586351386556174 ], [ 126.960250829184034, 37.586361695302223 ], [ 126.960280719097483, 37.586371881476978 ], [ 126.96030012424967, 37.586379171820454 ], [ 126.960329113492179, 37.586390431643025 ], [ 126.960368015842818, 37.586406495364841 ], [ 126.960371039136191, 37.586407937094393 ], [ 126.96038863740236, 37.586413031992969 ], [ 126.960398888034163, 37.586415531293696 ], [ 126.96041042456838, 37.586414402773116 ], [ 126.960450320132026, 37.586407342122293 ], [ 126.960467675184205, 37.586403821702021 ], [ 126.960485631292315, 37.586404675772293 ], [ 126.96050625767343, 37.586404505446197 ], [ 126.960549371130725, 37.586405313284388 ], [ 126.960585834384432, 37.586405580912746 ], [ 126.960614199823283, 37.586408598234499 ], [ 126.960624618758459, 37.586409759610596 ], [ 126.960656850250345, 37.586413488237866 ], [ 126.960678028809852, 37.586416001207411 ], [ 126.960688583294228, 37.58641774105741 ], [ 126.960709786278329, 37.586421144203285 ], [ 126.960719925021266, 37.58642330196399 ], [ 126.960740449793704, 37.586428837502417 ], [ 126.960761010869575, 37.58643424420886 ], [ 126.96078150632988, 37.58643956169157 ], [ 126.96080017396369, 37.586447819356536 ], [ 126.960812501660612, 37.586453368272366 ], [ 126.960828219619188, 37.58646220965521 ], [ 126.960845808296597, 37.586470442614441 ], [ 126.960873887812156, 37.586482976883978 ], [ 126.960891013699054, 37.586490718640043 ], [ 126.960913140195402, 37.586501089387248 ], [ 126.960929804288867, 37.586508585009796 ], [ 126.960950015083085, 37.586519028972155 ], [ 126.960969485028158, 37.586528122099445 ], [ 126.960985481032552, 37.586535812998427 ], [ 126.961001470499511, 37.586547215952798 ], [ 126.96101178180794, 37.586554818402291 ], [ 126.961026633559314, 37.586563886509687 ], [ 126.961052913759033, 37.586579108659592 ], [ 126.961071846053571, 37.586587990755035 ], [ 126.961100257388381, 37.586600517876313 ], [ 126.961113038266205, 37.586605594799423 ], [ 126.961150341899739, 37.586618088912637 ], [ 126.961160402005589, 37.586621274632847 ], [ 126.961189136569217, 37.586632827877985 ], [ 126.961210913113092, 37.586641446033049 ], [ 126.961236590734089, 37.586653050479896 ], [ 126.96127438103062, 37.58667017037871 ], [ 126.961302426455745, 37.586683209086125 ], [ 126.961321701019031, 37.586691553369704 ], [ 126.961340887532359, 37.586699419196911 ], [ 126.961379185737798, 37.586715352637221 ], [ 126.961401205746228, 37.586723978047736 ], [ 126.961428457119737, 37.586733583701019 ], [ 126.961441074449752, 37.586737586558435 ], [ 126.961454874156644, 37.586740915878771 ], [ 126.961459350364009, 37.586741854422648 ], [ 126.961477924142912, 37.586743832080288 ], [ 126.961499387126921, 37.586746117950554 ], [ 126.961509183547747, 37.586747029464561 ], [ 126.961529996042941, 37.586750453954267 ], [ 126.96156428421601, 37.586757638309109 ], [ 126.961595853491716, 37.586763631532861 ], [ 126.961616917037091, 37.586767630019807 ], [ 126.961624612941492, 37.586769090415238 ], [ 126.961631184434623, 37.58677505445602 ], [ 126.961646566806124, 37.586787182410639 ], [ 126.961661949182641, 37.586799310363226 ], [ 126.961663827884777, 37.586800712930746 ], [ 126.961669475930137, 37.586808011917846 ], [ 126.961677511508569, 37.586817952498571 ], [ 126.961681936505627, 37.5868236446154 ], [ 126.961698540850563, 37.586830935585233 ], [ 126.961706974285818, 37.58683578212699 ], [ 126.961733065550419, 37.58685117705032 ], [ 126.961743923247099, 37.586857742585529 ], [ 126.961750278552898, 37.586861492825747 ], [ 126.961759855743168, 37.586865913582955 ], [ 126.961780461207184, 37.586875507906321 ], [ 126.961790034946475, 37.58688003767913 ], [ 126.961815653787966, 37.586896050501032 ], [ 126.961832654900874, 37.586906723884304 ], [ 126.961835213832572, 37.586908557348735 ], [ 126.961850487159808, 37.586917197525644 ], [ 126.961861692615372, 37.586923473950527 ], [ 126.961874013169165, 37.586932114033324 ], [ 126.96188305508953, 37.586938208631487 ], [ 126.96188825701141, 37.586941364727636 ], [ 126.961898786547977, 37.586945508289759 ], [ 126.961915105153523, 37.58695369200953 ], [ 126.961985665402963, 37.586983010297985 ], [ 126.962091339772712, 37.58701456390942 ], [ 126.962107842016536, 37.587015953333534 ], [ 126.962127967600281, 37.587016787155576 ], [ 126.962140421440751, 37.587017512098939 ], [ 126.962163971855773, 37.587016348671838 ], [ 126.962201382548997, 37.587032668972434 ], [ 126.962238793258564, 37.58704898926112 ], [ 126.96226958305931, 37.587060622213087 ], [ 126.962283165611595, 37.587068014807983 ], [ 126.962296748166551, 37.587075407401286 ], [ 126.962315815292968, 37.587095415608857 ], [ 126.962334882429531, 37.587115423813287 ], [ 126.962354628827725, 37.587135567387747 ], [ 126.962374375236564, 37.587155710958818 ], [ 126.962382578573624, 37.58716553441856 ], [ 126.962390781912859, 37.587175357877655 ], [ 126.962413408511452, 37.58720879192974 ], [ 126.962419627767645, 37.587223840444132 ], [ 126.962423342321429, 37.587265377095918 ], [ 126.962418337665966, 37.587309253421182 ], [ 126.96240040934363, 37.58738465994805 ], [ 126.96240384958287, 37.587433294470223 ], [ 126.962408489020106, 37.587522693565482 ], [ 126.962433126056311, 37.587609016110875 ], [ 126.962441041593863, 37.58762802951977 ], [ 126.962449072805299, 37.587642357843208 ], [ 126.962463786138983, 37.587652724042044 ], [ 126.962478955749376, 37.587656603296431 ], [ 126.962554016583482, 37.587665818146135 ], [ 126.962582205181263, 37.587672494738079 ], [ 126.96260891918854, 37.58768439655146 ], [ 126.962623408313689, 37.587690528025981 ], [ 126.962681366991262, 37.587710909374898 ], [ 126.962730497153231, 37.587726062080435 ], [ 126.962798754638001, 37.587754916016202 ], [ 126.962858972574637, 37.587785479151535 ], [ 126.962881272663026, 37.587794226009237 ], [ 126.962906517815554, 37.587800451067508 ], [ 126.963024824823037, 37.587818599509092 ], [ 126.96306309208002, 37.587821675331483 ], [ 126.963098074946828, 37.587826642141422 ], [ 126.96312841518484, 37.587832688613425 ], [ 126.963156375373359, 37.58784341942718 ], [ 126.963189314588163, 37.587859467663719 ], [ 126.963206856664797, 37.587873618825881 ], [ 126.963220323004691, 37.587887318170559 ], [ 126.963273159139675, 37.587962207169483 ], [ 126.963317167354703, 37.588030696292563 ], [ 126.963353598528272, 37.588082064231031 ], [ 126.963367744769343, 37.588094772694554 ], [ 126.963401361174149, 37.588115326015902 ], [ 126.96342897977604, 37.588130111087452 ], [ 126.963455462912549, 37.588151292780914 ], [ 126.963480924453364, 37.588177609754496 ], [ 126.96352199122731, 37.588242133516339 ], [ 126.963537030302248, 37.588280430224245 ], [ 126.96354787166004, 37.588335483902988 ], [ 126.963581656457052, 37.588470732630235 ], [ 126.963596703836004, 37.588492811600098 ], [ 126.96364468745405, 37.588537605964362 ], [ 126.963666865830888, 37.588563741645679 ], [ 126.963716650618295, 37.588629259214457 ], [ 126.963746862302415, 37.588666389470475 ], [ 126.963758968413828, 37.588683647207638 ], [ 126.963771074530797, 37.588700904943515 ], [ 126.963782276690679, 37.588714558448885 ], [ 126.96379347885464, 37.588728211953146 ], [ 126.963846104605906, 37.588773548308367 ], [ 126.963875531792624, 37.588794911041894 ], [ 126.963914583351539, 37.58881546594786 ], [ 126.963995734191855, 37.588875227079939 ], [ 126.964036817199073, 37.588909027070891 ], [ 126.964080052249585, 37.588941296055417 ], [ 126.9641143482541, 37.588962480075935 ], [ 126.964141624441822, 37.588983661863864 ], [ 126.964172180741528, 37.589011602070876 ], [ 126.964191191082151, 37.589033952512203 ], [ 126.964218001880582, 37.58908027161678 ], [ 126.964236330620437, 37.589107216858714 ], [ 126.964246731264979, 37.589139115012117 ], [ 126.964249662944255, 37.589163442532609 ], [ 126.964248710660485, 37.589256694177855 ], [ 126.964253206813041, 37.589322467500352 ], [ 126.9642525213619, 37.589334720679481 ], [ 126.964246845935378, 37.589363280110916 ], [ 126.964238794827153, 37.589387784359388 ], [ 126.964223380794152, 37.589419043668236 ], [ 126.964205703440101, 37.589447959698632 ], [ 126.964167167479715, 37.589527684678401 ], [ 126.964153900726146, 37.589566783225763 ], [ 126.964152298473962, 37.589601020145793 ], [ 126.964156659045273, 37.589711392178252 ], [ 126.964144853177544, 37.589772475217281 ], [ 126.964125910724391, 37.589840403479116 ], [ 126.964121257477117, 37.589862476134698 ], [ 126.964125974639018, 37.589938971245203 ], [ 126.964145532268674, 37.58999943352363 ], [ 126.964184223570271, 37.590062604805986 ], [ 126.964216018785336, 37.590104600752063 ], [ 126.964236157710985, 37.590134880205348 ], [ 126.964255502101878, 37.590169123737489 ], [ 126.964279375151861, 37.590204089482938 ], [ 126.964298942934889, 37.590244549873368 ], [ 126.964323038220101, 37.590288075035375 ], [ 126.964335935689533, 37.590308576503382 ], [ 126.964348833166028, 37.590329077969926 ], [ 126.964357599093191, 37.590347235573859 ], [ 126.964366365024603, 37.590365393177095 ], [ 126.964423689520032, 37.590528038961104 ], [ 126.964479095231212, 37.590678971308883 ], [ 126.964498539979957, 37.59073970378131 ], [ 126.964540495321955, 37.590843690571283 ], [ 126.964555428631257, 37.590869012919498 ], [ 126.964574777098989, 37.590895688124689 ], [ 126.964599779898577, 37.590936510555345 ], [ 126.964692229130563, 37.591051234788011 ], [ 126.964724595529717, 37.591084401118344 ], [ 126.96475288571861, 37.591117746367019 ], [ 126.964808341120261, 37.591169750443278 ], [ 126.964843768982661, 37.591194268239427 ], [ 126.964988430766923, 37.591279636346087 ], [ 126.965050688892077, 37.591313532620482 ], [ 126.965094045890908, 37.591331655799294 ], [ 126.965144310794955, 37.59134761872788 ], [ 126.965262280959394, 37.591372612297079 ], [ 126.965319004611587, 37.591378756402115 ], [ 126.965431777977273, 37.591379872114672 ], [ 126.965477974466907, 37.59137997632731 ], [ 126.965657884714602, 37.591394897368808 ], [ 126.96571336313707, 37.591400590413706 ], [ 126.965754008550576, 37.591406909628425 ], [ 126.965793747811659, 37.591413949342623 ], [ 126.965833146453278, 37.591422971106702 ], [ 126.965870846228555, 37.591432983427687 ], [ 126.965903677386336, 37.591442723972342 ], [ 126.965938318424705, 37.591456159090463 ], [ 126.965964126703227, 37.591471843999791 ], [ 126.966157563974846, 37.591614708170709 ], [ 126.966153930261271, 37.591636781205239 ], [ 126.966153928598629, 37.591640295044733 ], [ 126.966181546448937, 37.591660575469731 ], [ 126.966214253412204, 37.591693831588806 ], [ 126.966238698892766, 37.591718435777473 ], [ 126.966257030452667, 37.591742317347062 ], [ 126.966279774451337, 37.591773498206294 ], [ 126.96630806393955, 37.591810356918231 ], [ 126.966338389811952, 37.591850910266913 ], [ 126.96635423034536, 37.591874971275338 ], [ 126.966357849727359, 37.591883261411652 ], [ 126.966359827352804, 37.591891460960383 ], [ 126.966361804978618, 37.591899660509092 ], [ 126.966365195894582, 37.591912230253826 ], [ 126.966368586811683, 37.591924799998459 ], [ 126.966376952989279, 37.59195174192817 ], [ 126.966383395826711, 37.591975439740224 ], [ 126.966390518913343, 37.591997268211294 ], [ 126.966402502014105, 37.592037793557395 ], [ 126.966406061197588, 37.592053742042815 ], [ 126.966409620382578, 37.592069690528099 ], [ 126.966412838277293, 37.592089062652974 ], [ 126.96642441202394, 37.592157450821354 ], [ 126.966433782327428, 37.592216287896889 ], [ 126.966441438407728, 37.592313647856678 ], [ 126.966443288910952, 37.592467305006394 ], [ 126.966442372681286, 37.59248946895255 ], [ 126.966448927820693, 37.592515284105787 ], [ 126.966455482964605, 37.592541099258518 ], [ 126.966482788312632, 37.592605722368958 ], [ 126.966494140619446, 37.592634715814192 ], [ 126.966497660791916, 37.592651861692012 ], [ 126.966497401243515, 37.592659654229607 ], [ 126.966492789316618, 37.592667158061715 ], [ 126.966473649264458, 37.592676522619008 ], [ 126.966457791447198, 37.592688861396837 ], [ 126.966444762653381, 37.592704804950984 ], [ 126.96644385272144, 37.592713544229802 ], [ 126.966464874615397, 37.592795990551359 ], [ 126.966474933571973, 37.592835276459581 ], [ 126.966484884716067, 37.592863029734012 ], [ 126.966513515333133, 37.592897906325497 ], [ 126.966575765767146, 37.592952614524378 ], [ 126.966676625623066, 37.593011298424379 ], [ 126.96681825034004, 37.593065399208278 ], [ 126.966977312511688, 37.593119685122723 ], [ 126.967117240080142, 37.593171892983108 ], [ 126.967321478171513, 37.593233039071904 ], [ 126.967375480091135, 37.593251885278228 ], [ 126.967424159873843, 37.593271540808558 ], [ 126.967469782111024, 37.593292006322727 ], [ 126.967751535352107, 37.593459129760333 ], [ 126.967811083943275, 37.593482121881287 ], [ 126.967902781831953, 37.593523052720592 ], [ 126.967918291755851, 37.593528823436408 ], [ 126.968150601171303, 37.593615473930996 ], [ 126.96816996260857, 37.593617551666682 ], [ 126.96819091115799, 37.593615395221072 ], [ 126.968410950659234, 37.593540405150478 ], [ 126.968505281419581, 37.593517546569394 ], [ 126.968585686340433, 37.593491260287777 ], [ 126.968645481331023, 37.593469563233299 ], [ 126.968690102209308, 37.593450745079053 ], [ 126.96876258698191, 37.5934105813146 ], [ 126.968802567619889, 37.593386626219015 ], [ 126.96884276921628, 37.5933751948535 ], [ 126.968936528734503, 37.593363237679711 ], [ 126.968959853760467, 37.593363964903418 ], [ 126.968994953510602, 37.593367398320588 ], [ 126.969090965940822, 37.593382290978703 ], [ 126.969131385673037, 37.593389960443204 ], [ 126.969245509413753, 37.593417651921435 ], [ 126.969438770982649, 37.593468610219972 ], [ 126.969550633671773, 37.593488552323016 ], [ 126.969603056120434, 37.593495684285394 ], [ 126.969643591118, 37.593498848683815 ], [ 126.969723192851376, 37.593496437495354 ], [ 126.969846277421553, 37.593488091432199 ], [ 126.969898024215851, 37.593486483534178 ], [ 126.969940371776545, 37.593487576052283 ], [ 126.969973659912, 37.593491098792107 ], [ 126.969999247878221, 37.593495880844706 ], [ 126.970131829925307, 37.593520422947982 ], [ 126.97017473851993, 37.593533768918149 ], [ 126.970222740635037, 37.593551531046515 ], [ 126.970313308494696, 37.593590387449488 ], [ 126.970358593229989, 37.593607968607152 ], [ 126.970406029923083, 37.593624198838178 ], [ 126.970437276850092, 37.59363528917747 ], [ 126.970464220812829, 37.59364691896706 ], [ 126.970495012106724, 37.593664586356631 ], [ 126.970524670140733, 37.593684595999811 ], [ 126.970550704372258, 37.593705685865935 ], [ 126.970580360833694, 37.59372956972706 ], [ 126.970626429390606, 37.593768774610297 ], [ 126.970676234453009, 37.59380834084542 ], [ 126.970709287390818, 37.593833486939218 ], [ 126.97072920968921, 37.59384871877208 ], [ 126.970752416090178, 37.593862960374921 ], [ 126.970775735841755, 37.593876931707399 ], [ 126.970809813028055, 37.593889644456453 ], [ 126.970844682877299, 37.593902267303221 ], [ 126.970876045691512, 37.593907320961286 ], [ 126.970915791192951, 37.593903547138751 ], [ 126.97095089478772, 37.593898420624406 ], [ 126.971003328841689, 37.593878162045321 ], [ 126.971068221642597, 37.593849527503686 ], [ 126.971083170789726, 37.593842864075562 ], [ 126.971106047207556, 37.593833409636972 ], [ 126.971131074559594, 37.59382503692887 ], [ 126.971157233478877, 37.593818466475099 ], [ 126.971194149107177, 37.593812349271673 ], [ 126.971243520739137, 37.593804613480494 ], [ 126.971296968730499, 37.593796698515547 ], [ 126.971331843859289, 37.593796347046052 ], [ 126.971377362288024, 37.593796899268916 ], [ 126.971428541914236, 37.593798263803393 ], [ 126.971474400289793, 37.593798185386476 ], [ 126.971514483115669, 37.593800087649214 ], [ 126.971547547496996, 37.593797393096544 ], [ 126.971587405667591, 37.593794790355979 ], [ 126.97161276860615, 37.59379650865494 ], [ 126.971627260628196, 37.593800206361429 ], [ 126.971651033841923, 37.593813186553255 ], [ 126.971675032445546, 37.593828869750148 ], [ 126.971695972756137, 37.593847255122313 ], [ 126.971722119060914, 37.59387221899032 ], [ 126.971747361584065, 37.593892047014059 ], [ 126.971777471639768, 37.5939153900976 ], [ 126.971805884292849, 37.593936119891694 ], [ 126.971834522492657, 37.593959192294733 ], [ 126.971855011386538, 37.593973973587701 ], [ 126.971878898533319, 37.593985422088643 ], [ 126.9719049378932, 37.593994798860912 ], [ 126.971930185036513, 37.594003184346136 ], [ 126.971948979527653, 37.5940077840757 ], [ 126.97197060585961, 37.594009681558404 ], [ 126.971996876576995, 37.594006714883839 ], [ 126.972032773934814, 37.593998614998277 ], [ 126.972116234867926, 37.593973588455086 ], [ 126.972189729711317, 37.59395297419983 ], [ 126.972278964811352, 37.593929210353963 ], [ 126.972355969012838, 37.593910398832854 ], [ 126.972451545553739, 37.593885014651228 ], [ 126.972515527136622, 37.593868812672682 ], [ 126.972583358949109, 37.593851530422171 ], [ 126.972675989709998, 37.593830379962512 ], [ 126.972706112153887, 37.593822278460621 ], [ 126.972758781813681, 37.593776881696847 ], [ 126.972829446667888, 37.593753293104733 ], [ 126.972868406457181, 37.59373104825525 ], [ 126.972913823973258, 37.593699344622685 ], [ 126.972917901057784, 37.593697273346727 ], [ 126.972961390278272, 37.593674308776315 ], [ 126.973015638269771, 37.593646301276088 ], [ 126.973057433369476, 37.593611803661553 ], [ 126.973117802966087, 37.593564696722012 ], [ 126.973149175642774, 37.593543801429867 ], [ 126.973195270598893, 37.593516602772489 ], [ 126.973226642858549, 37.593496698542232 ], [ 126.973267301935479, 37.593471570817435 ], [ 126.973313625134097, 37.593439416754158 ], [ 126.97336968684283, 37.593405192731318 ], [ 126.973395282252937, 37.593390692984258 ], [ 126.973420649228814, 37.593381418886523 ], [ 126.973442732330412, 37.593372684592907 ], [ 126.973461075595893, 37.593372598856163 ], [ 126.973491872858048, 37.593375939814955 ], [ 126.973517686626195, 37.593382973619505 ], [ 126.973542252880947, 37.59339532293049 ], [ 126.973580065725983, 37.593411189211494 ], [ 126.973633612434355, 37.59344075416066 ], [ 126.973661898221678, 37.593498964428832 ], [ 126.973696420664439, 37.593533119877904 ], [ 126.973741694809618, 37.593581243104587 ], [ 126.973789686203972, 37.593630267936234 ], [ 126.97381074107814, 37.593646310401624 ], [ 126.973829532591168, 37.593659018690296 ], [ 126.973897904454219, 37.593711021504717 ], [ 126.973962992364875, 37.59376401459523 ], [ 126.974007364758663, 37.593801866286604 ], [ 126.974027966308782, 37.593819260083578 ], [ 126.974048456161356, 37.59383250932315 ], [ 126.974085586512203, 37.593857745518925 ], [ 126.974104829064515, 37.59387585977391 ], [ 126.974119542731799, 37.59389307199023 ], [ 126.974135047204655, 37.593915239801696 ], [ 126.974159150753536, 37.593955068896442 ], [ 126.974188118638239, 37.594007512892276 ], [ 126.974214253487631, 37.594066263115046 ], [ 126.974228510510414, 37.594093836530575 ], [ 126.974240835875761, 37.594139879675062 ], [ 126.974263010123835, 37.594192051785392 ], [ 126.974270817384436, 37.594207640615309 ], [ 126.974276815676404, 37.594215750858019 ], [ 126.974294475691408, 37.594226837038697 ], [ 126.974348586998673, 37.594263069073101 ], [ 126.974418658930333, 37.594313179905143 ], [ 126.97448397530539, 37.594363109409208 ], [ 126.974503670846872, 37.5943816741935 ], [ 126.974524270036184, 37.594406365873773 ], [ 126.974535362678736, 37.59441754061433 ], [ 126.974571130808684, 37.594453588153989 ], [ 126.974585392063389, 37.594469989321517 ], [ 126.974599086874647, 37.594487201243851 ], [ 126.97460485743126, 37.594499005452754 ], [ 126.97461221216092, 37.594513783270358 ], [ 126.97461718796005, 37.594531533793131 ], [ 126.974628382682013, 37.594573792502487 ], [ 126.974640599936876, 37.594606501010993 ], [ 126.974651804562555, 37.59462127970248 ], [ 126.9746640299619, 37.594631373507376 ], [ 126.974678407123733, 37.594640476717721 ], [ 126.974692559313283, 37.594645435347942 ], [ 126.974715203725268, 37.594650846397307 ], [ 126.974739093528612, 37.594656708217002 ], [ 126.974771362551905, 37.59466239173409 ], [ 126.974804989427611, 37.594670688403752 ], [ 126.974838954655254, 37.59468276927381 ], [ 126.97487507020648, 37.594697913965682 ], [ 126.974902128379, 37.594709813061371 ], [ 126.97492499621147, 37.594723873568803 ], [ 126.974954995804424, 37.594743161385111 ], [ 126.974997675886442, 37.594766686669153 ], [ 126.974999147549937, 37.59476767808237 ], [ 126.975037184446478, 37.594793184473865 ], [ 126.975076580886409, 37.594816618894015 ], [ 126.975098656892783, 37.594828606926619 ], [ 126.975124017590318, 37.594837892737203 ], [ 126.975155718590315, 37.594849162123737 ], [ 126.975177115353532, 37.594860789596247 ], [ 126.975193869988175, 37.594871334848634 ], [ 126.975204623738023, 37.594880707481593 ], [ 126.975215149821224, 37.594893503802567 ], [ 126.975217750355114, 37.594904316191695 ], [ 126.975221934808474, 37.594918913066984 ], [ 126.975222384344875, 37.594928553697365 ], [ 126.975221584617756, 37.594948735563747 ], [ 126.975219197007064, 37.59497639524448 ], [ 126.975217490120173, 37.59500027094343 ], [ 126.975216807618793, 37.595009100435718 ], [ 126.975216804447754, 37.595018110276186 ], [ 126.975219400230102, 37.595042437425761 ], [ 126.975221308852042, 37.595088838532732 ], [ 126.975222543629499, 37.59511947226742 ], [ 126.975217659380846, 37.595162808514374 ], [ 126.975212773509, 37.595210739779304 ], [ 126.975205960327742, 37.595265337896201 ], [ 126.975199030127527, 37.595330657696536 ], [ 126.975186437476893, 37.595398228692794 ], [ 126.975163985461862, 37.595488682480713 ], [ 126.975145385704977, 37.59557237974353 ], [ 126.975131096915746, 37.595633012775082 ], [ 126.975121914106239, 37.595663914473761 ], [ 126.975097537060265, 37.595754097519183 ], [ 126.975089595361041, 37.595797523170084 ], [ 126.975087775339645, 37.59582094834645 ], [ 126.975088784212531, 37.595849870158524 ], [ 126.975096589014996, 37.595873387588028 ], [ 126.975109490196388, 37.595894473500572 ], [ 126.975127373253287, 37.595916731804799 ], [ 126.975145712117438, 37.595930881352309 ], [ 126.97516699652688, 37.595940887028291 ], [ 126.975192132602928, 37.595946028246097 ], [ 126.975214437965988, 37.595950808434182 ], [ 126.975245915549905, 37.595954779774452 ], [ 126.975283281703142, 37.595957581136183 ], [ 126.975316456883718, 37.595964165688464 ], [ 126.975362087090218, 37.595972735156899 ], [ 126.975390959810497, 37.595978147455568 ], [ 126.975421982686768, 37.595987254256833 ], [ 126.975453231472528, 37.595997982870962 ], [ 126.975481421855392, 37.59601186424608 ], [ 126.975501913037235, 37.596023761752889 ], [ 126.975517647839141, 37.596037279979569 ], [ 126.97553372131452, 37.596053771525767 ], [ 126.975548662395241, 37.596070443017346 ], [ 126.9755594146406, 37.59608477102752 ], [ 126.975575145712199, 37.596109101053003 ], [ 126.975597555131628, 37.596140550316306 ], [ 126.975622680251746, 37.596177586271502 ], [ 126.975649162054239, 37.596220839307598 ], [ 126.975678360262137, 37.596267696867891 ], [ 126.975693522935529, 37.596298694033429 ], [ 126.9757066477774, 37.59632860957057 ], [ 126.975720227651237, 37.596352488613299 ], [ 126.975754857261848, 37.596410789836256 ], [ 126.975773305068486, 37.596438093673875 ], [ 126.975788359731112, 37.596454134470079 ], [ 126.97580398051079, 37.596470355584465 ], [ 126.975819375571831, 37.596484414286245 ], [ 126.975848807484269, 37.596510819518898 ], [ 126.975880955626536, 37.596541369860006 ], [ 126.97590563151094, 37.596568404733794 ], [ 126.975921476463782, 37.596591473358444 ], [ 126.975940150290228, 37.596620398989117 ], [ 126.975947164986593, 37.596637519202645 ], [ 126.975951689013769, 37.596653197302032 ], [ 126.975955985093762, 37.596673200074399 ], [ 126.975958129837025, 37.596692841987092 ], [ 126.975959818560185, 37.596721493639556 ], [ 126.975962185276899, 37.596754289964373 ], [ 126.975965909121143, 37.596792041993943 ], [ 126.975972236297622, 37.596832948030048 ], [ 126.975980489309578, 37.596871421825931 ], [ 126.975989877698424, 37.596901066224994 ], [ 126.976001418763772, 37.596927197251681 ], [ 126.976016016020523, 37.596956752676007 ], [ 126.976035368464835, 37.596988381387916 ], [ 126.976077583792005, 37.597051369263312 ], [ 126.976105314024792, 37.597087955179674 ], [ 126.976132591067227, 37.597125351877239 ], [ 126.976159304282902, 37.597155900970314 ], [ 126.976185677355417, 37.597187801459867 ], [ 126.976227898441309, 37.59723448147426 ], [ 126.976285971520056, 37.597284318306272 ], [ 126.976322764117469, 37.597311085384092 ], [ 126.976346765492693, 37.597324785458454 ], [ 126.9763679368602, 37.597335872072016 ], [ 126.976398845214689, 37.597350834984624 ], [ 126.976433149266512, 37.597369943136115 ], [ 126.976447413783617, 37.597379496594804 ], [ 126.976454431417423, 37.597388417824433 ], [ 126.97646133472935, 37.597400582570877 ], [ 126.976470160849914, 37.597419324906355 ], [ 126.976482609319007, 37.59744167194453 ], [ 126.97649539816743, 37.597462036889233 ], [ 126.976503772596175, 37.597477085092905 ], [ 126.976520978899188, 37.597493756937517 ], [ 126.976536712568304, 37.597512140336988 ], [ 126.976550070032616, 37.597525297526012 ], [ 126.976564672888543, 37.597539085665396 ], [ 126.976579840367052, 37.597557559037625 ], [ 126.976596706035394, 37.59757711394694 ], [ 126.976612096127937, 37.597607210051976 ], [ 126.976647859648608, 37.597664700354592 ], [ 126.976706034790396, 37.597750035755865 ], [ 126.976735234736211, 37.597795451469139 ], [ 126.976741120018289, 37.597804552640063 ], [ 126.976741228265567, 37.597819599090442 ], [ 126.97674043220367, 37.597829870137389 ], [ 126.976736465337524, 37.597840681108799 ], [ 126.976726835623182, 37.597854554235269 ], [ 126.976711540603503, 37.59787887758106 ], [ 126.976684692736271, 37.59791130734763 ], [ 126.976667246672591, 37.597934188660972 ], [ 126.976652973836394, 37.597949232082257 ], [ 126.976634850433641, 37.597965806362247 ], [ 126.976618652108741, 37.597982200848818 ], [ 126.97657175865271, 37.598022374818001 ], [ 126.976498926074839, 37.598085878749167 ], [ 126.976474910899, 37.598112542771965 ], [ 126.976473549638996, 37.598119750352296 ], [ 126.97647388744754, 37.598125426620925 ], [ 126.976484186553535, 37.598141736609762 ], [ 126.976505017737765, 37.598154985485806 ], [ 126.976547472878565, 37.598181213099402 ], [ 126.976561965062487, 37.598187703246772 ], [ 126.976572268557845, 37.598190948966014 ], [ 126.976586196063266, 37.59819293407287 ], [ 126.976597972845141, 37.598192576166539 ], [ 126.976610430221001, 37.598188704566525 ], [ 126.976619491382678, 37.598182129297861 ], [ 126.976635237102428, 37.598164833732675 ], [ 126.976690517219083, 37.598103398289695 ], [ 126.976724501053653, 37.598065023530005 ], [ 126.976764264232301, 37.598013675807813 ], [ 126.976798819060463, 37.597960525013718 ], [ 126.976838807594035, 37.597912240657195 ], [ 126.976859540793669, 37.597879268988002 ], [ 126.976897149851254, 37.597835308835563 ], [ 126.976917992740127, 37.597812968786116 ], [ 126.976934415983251, 37.597800989124899 ], [ 126.976944269547289, 37.597794954586121 ], [ 126.976956047301357, 37.597791443201331 ], [ 126.976979035439953, 37.597788024245006 ], [ 126.977006440125621, 37.59778361511944 ], [ 126.97706441981434, 37.597775698489798 ], [ 126.977155691311964, 37.597766887724539 ], [ 126.97721718136124, 37.597758791547612 ], [ 126.977250699591707, 37.597758077657062 ], [ 126.97729101171771, 37.597758266135443 ], [ 126.977329964627089, 37.597759625600325 ], [ 126.977363821721639, 37.597761524599825 ], [ 126.977405378491611, 37.597764686540096 ], [ 126.977457012500196, 37.597770373274876 ], [ 126.97751011864905, 37.59777588008977 ], [ 126.977561639754626, 37.597780575673724 ], [ 126.977609876661788, 37.597786351750415 ], [ 126.977653471425654, 37.597790414999814 ], [ 126.977692649682368, 37.597795378325365 ], [ 126.977705897810822, 37.597797092867978 ], [ 126.977745303436222, 37.597799263172455 ], [ 126.977788106331772, 37.597800893556659 ], [ 126.977816529303112, 37.597799007202092 ], [ 126.977837479204368, 37.597795407472489 ], [ 126.977864205164593, 37.597788655453996 ], [ 126.977896707321335, 37.597778300650774 ], [ 126.97791743287425, 37.597767943484321 ], [ 126.977940197274933, 37.597755694655753 ], [ 126.977959225717484, 37.597740742126 ], [ 126.977972253246534, 37.597723806231969 ], [ 126.978015182319851, 37.597684171505072 ], [ 126.978078500580295, 37.597623187498982 ], [ 126.978108403536453, 37.597595803528527 ], [ 126.978127659561608, 37.597577066884675 ], [ 126.978150310718078, 37.597564547697601 ], [ 126.97817511338215, 37.59755193883332 ], [ 126.978201387573534, 37.597541042123638 ], [ 126.978227208082572, 37.597532487876258 ], [ 126.978250989409716, 37.597526906467586 ], [ 126.978290625161804, 37.597516913354994 ], [ 126.978310670135727, 37.597509889624895 ], [ 126.97834068382204, 37.597490163978655 ], [ 126.978412036503244, 37.597445038683098 ], [ 126.978452356084091, 37.597420539811459 ], [ 126.978480899129991, 37.597395948529538 ], [ 126.978508876810011, 37.597368654179107 ], [ 126.978522697050153, 37.597350907492363 ], [ 126.978530175051674, 37.597336493208786 ], [ 126.978535617853908, 37.597312167706953 ], [ 126.978534497273969, 37.597273875678297 ], [ 126.97853224575185, 37.597230988411823 ], [ 126.978535435250208, 37.597169541938491 ], [ 126.97853850549518, 37.597127646789708 ], [ 126.978537606316621, 37.597105842806627 ], [ 126.978533421425908, 37.597090164873514 ], [ 126.978524027762248, 37.597074305728796 ], [ 126.978509538619889, 37.597058085196565 ], [ 126.978489613657587, 37.597043575471275 ], [ 126.978473538483314, 37.597029787281372 ], [ 126.978461765757842, 37.59701762170068 ], [ 126.978454523561879, 37.597001853068882 ], [ 126.978447621937278, 37.59698329145332 ], [ 126.978444234782742, 37.596951215767014 ], [ 126.978444928160201, 37.59690598651423 ], [ 126.978445726732062, 37.596886795714624 ], [ 126.978449014306662, 37.59687463307543 ], [ 126.978453548773516, 37.596858236055716 ], [ 126.978468163551184, 37.596834092543773 ], [ 126.978487306943364, 37.596812472668425 ], [ 126.978511206305768, 37.596790493323553 ], [ 126.978586408646109, 37.596743927093264 ], [ 126.978653795701959, 37.596703846384813 ], [ 126.978699777838628, 37.596675113898058 ], [ 126.978732169622205, 37.596653406444624 ], [ 126.978754934647668, 37.596637553521113 ], [ 126.978771245364896, 37.596621429054323 ], [ 126.978793219811692, 37.596598728493504 ], [ 126.978816893586526, 37.59657332530368 ], [ 126.978843057523122, 37.596551166129423 ], [ 126.978875335867542, 37.596529819007984 ], [ 126.978937512642474, 37.596493521268727 ], [ 126.97898292793333, 37.596466230136429 ], [ 126.979018376034205, 37.596447316237239 ], [ 126.979051104350063, 37.596435519582528 ], [ 126.979089040818394, 37.596425796171523 ], [ 126.97913456247305, 37.596421119696984 ], [ 126.979178044312832, 37.596421758623862 ], [ 126.979217903296302, 37.596420234488917 ], [ 126.979240324576438, 37.596417355574545 ], [ 126.979269541021083, 37.596410783902968 ], [ 126.979295814758871, 37.596399526553789 ], [ 126.979334434568941, 37.596376378532163 ], [ 126.979372373613913, 37.5963577352897 ], [ 126.979407481381955, 37.596340442980477 ], [ 126.979435793850953, 37.596327293915671 ], [ 126.979463426133108, 37.596316757570314 ], [ 126.979491396676153, 37.596311086594824 ], [ 126.979523102752538, 37.596309470736578 ], [ 126.979574170936559, 37.596311102013345 ], [ 126.979622408424078, 37.596312192152602 ], [ 126.979652415140279, 37.596313459092919 ], [ 126.979675176074565, 37.596310580158821 ], [ 126.979696919082556, 37.59630364660444 ], [ 126.979721946931306, 37.596293109716981 ], [ 126.979759658844245, 37.596276268275659 ], [ 126.979796691937324, 37.596257354434258 ], [ 126.979828969359502, 37.596237809018604 ], [ 126.979891488233804, 37.596190789128805 ], [ 126.979961256398568, 37.596135481477369 ], [ 126.97999908294284, 37.596113324174667 ], [ 126.980013239653999, 37.596104767407255 ], [ 126.980083228637042, 37.596068560583255 ], [ 126.980111427985861, 37.596054240056041 ], [ 126.98013396671314, 37.596036134363914 ], [ 126.980155598451248, 37.596021902734364 ], [ 126.980167715733998, 37.596017490105453 ], [ 126.980190249704947, 37.596015962506748 ], [ 126.980266568182813, 37.596019940602424 ], [ 126.980299518923758, 37.596021027711551 ], [ 126.980333715595577, 37.596020853657549 ], [ 126.980367233195693, 37.596019508192754 ], [ 126.980396787890399, 37.596017170927006 ], [ 126.980424644406312, 37.596013662071158 ], [ 126.980453294877194, 37.596005468233791 ], [ 126.98047911561271, 37.595993309555567 ], [ 126.980512863388498, 37.595978719625961 ], [ 126.980548423776128, 37.595960976564761 ], [ 126.980582850673756, 37.595947287719696 ], [ 126.980613652214814, 37.595940265503991 ], [ 126.980656229729007, 37.595934416641484 ], [ 126.980696089477064, 37.595929107874582 ], [ 126.980730854104124, 37.595922356622566 ], [ 126.980759390972366, 37.595915243871566 ], [ 126.980781587874674, 37.595904075571944 ], [ 126.980812504685019, 37.595889575157422 ], [ 126.980852254179425, 37.595873364412022 ], [ 126.980870147605842, 37.595864267605286 ], [ 126.980893593378127, 37.595841026317359 ], [ 126.980950796567029, 37.595767516004216 ], [ 126.98100335574037, 37.595698870169052 ], [ 126.981067922621193, 37.595611666119623 ], [ 126.981149928941889, 37.595518248254429 ], [ 126.981163975169522, 37.595498699323578 ], [ 126.981179492683353, 37.595481853596702 ], [ 126.981201125776693, 37.595461314885938 ], [ 126.981224908914314, 37.59544582205163 ], [ 126.981252429071432, 37.595429068476442 ], [ 126.981301803608858, 37.595410696868818 ], [ 126.981369069429093, 37.595390436229557 ], [ 126.981426481919385, 37.595377742141231 ], [ 126.981512201372581, 37.595369647845189 ], [ 126.981589200292319, 37.59536749850966 ], [ 126.981686808686419, 37.595361208061817 ], [ 126.981730857551341, 37.595356350140733 ], [ 126.981773548497372, 37.595348158334929 ], [ 126.981842057155916, 37.595337538163484 ], [ 126.981916228190883, 37.595324035743737 ], [ 126.981979642015474, 37.595310801792273 ], [ 126.982036828462697, 37.595295854909239 ], [ 126.982084388910579, 37.595285501432748 ], [ 126.982121530508991, 37.595280642228296 ], [ 126.98215527514445, 37.595275692356516 ], [ 126.982190604334292, 37.595273445686843 ], [ 126.982215402461151, 37.595272819056156 ], [ 126.982235784465388, 37.595272371895675 ], [ 126.982266017227715, 37.595273818405509 ], [ 126.982298741875638, 37.595272292065864 ], [ 126.982317539223217, 37.595269502074572 ], [ 126.982337469775217, 37.595263288524905 ], [ 126.982352191689614, 37.595256803830985 ], [ 126.982370990670361, 37.59524761684434 ], [ 126.982396245706425, 37.595231403224879 ], [ 126.982413007662728, 37.595217620882572 ], [ 126.982426939534292, 37.595200954930995 ], [ 126.982451177426256, 37.595176992671789 ], [ 126.982478586639914, 37.595149787376322 ], [ 126.982501127134896, 37.595121410010677 ], [ 126.982516531540625, 37.595102581923591 ], [ 126.982528651786168, 37.595085375077531 ], [ 126.982539187138627, 37.595066726400702 ], [ 126.982549043617638, 37.595046005350333 ], [ 126.982559692306083, 37.59502690619771 ], [ 126.982572492951206, 37.595005645027626 ], [ 126.982576004500132, 37.595000329784838 ], [ 126.982590163831972, 37.594979429224409 ], [ 126.982606134233166, 37.594961051708026 ], [ 126.982634110155246, 37.59493114351379 ], [ 126.982671485254883, 37.594897542778966 ], [ 126.982698099709694, 37.594878085768038 ], [ 126.982727771416933, 37.594858629237791 ], [ 126.982748948192722, 37.594849172273619 ], [ 126.982766387129729, 37.594844399829469 ], [ 126.982784052076852, 37.594841429386932 ], [ 126.98280975645325, 37.594838640413165 ], [ 126.982838970751004, 37.594836933170313 ], [ 126.982887547795158, 37.594834958682959 ], [ 126.982916988172533, 37.594834783129535 ], [ 126.982933633328415, 37.594834605554801 ], [ 126.982953675758978, 37.594833167134269 ], [ 126.982971567361346, 37.594829385813568 ], [ 126.982999649956625, 37.594825155597476 ], [ 126.983037018287973, 37.594818043679702 ], [ 126.983072008339619, 37.594812553149907 ], [ 126.983103487816507, 37.594808593735145 ], [ 126.983129305224367, 37.594806525496757 ], [ 126.983158745545737, 37.594806530079879 ], [ 126.983188638618358, 37.594807255513324 ], [ 126.98321819278982, 37.594804737343615 ], [ 126.983246954864015, 37.594800056681926 ], [ 126.983274812156509, 37.59479096105094 ], [ 126.983313881316519, 37.594774028580879 ], [ 126.983371635915276, 37.594748089130427 ], [ 126.983442188531129, 37.594710348719531 ], [ 126.983509344317056, 37.594671796862187 ], [ 126.983547509479138, 37.594646665220395 ], [ 126.983567895460027, 37.594628918933935 ], [ 126.983589074744955, 37.594608289614989 ], [ 126.983613765711141, 37.594581353935524 ], [ 126.983634378703925, 37.594561175014469 ], [ 126.983653405516961, 37.594544870081776 ], [ 126.983677187402932, 37.594531268817462 ], [ 126.983706857493615, 37.594516947649645 ], [ 126.983739018859808, 37.594501815963874 ], [ 126.983780012720771, 37.594484793530135 ], [ 126.983827801433733, 37.594463627573347 ], [ 126.983863246443647, 37.594448586444102 ], [ 126.983884875800413, 37.594439489736821 ], [ 126.983918960567394, 37.594430575080288 ], [ 126.983952252219225, 37.594423732559591 ], [ 126.983986109472454, 37.594419232672486 ], [ 126.984021211950704, 37.594416084436595 ], [ 126.984054502428677, 37.594414197300132 ], [ 126.984083716532226, 37.594412489749054 ], [ 126.984120517222564, 37.594410422915537 ], [ 126.984153354539615, 37.594409526767024 ], [ 126.984192985322281, 37.594410433575213 ], [ 126.984249034659996, 37.594411342773505 ], [ 126.984306555945153, 37.594412522455123 ], [ 126.984376984786309, 37.59441730792085 ], [ 126.984439034737619, 37.594421101049747 ], [ 126.984477305479047, 37.594427593667902 ], [ 126.984509801485103, 37.594433815146331 ], [ 126.984532332924118, 37.594440936166393 ], [ 126.984555656864927, 37.594448597886625 ], [ 126.98457977257317, 37.594460043849573 ], [ 126.984608642421506, 37.594478518165722 ], [ 126.984639550350039, 37.594497443258305 ], [ 126.984662080479282, 37.594510510749167 ], [ 126.984685857462594, 37.594517812114596 ], [ 126.984711220685597, 37.594520698878469 ], [ 126.984736244822798, 37.594520882636033 ], [ 126.984767723422408, 37.594519896024998 ], [ 126.984796824521084, 37.594517287297187 ], [ 126.984826492298808, 37.594512336083412 ], [ 126.984855819956053, 37.59450927688097 ], [ 126.984868954896839, 37.594508918340871 ], [ 126.984887637782691, 37.594510362549549 ], [ 126.984910395884057, 37.594516852840393 ], [ 126.984942325027774, 37.59452658795832 ], [ 126.98497674521505, 37.594536593712014 ], [ 126.984999050684593, 37.5945418225444 ], [ 126.985013605330892, 37.594542477794093 ], [ 126.985089525276152, 37.594540588210329 ], [ 126.985205776317144, 37.594516727351809 ], [ 126.985357536607438, 37.594477555415281 ], [ 126.985433728270834, 37.594449189324969 ], [ 126.985542820613844, 37.594398633698518 ], [ 126.985645266211506, 37.59433703731721 ], [ 126.985700400455627, 37.594295847214411 ], [ 126.985723305850613, 37.594269779401664 ], [ 126.985811975042111, 37.59414536350581 ], [ 126.985828013502498, 37.594116396291646 ], [ 126.985826533506042, 37.594100541474567 ], [ 126.985818159827872, 37.594069394235397 ], [ 126.985820136352956, 37.594039367395041 ], [ 126.985910258411977, 37.59395567610418 ], [ 126.985954828297224, 37.593884952919616 ], [ 126.985990384678729, 37.593848230779145 ], [ 126.986011565692095, 37.593814982737484 ], [ 126.986012678548818, 37.593739540762925 ], [ 126.986018739989319, 37.593683897667304 ], [ 126.986024126791605, 37.593599872574195 ], [ 126.98607178153506, 37.593432193015587 ], [ 126.986092675622388, 37.593372971341516 ], [ 126.986141796373616, 37.593304429957186 ], [ 126.98617159938297, 37.593255725718137 ], [ 126.986260907843189, 37.593157375926822 ], [ 126.986384861343311, 37.593028663733826 ], [ 126.986519064356813, 37.592880832919398 ], [ 126.986584250899696, 37.592770400310258 ], [ 126.986616841934463, 37.59271752114487 ], [ 126.986652745362051, 37.592696294873654 ], [ 126.986691455175546, 37.592683473327376 ], [ 126.986744588884122, 37.592677923618645 ], [ 126.986822375171911, 37.592681765216469 ], [ 126.986946963021481, 37.59269365653978 ], [ 126.986998976836375, 37.592700015791344 ], [ 126.987036431641982, 37.592700817764111 ], [ 126.987105127222918, 37.592690860383335 ], [ 126.987136942436734, 37.59267813515514 ], [ 126.987166221428922, 37.592658922521572 ], [ 126.987314559282581, 37.592532462962957 ], [ 126.987548219993769, 37.592308452034928 ], [ 126.987612608722003, 37.592251720135707 ], [ 126.987663589094566, 37.592212188225126 ], [ 126.988015774299043, 37.59203347459939 ], [ 126.988142325927313, 37.591993824963758 ], [ 126.988282406196674, 37.591952306265988 ], [ 126.988336932102342, 37.591945993762842 ], [ 126.988372400555235, 37.591933783971115 ], [ 126.988399400849403, 37.591920730807189 ], [ 126.988510487749224, 37.591827379471368 ], [ 126.988673518029856, 37.591697545617421 ], [ 126.988792253912479, 37.591590718817329 ], [ 126.988916705421275, 37.591455443013693 ], [ 126.989022142638149, 37.591318234253919 ], [ 126.989098241238054, 37.591256614931609 ], [ 126.989120529512192, 37.591245305411668 ], [ 126.98914118948916, 37.591241388296417 ], [ 126.989198581076877, 37.591238863434675 ], [ 126.989273206558138, 37.591245224944551 ], [ 126.989392219664168, 37.591290310794108 ], [ 126.98950697508198, 37.591345589831143 ], [ 126.989601924647616, 37.591389056650662 ], [ 126.989719673560643, 37.591440528220886 ], [ 126.989782081818916, 37.591463118525176 ], [ 126.989868520786089, 37.59147517775876 ], [ 126.989889014585827, 37.59147698174916 ], [ 126.989909735078385, 37.591477254084303 ], [ 126.989963858110997, 37.591473745554779 ], [ 126.990021717641852, 37.591470147265966 ], [ 126.990100863654661, 37.59146772228997 ], [ 126.990216693939757, 37.59147358983833 ], [ 126.990262663678337, 37.591476297185189 ], [ 126.990349053158724, 37.591494325085684 ], [ 126.990458087364516, 37.59151722036431 ], [ 126.99054798755995, 37.591531284115455 ], [ 126.990675025352701, 37.591551658108486 ], [ 126.990764474861152, 37.591550855406112 ], [ 126.990812936437294, 37.591548156857591 ], [ 126.990883931363328, 37.59153726136099 ], [ 126.990975082232453, 37.591515375610783 ], [ 126.991070763261391, 37.591485381328994 ], [ 126.991133493924252, 37.591464393921839 ], [ 126.991212868560424, 37.591445930692828 ], [ 126.991311719216114, 37.591419900824725 ], [ 126.991382601832782, 37.591400806057493 ], [ 126.991425175529898, 37.591397836456352 ], [ 126.991467974211247, 37.591405768773868 ], [ 126.991485297073766, 37.591412077140575 ], [ 126.991548248110803, 37.591435327880156 ], [ 126.991603724703069, 37.591469930365541 ], [ 126.991674370525828, 37.591529130972646 ], [ 126.991680596542636, 37.591540303701777 ], [ 126.991703121687237, 37.591593914165273 ], [ 126.991719082366899, 37.591627071727274 ], [ 126.991727458912848, 37.591644371328009 ], [ 126.99177126730612, 37.591725193277675 ], [ 126.99182526436104, 37.591820702096776 ], [ 126.99185322762338, 37.591851067572144 ], [ 126.991914817600389, 37.591896211929473 ], [ 126.991962143557686, 37.591921082946342 ], [ 126.991984448310504, 37.59192964410407 ], [ 126.992082387464535, 37.591951545900919 ], [ 126.992107409943245, 37.591958215184917 ], [ 126.99217534512951, 37.591969663086829 ], [ 126.992239544168314, 37.591978317603676 ], [ 126.992304309971658, 37.591982016714482 ], [ 126.992338844219262, 37.591983731276194 ], [ 126.992476870624841, 37.591968875684422 ], [ 126.992570511700151, 37.591954196771518 ], [ 126.992695858133942, 37.591925554896953 ], [ 126.992820411962413, 37.591896192043016 ], [ 126.992917903643388, 37.5918725933902 ], [ 126.993000335580419, 37.591852687607869 ], [ 126.993321456963614, 37.591778919704907 ], [ 126.993518477792136, 37.591731181037417 ], [ 126.993637483785776, 37.591692807097559 ], [ 126.993664207140824, 37.591676501056632 ], [ 126.993766346389322, 37.59159695086349 ], [ 126.993823644530437, 37.591546409372704 ], [ 126.99384731010737, 37.591535508998575 ], [ 126.993998132107535, 37.591500110006898 ], [ 126.994048519077708, 37.59149056276901 ], [ 126.994070146590602, 37.591478941433373 ], [ 126.994191645514917, 37.591413807844873 ], [ 126.994286646425266, 37.591376963429788 ], [ 126.994365114255089, 37.591359759403787 ], [ 126.99442308626827, 37.591360844084804 ], [ 126.994523742861105, 37.591382473726142 ], [ 126.994561219790484, 37.591394819431713 ], [ 126.994585675718483, 37.591406353475008 ], [ 126.994681120940953, 37.591461229010996 ], [ 126.994736145686318, 37.591500334921442 ], [ 126.994890691266832, 37.591604948022656 ], [ 126.994966999248405, 37.591686221100055 ], [ 126.995021003547379, 37.591745058383417 ], [ 126.995037646158423, 37.591765962142325 ], [ 126.995156408290214, 37.591923550816674 ], [ 126.995300193160134, 37.592094655457366 ], [ 126.995458924462255, 37.592269995313757 ], [ 126.995513384988342, 37.592297658323595 ], [ 126.995538068723675, 37.592297839773885 ], [ 126.995694551809407, 37.592276043773062 ], [ 126.99574539192912, 37.592267396819061 ], [ 126.995931429103493, 37.592223257528595 ], [ 126.995980910583185, 37.59221244804575 ], [ 126.99619763276111, 37.59216146228826 ], [ 126.996358872946956, 37.59211065391672 ], [ 126.996487615307601, 37.592077863635666 ], [ 126.996609334878968, 37.592083905358422 ], [ 126.996630508263848, 37.592087420077213 ], [ 126.996730937871106, 37.592142564451244 ], [ 126.996798870746886, 37.592204464828576 ], [ 126.996883335689631, 37.592256004494025 ], [ 126.996999845508, 37.592288174161766 ], [ 126.997038229736731, 37.592290337988189 ], [ 126.997187125184169, 37.592284036654952 ], [ 126.997345985405786, 37.592264851407272 ], [ 126.997391050362964, 37.592262150038316 ], [ 126.997579348288525, 37.592271616811828 ], [ 126.99776017234511, 37.592298111655509 ], [ 126.99785992496092, 37.592327486887093 ], [ 126.99789457211233, 37.592341813610695 ], [ 126.997917443859606, 37.592349382581155 ], [ 126.997977106461718, 37.592365842671626 ], [ 126.998270678149865, 37.592467516411212 ], [ 126.998326993567431, 37.592491525581792 ], [ 126.998341332565303, 37.592497638247821 ], [ 126.998662698167209, 37.592515885993933 ], [ 126.999217612828389, 37.592378646639084 ], [ 126.999256113014596, 37.592369124877827 ], [ 126.999390161760687, 37.592329240785588 ], [ 126.999563606852092, 37.592337628349313 ], [ 126.999725503903036, 37.592342962046551 ], [ 126.999792472074134, 37.592324021646888 ], [ 126.999828139081117, 37.592319246945152 ], [ 126.999902077186377, 37.592316364830815 ], [ 127.000169068823638, 37.59234682146554 ], [ 127.000346610199273, 37.592383493434689 ], [ 127.00041511302058, 37.592405478118579 ], [ 127.000503204494649, 37.592420255056524 ], [ 127.000680859668648, 37.592436293977379 ], [ 127.000755363979593, 37.592435303400208 ], [ 127.000827603798584, 37.592425843508011 ], [ 127.000887614976548, 37.592411247894809 ], [ 127.000959288859491, 37.59236899208117 ], [ 127.001208052453734, 37.592134196419337 ], [ 127.00130576830793, 37.592091489966833 ], [ 127.00143643340337, 37.592000670882719 ], [ 127.001551246312985, 37.591907328900895 ], [ 127.001617710840534, 37.591842728266109 ], [ 127.001663965284706, 37.591775218340175 ], [ 127.001705536518998, 37.591689834669154 ], [ 127.001756866588906, 37.591567206959361 ], [ 127.00181688074953, 37.591382904998156 ], [ 127.001817215774352, 37.591351150692141 ], [ 127.001831255690874, 37.591302317284189 ], [ 127.001851270312855, 37.591198220156912 ], [ 127.00181606984296, 37.591046710655156 ], [ 127.001745659427556, 37.590838316636116 ], [ 127.001729010473781, 37.590766051379113 ], [ 127.001711799953966, 37.590694423116055 ], [ 127.001695495319666, 37.590642796711371 ], [ 127.00169424980804, 37.590630453221117 ], [ 127.001690739803735, 37.590626939385444 ], [ 127.001683946260187, 37.590625678016345 ], [ 127.001674661753682, 37.590625227536506 ], [ 127.001654281132275, 37.590625497856998 ], [ 127.001629145032396, 37.590625858276958 ], [ 127.001604008932219, 37.590626218691575 ], [ 127.001592799590327, 37.590626488994495 ], [ 127.00157834180304, 37.590626068242706 ], [ 127.00157220157368, 37.59062490957912 ], [ 127.001564085556424, 37.590623668025366 ], [ 127.001532195544129, 37.590618086432123 ], [ 127.001525839054736, 37.590612502128685 ], [ 127.00152337752867, 37.590607119645419 ], [ 127.00152091600259, 37.590586226708254 ], [ 127.001524637720252, 37.590468276079697 ], [ 127.001525486902892, 37.590369663287014 ], [ 127.001525543503732, 37.590228343809216 ], [ 127.001529619604625, 37.590214919134098 ], [ 127.001536866005765, 37.59020464790553 ], [ 127.001575588936802, 37.590161310520067 ], [ 127.001627445925436, 37.590126982959319 ], [ 127.001663621241875, 37.590103016722239 ], [ 127.001699796535107, 37.590079050473946 ], [ 127.001846743978163, 37.590011482596246 ], [ 127.001907110707805, 37.589977418876437 ], [ 127.001911147078886, 37.589960383040143 ], [ 127.00191967054036, 37.589943269703781 ], [ 127.001970629062541, 37.589861551988207 ], [ 127.002003237393083, 37.589810375914062 ], [ 127.002067095229336, 37.5897081138422 ], [ 127.002100948875665, 37.589654685271491 ], [ 127.002109098633994, 37.589639463990878 ], [ 127.002113054600144, 37.589628533221287 ], [ 127.002155566330316, 37.589564162127665 ], [ 127.002186400230883, 37.589518179287403 ], [ 127.002198687002817, 37.589485550946584 ], [ 127.00221502662724, 37.589393568390939 ], [ 127.002205096602793, 37.589361287957821 ], [ 127.002204999046342, 37.589341232031828 ], [ 127.002209414541511, 37.589316274720872 ], [ 127.002213603672573, 37.589300597556843 ], [ 127.002233077601858, 37.589243835383549 ], [ 127.002257986331927, 37.589197434500683 ], [ 127.002298746269076, 37.589146798878851 ], [ 127.002317994012785, 37.589124274123833 ], [ 127.002318134408199, 37.589124120955411 ], [ 127.002346639185845, 37.58909282954798 ], [ 127.002458276349756, 37.589008046017952 ], [ 127.00270294951298, 37.588867129750973 ], [ 127.002776713718575, 37.588832170766494 ], [ 127.002850477855191, 37.588797211735724 ], [ 127.002915580663853, 37.588777749705315 ], [ 127.002991156600928, 37.588760765217877 ], [ 127.003066732503697, 37.588743780682016 ], [ 127.00312368345817, 37.588737833419991 ], [ 127.003163311402915, 37.588735940806046 ], [ 127.003216073069225, 37.588728642080007 ], [ 127.003265551036904, 37.588711612739729 ], [ 127.003293969619534, 37.5886975118988 ], [ 127.003322388191421, 37.588683411050972 ], [ 127.003345485132044, 37.588663048432068 ], [ 127.003371072358519, 37.588618449269482 ], [ 127.003374242136232, 37.588600069122926 ], [ 127.003377524727355, 37.588565291044901 ], [ 127.003372086616565, 37.588426989909294 ], [ 127.003377227918151, 37.588376400412294 ], [ 127.003388979129198, 37.588326000917995 ], [ 127.003390560521325, 37.588313141131458 ], [ 127.003392123856798, 37.588302653639133 ], [ 127.0033924629453, 37.58827958841303 ], [ 127.003396255299336, 37.58825620778714 ], [ 127.003400047651041, 37.588232827161029 ], [ 127.003407576291679, 37.588208049947951 ], [ 127.003415104927313, 37.588183272734284 ], [ 127.003423256345215, 37.58816110836711 ], [ 127.003431407758242, 37.588138943999255 ], [ 127.003440465166094, 37.5881255191726 ], [ 127.003449522570719, 37.588112094345213 ], [ 127.003463788267396, 37.588102138224471 ], [ 127.003478053960293, 37.588092182101995 ], [ 127.003497301325069, 37.588079027396901 ], [ 127.003507717591106, 37.588073711409137 ], [ 127.00353273936895, 37.588064701132808 ], [ 127.003543551983611, 37.588062223238545 ], [ 127.003554364597591, 37.588059745343273 ], [ 127.003572027099253, 37.588056186145856 ], [ 127.003589689599266, 37.588052626945753 ], [ 127.003600105966697, 37.588051320334046 ], [ 127.003610522333759, 37.588050013721414 ], [ 127.00362637333798, 37.588048436715397 ], [ 127.003642224341576, 37.588046859707283 ], [ 127.003675568116932, 37.588045597723621 ], [ 127.003708911891181, 37.588044335730537 ], [ 127.003759436971407, 37.588039874905732 ], [ 127.003780354635865, 37.588038027487222 ], [ 127.003813924750276, 37.588033566962608 ], [ 127.003847494860707, 37.588029106428436 ], [ 127.003862553140891, 37.588022348741291 ], [ 127.003870591657318, 37.58801514069966 ], [ 127.003922442381011, 37.587865035514653 ], [ 127.00393195198923, 37.587834131526478 ], [ 127.00398954086333, 37.587660284326844 ], [ 127.004039606895816, 37.587514809282105 ], [ 127.004070718645821, 37.587474629173968 ], [ 127.004083034270252, 37.587458721110487 ], [ 127.004101829230095, 37.587434448156401 ], [ 127.004125012441534, 37.587405163822126 ], [ 127.004148222591397, 37.587401919760346 ], [ 127.004165997886119, 37.587391467933408 ], [ 127.004182980447538, 37.587375880505327 ], [ 127.004198943895787, 37.587356959452173 ], [ 127.00420743468888, 37.587335786103843 ], [ 127.00421637794696, 37.587303170230733 ], [ 127.004222037907439, 37.587273527683628 ], [ 127.004226112635408, 37.58724001093546 ], [ 127.004235508539793, 37.587201448546658 ], [ 127.004243093462378, 37.587178112851205 ], [ 127.004251470998952, 37.587156849403165 ], [ 127.004268226899342, 37.587137207533296 ], [ 127.004301286563603, 37.587118646460326 ], [ 127.004329817631685, 37.587106302284973 ], [ 127.004407145708541, 37.587069540215495 ], [ 127.004452093711748, 37.587058006494544 ], [ 127.004494777378426, 37.587048545079966 ], [ 127.00455093429828, 37.58704043478275 ], [ 127.004616488589988, 37.587034846971669 ], [ 127.004666078652562, 37.587025295215156 ], [ 127.004745784936034, 37.587007813947096 ], [ 127.004809187703557, 37.586995468697403 ], [ 127.004873269961124, 37.586987358025624 ], [ 127.004932710186665, 37.586979427650462 ], [ 127.004978224292842, 37.586970866964414 ], [ 127.005013209101918, 37.586966270908661 ], [ 127.005053855117566, 37.586965999403034 ], [ 127.00511193705087, 37.586966087748202 ], [ 127.005171943761823, 37.586966896793577 ], [ 127.005217571414136, 37.586965633993394 ], [ 127.00526863368097, 37.586965362087021 ], [ 127.005316412673423, 37.586967252629137 ], [ 127.005349699559687, 37.586970495101156 ], [ 127.005494056197946, 37.586988510036534 ], [ 127.005532890856017, 37.586991121580169 ], [ 127.0055862176945, 37.586993642514116 ], [ 127.005597879377547, 37.586993732210317 ], [ 127.005658112481484, 37.58699318952263 ], [ 127.005694229541376, 37.586990034801964 ], [ 127.005757405707087, 37.586977869248031 ], [ 127.005829412503218, 37.586956693484261 ], [ 127.005865529375868, 37.586950745656459 ], [ 127.005886927750524, 37.58694687062949 ], [ 127.005905835048154, 37.586939031355513 ], [ 127.005927912307527, 37.586927858314198 ], [ 127.005948744016791, 37.586914613049046 ], [ 127.005961763664743, 37.586903530439422 ], [ 127.005982821424709, 37.586883978261895 ], [ 127.006000482622866, 37.58686523709639 ], [ 127.006013048973855, 37.586847487206185 ], [ 127.006024143405497, 37.586828836385358 ], [ 127.00602957720092, 37.586816222382133 ], [ 127.006036595833365, 37.586799643982147 ], [ 127.006044067473042, 37.586785227929354 ], [ 127.006062860042277, 37.586753512520772 ], [ 127.006080520793731, 37.58672828424784 ], [ 127.006103729084856, 37.586699541913667 ], [ 127.006132711339745, 37.586667195407543 ], [ 127.006241848652664, 37.586564929244147 ], [ 127.006321324865411, 37.586504289716743 ], [ 127.006335928785063, 37.586482755569229 ], [ 127.006347702537937, 37.586466267054249 ], [ 127.006359249858619, 37.586449958744424 ], [ 127.006377136871109, 37.586424640317972 ], [ 127.006393099173152, 37.586399772460929 ], [ 127.006409514441756, 37.586376436258185 ], [ 127.006430684604851, 37.586348504829346 ], [ 127.0064493642694, 37.586325709117908 ], [ 127.006469628990359, 37.586302913336986 ], [ 127.006493742932349, 37.586276873842536 ], [ 127.006516045792381, 37.586257411613872 ], [ 127.00654185826734, 37.58623551657081 ], [ 127.006561557326847, 37.586219928681842 ], [ 127.006574237045044, 37.586207945032349 ], [ 127.006592350719359, 37.586187852278478 ], [ 127.006603218850657, 37.586174787521067 ], [ 127.006611256578879, 37.586162804067321 ], [ 127.00661612441489, 37.586154334593438 ], [ 127.006621671267979, 37.586141540359485 ], [ 127.006626198970906, 37.58612613331136 ], [ 127.006631179374779, 37.586108203483938 ], [ 127.006633781688194, 37.586083065875151 ], [ 127.006631062521009, 37.586055045343038 ], [ 127.006613735857925, 37.585993508780099 ], [ 127.006592785813339, 37.585925845668001 ], [ 127.006575346639167, 37.585873859549828 ], [ 127.006566060637482, 37.585842956142486 ], [ 127.00655745391127, 37.585811422015389 ], [ 127.006550772280065, 37.585785473915998 ], [ 127.006545336285043, 37.585762949508251 ], [ 127.006542391482881, 37.585746191301887 ], [ 127.006537747754905, 37.585719702523392 ], [ 127.006534575727827, 37.585691141415211 ], [ 127.006532196532447, 37.585667085201109 ], [ 127.006532874149542, 37.585641857575787 ], [ 127.006535137260727, 37.585623207077838 ], [ 127.006539665167935, 37.585611043579803 ], [ 127.006548381632882, 37.585591311624178 ], [ 127.006558683145499, 37.585571579600199 ], [ 127.006570909224649, 37.585549865324566 ], [ 127.006582909220825, 37.585533466872349 ], [ 127.00659139979183, 37.585522023990606 ], [ 127.00660328691653, 37.585510851257645 ], [ 127.006613249443632, 37.58550130038067 ], [ 127.006624683868594, 37.585492740523371 ], [ 127.006635099521091, 37.585486973764489 ], [ 127.006653553610874, 37.585480756162553 ], [ 127.00667846116626, 37.585475259064353 ], [ 127.006710388088166, 37.585467779484055 ], [ 127.006742428114521, 37.585458768214558 ], [ 127.006774468114173, 37.585449486640691 ], [ 127.006802205663007, 37.585437862688096 ], [ 127.006823263435976, 37.585427410310594 ], [ 127.006840811464443, 37.58541713828469 ], [ 127.00685756692512, 37.585406325700646 ], [ 127.00687613349055, 37.585390287315334 ], [ 127.006890850871997, 37.585377402552027 ], [ 127.006901605472876, 37.585362355602086 ], [ 127.006911114590466, 37.585346137426654 ], [ 127.006917113924047, 37.585329468918168 ], [ 127.006922433870969, 37.585311719257653 ], [ 127.00692639502175, 37.585291446899276 ], [ 127.006927639189911, 37.585274508312104 ], [ 127.006927637742862, 37.585254506430701 ], [ 127.006923445404652, 37.585209006847087 ], [ 127.006914495229111, 37.58512593637812 ], [ 127.006912795688336, 37.585108187037996 ], [ 127.006908717552449, 37.585076112134161 ], [ 127.006905093204182, 37.585056741107429 ], [ 127.00690101613165, 37.585039352269661 ], [ 127.00689569371076, 37.585022504079838 ], [ 127.006887993595939, 37.585003763927958 ], [ 127.006886607602723, 37.585000767312579 ], [ 127.006879953930493, 37.584986375269466 ], [ 127.006869536574072, 37.584967094648206 ], [ 127.006860138086594, 37.584946552599867 ], [ 127.00685458919601, 37.584928983629617 ], [ 127.006850738704742, 37.58491339675092 ], [ 127.006851416875861, 37.584897539371866 ], [ 127.006853792761305, 37.584874113636083 ], [ 127.006858432391937, 37.584842398729215 ], [ 127.006867600055273, 37.584801763858302 ], [ 127.006879144770366, 37.584754281386964 ], [ 127.006892387773348, 37.584707519625404 ], [ 127.006908687680522, 37.584661748806788 ], [ 127.006923290048604, 37.58462606910367 ], [ 127.006934949569057, 37.584601381559764 ], [ 127.006950571365309, 37.584572639396491 ], [ 127.00696415539754, 37.584545879493682 ], [ 127.006973664220226, 37.584527228649435 ], [ 127.006986342274104, 37.584497315335504 ], [ 127.00700003913289, 37.584465600001252 ], [ 127.007013849308919, 37.584435416335758 ], [ 127.007029584495513, 37.58440991770474 ], [ 127.007055055499436, 37.584374057278801 ], [ 127.007069319430741, 37.584356397287593 ], [ 127.007085960874463, 37.584338466886756 ], [ 127.007095017266394, 37.584326393249697 ], [ 127.007105884534312, 37.584306571048401 ], [ 127.007125352522579, 37.584237464514366 ], [ 127.007138708225042, 37.584187098772432 ], [ 127.007159532790894, 37.584092133873462 ], [ 127.007178885855183, 37.584001854166246 ], [ 127.007188731257116, 37.583944370796623 ], [ 127.007196765949033, 37.583896798357223 ], [ 127.007198350226659, 37.583887067633711 ], [ 127.007198236586859, 37.583881481526824 ], [ 127.007198121489324, 37.583856704421073 ], [ 127.007196535098146, 37.58383859468141 ], [ 127.007192796084084, 37.583800302961563 ], [ 127.007193134342003, 37.583782012931991 ], [ 127.007195283880165, 37.583761560449176 ], [ 127.007197206767685, 37.583738224822305 ], [ 127.007199468977859, 37.583710654545349 ], [ 127.007209426402412, 37.583638214799812 ], [ 127.007214406521342, 37.583620555235974 ], [ 127.00722063209956, 37.583604156991989 ], [ 127.007229121762094, 37.583584965581828 ], [ 127.00724553511661, 37.583548114463007 ], [ 127.007258213497437, 37.583526039692373 ], [ 127.007276439539197, 37.583505766621734 ], [ 127.007300439334031, 37.583482970504981 ], [ 127.007320929671408, 37.583462967612157 ], [ 127.007328853925301, 37.583452876180061 ], [ 127.007342664651802, 37.58343386469646 ], [ 127.007349909554819, 37.583423052507648 ], [ 127.007361116014607, 37.583399986713644 ], [ 127.007366662310446, 37.58338430928373 ], [ 127.007375151247146, 37.583356648594531 ], [ 127.007378320113972, 37.583342052464957 ], [ 127.007382846276059, 37.583311148422176 ], [ 127.007382618355877, 37.583292137629918 ], [ 127.007380352100853, 37.583267090332868 ], [ 127.007376840304374, 37.583239700534001 ], [ 127.007372082657781, 37.583206003894894 ], [ 127.007366530717846, 37.583149332152423 ], [ 127.007360414348113, 37.583113563311855 ], [ 127.007347731150574, 37.583072569076421 ], [ 127.007337426221881, 37.583041305370926 ], [ 127.007325196437492, 37.583007158603813 ], [ 127.007317043566204, 37.582988418495731 ], [ 127.007302096808687, 37.582956163929936 ], [ 127.007284772840805, 37.58292742332366 ], [ 127.007256918506897, 37.582879402126245 ], [ 127.007232801271826, 37.582844535136999 ], [ 127.007199287057247, 37.582806334946817 ], [ 127.007190908536302, 37.582797145292133 ], [ 127.007173698604561, 37.582778225411062 ], [ 127.007145392580028, 37.582743989294158 ], [ 127.007123653279308, 37.582713807295846 ], [ 127.007102367099677, 37.582686958920377 ], [ 127.007084024442349, 37.582659479711943 ], [ 127.00706817246359, 37.582631549890472 ], [ 127.00705775513984, 37.582608935629636 ], [ 127.007045639573249, 37.582585690757057 ], [ 127.007031145973443, 37.582554877711246 ], [ 127.007016765890484, 37.582528028996926 ], [ 127.007000007881345, 37.582494963587216 ], [ 127.006986533198244, 37.582463609896486 ], [ 127.006978380168462, 37.582440725227286 ], [ 127.006969660946098, 37.582416038611406 ], [ 127.006959922725372, 37.582390180759802 ], [ 127.006955053293325, 37.582372791952501 ], [ 127.00695301428398, 37.582356664395249 ], [ 127.006952673858777, 37.582345852577724 ], [ 127.006955163349019, 37.582329364417483 ], [ 127.00696161487646, 37.582307109763462 ], [ 127.006973726184683, 37.582272961830967 ], [ 127.006982101967139, 37.582245841761683 ], [ 127.006991949406284, 37.582217280045654 ], [ 127.007005080408646, 37.582194124092851 ], [ 127.007017645345158, 37.582171058263498 ], [ 127.007037116024293, 37.582144838658692 ], [ 127.007057605478096, 37.582116907129063 ], [ 127.007077642433984, 37.582093931040831 ], [ 127.007099604034224, 37.58207149544986 ], [ 127.007112961787229, 37.582053475094803 ], [ 127.007139790642412, 37.58201950664273 ], [ 127.007161298991335, 37.581992295834951 ], [ 127.007165261085419, 37.581987700616104 ], [ 127.007177374008066, 37.581976798103682 ], [ 127.007189487111688, 37.581968328252621 ], [ 127.007204317320685, 37.581959948368066 ], [ 127.007223902294939, 37.581949495983835 ], [ 127.007241336411994, 37.581941476363205 ], [ 127.007266582022496, 37.581931293993165 ], [ 127.007286054046034, 37.581924445548722 ], [ 127.007304959968693, 37.581917146635703 ], [ 127.007335753134697, 37.581909036247005 ], [ 127.007364168825234, 37.581900835869384 ], [ 127.007396320485, 37.581892184805881 ], [ 127.007420433983185, 37.581882633149533 ], [ 127.007442396346377, 37.581871910314177 ], [ 127.007457565966249, 37.581861277915237 ], [ 127.007473074752554, 37.581844789087057 ], [ 127.007490168238789, 37.581824966527776 ], [ 127.007509752177612, 37.581802530979687 ], [ 127.007529675422802, 37.581776131071784 ], [ 127.007543032700042, 37.581754146327938 ], [ 127.007555484395368, 37.581733693305345 ], [ 127.007568955212236, 37.581715943187724 ], [ 127.007580615008024, 37.581702878289768 ], [ 127.007594199596511, 37.581692155855698 ], [ 127.007611407152893, 37.581683685698657 ], [ 127.007631897665362, 37.581672872805001 ], [ 127.00765578456452, 37.58166242012576 ], [ 127.007676841318116, 37.581653949758973 ], [ 127.007696992549, 37.581647641802704 ], [ 127.007723143791921, 37.581638630569202 ], [ 127.007751898605321, 37.581626015247622 ], [ 127.0077826911199, 37.581612138430216 ], [ 127.00781291757815, 37.581598441832156 ], [ 127.007843143880564, 37.581583033352523 ], [ 127.007866238077142, 37.581570688601929 ], [ 127.007885482990886, 37.581557533166865 ], [ 127.007898161859956, 37.581547351338124 ], [ 127.007916614247918, 37.581533835546267 ], [ 127.007920463205934, 37.581530952181694 ], [ 127.007940160537387, 37.581513021486074 ], [ 127.007958273064162, 37.58149707304328 ], [ 127.007975366567877, 37.581479863272655 ], [ 127.007987705285046, 37.581464005239489 ], [ 127.008002534304509, 37.581444092630171 ], [ 127.008016118002601, 37.581424360284743 ], [ 127.008031625939466, 37.581400573393417 ], [ 127.008046907726282, 37.581380030063002 ], [ 127.008061849680558, 37.581357324382331 ], [ 127.00807645212528, 37.581336150395195 ], [ 127.008108713979553, 37.581296955696544 ], [ 127.00812444900788, 37.581281367754876 ], [ 127.008134637248006, 37.58127235732173 ], [ 127.008150712092018, 37.581258931724456 ], [ 127.008165201985662, 37.581245686411471 ], [ 127.008183314520167, 37.581231089412839 ], [ 127.008200521533311, 37.581218474632408 ], [ 127.008217728645576, 37.581207031131626 ], [ 127.008236407525018, 37.581195857840434 ], [ 127.00825950168327, 37.581185134787425 ], [ 127.008278294210314, 37.581178916907589 ], [ 127.008291199939336, 37.581174861729728 ], [ 127.008309539550311, 37.581167923081907 ], [ 127.008329463837612, 37.581157920986421 ], [ 127.008348255924091, 37.581147017966828 ], [ 127.008367387663782, 37.581136385220383 ], [ 127.008388556985992, 37.581123409787921 ], [ 127.008405084688718, 37.581110975214237 ], [ 127.008418782129681, 37.581098811099594 ], [ 127.008438026232795, 37.581079258570732 ], [ 127.008457270442946, 37.581060967419482 ], [ 127.008470741217735, 37.581046370648991 ], [ 127.008484325122865, 37.581030962982581 ], [ 127.008494739505991, 37.581019790137503 ], [ 127.008507530704676, 37.581002039950796 ], [ 127.008517152316031, 37.580987803797179 ], [ 127.008527226734174, 37.580973207221319 ], [ 127.008537187692099, 37.580955997791023 ], [ 127.008546355905864, 37.580935995349463 ], [ 127.008552807551496, 37.580921308888271 ], [ 127.008561296151726, 37.580897702540611 ], [ 127.008569784534174, 37.580871843726449 ], [ 127.008575555943537, 37.580846976158966 ], [ 127.008581893837217, 37.580826703587491 ], [ 127.008586534050792, 37.580811566739385 ], [ 127.008594457614166, 37.580798952456057 ], [ 127.008604871624101, 37.580784355852764 ], [ 127.008614493094854, 37.580769128605723 ], [ 127.00862785037863, 37.580752459554787 ], [ 127.008640189180625, 37.580740205396864 ], [ 127.008662149965986, 37.580718310101858 ], [ 127.008677318919581, 37.580704974585075 ], [ 127.00870414754128, 37.580681006718251 ], [ 127.008735617179539, 37.580650821755761 ], [ 127.008747955859988, 37.580637666599976 ], [ 127.008749653661042, 37.580633972451935 ], [ 127.008826727411858, 37.580402414206368 ], [ 127.008831820795564, 37.580391421856916 ], [ 127.008831706501567, 37.580380339731278 ], [ 127.008828081433705, 37.580356373717429 ], [ 127.008792522691849, 37.580245734781954 ], [ 127.008769303896131, 37.580134824780586 ], [ 127.008764771182797, 37.580090226229949 ], [ 127.008764541917174, 37.580060854085815 ], [ 127.00876419828974, 37.580019588927293 ], [ 127.008756157206662, 37.57998652321745 ], [ 127.008741436447309, 37.579950124265785 ], [ 127.008717205310148, 37.579905436816723 ], [ 127.008676783821059, 37.579845703870859 ], [ 127.008622323925991, 37.579780475738431 ], [ 127.008571826565358, 37.579716508724601 ], [ 127.008509102030487, 37.579645244422309 ], [ 127.008460530054222, 37.579588214841621 ], [ 127.008405958156359, 37.579531996478408 ], [ 127.008385012991923, 37.579515419546205 ], [ 127.008348897286098, 37.579492626681748 ], [ 127.008283005679317, 37.579447581148315 ], [ 127.008246097406143, 37.579422896225793 ], [ 127.008212358814731, 37.579396138842938 ], [ 127.008189262252557, 37.579373795683587 ], [ 127.008158465943126, 37.579333703517712 ], [ 127.008121781272479, 37.579276042434834 ], [ 127.008106494665668, 37.579236760274149 ], [ 127.008089282012648, 37.579180179276001 ], [ 127.008070256324757, 37.579103866768982 ], [ 127.008065157064152, 37.579048005882463 ], [ 127.008061981528286, 37.578982774627796 ], [ 127.008062654713299, 37.578913488719259 ], [ 127.008061970751214, 37.578859609756606 ], [ 127.008057438544995, 37.578815101267743 ], [ 127.008050978869321, 37.578736895984214 ], [ 127.008037386887779, 37.578655898034668 ], [ 127.008029571919025, 37.578614002585738 ], [ 127.008023002295559, 37.578572737758059 ], [ 127.008023000250176, 37.578549222005783 ], [ 127.008025828717919, 37.578529490241529 ], [ 127.008040994291974, 37.578481196518069 ], [ 127.00807789388486, 37.578412989780666 ], [ 127.00810619204546, 37.578371723013909 ], [ 127.008136640231868, 37.578320545265662 ], [ 127.00815305261527, 37.578290811782765 ], [ 127.00818101189418, 37.578258825179539 ], [ 127.008235912627299, 37.578207195528925 ], [ 127.008291831933533, 37.578153223228384 ], [ 127.008321715829311, 37.57812357904622 ], [ 127.008348541861523, 37.578080149935928 ], [ 127.008371632217717, 37.578038613108326 ], [ 127.008378423052633, 37.578021584064125 ], [ 127.008383288256326, 37.577992391810106 ], [ 127.008391433844722, 37.577934908380065 ], [ 127.008391204657968, 37.577904725336253 ], [ 127.008376255495691, 37.577840215551547 ], [ 127.008368666785401, 37.577797779513993 ], [ 127.008364022995067, 37.577772281856859 ], [ 127.008350318746722, 37.577703357159834 ], [ 127.00833865264255, 37.577638937276788 ], [ 127.008339214793963, 37.577596410666089 ], [ 127.008335701820457, 37.577557037744377 ], [ 127.00833920981421, 37.577541810864226 ], [ 127.0083481510122, 37.577519195577672 ], [ 127.00836682664081, 37.577482794627358 ], [ 127.008381202137116, 37.577464954253038 ], [ 127.008406558440385, 37.577445581559132 ], [ 127.008524622787192, 37.577347186846907 ], [ 127.008553261126508, 37.577318804057604 ], [ 127.008572730284357, 37.577295557434574 ], [ 127.008596726667676, 37.577261949187807 ], [ 127.00861653555026, 37.577240144115997 ], [ 127.00863985327311, 37.577212932907869 ], [ 127.008650266611625, 37.577196624416587 ], [ 127.008660678775342, 37.577168062502658 ], [ 127.008670409545516, 37.577116975956386 ], [ 127.008677422740703, 37.577059222270549 ], [ 127.008682286919282, 37.577021200327685 ], [ 127.008684209238723, 37.576998585439348 ], [ 127.00868182959411, 37.576974168838099 ], [ 127.008672430053636, 37.576937319042649 ], [ 127.008657030233124, 37.576895964674478 ], [ 127.008629967359894, 37.576823346760058 ], [ 127.008616718595633, 37.576783253637949 ], [ 127.008610601576493, 37.576741448210697 ], [ 127.008596443721302, 37.576664594871978 ], [ 127.008586817163163, 37.576620447086839 ], [ 127.008560999154298, 37.576541972663193 ], [ 127.008530087127454, 37.576464759917293 ], [ 127.008514234287048, 37.576419351112499 ], [ 127.008474606024649, 37.57634619330819 ], [ 127.008459206627592, 37.576306911180154 ], [ 127.008438935767472, 37.576227535412372 ], [ 127.008431346985503, 37.576182936998258 ], [ 127.00842658841421, 37.576139509700923 ], [ 127.008430316410397, 37.576055897883542 ], [ 127.008431106120881, 37.57602652565884 ], [ 127.008417057076798, 37.57589858631502 ], [ 127.00841456149324, 37.575843175754436 ], [ 127.008419651043837, 37.575793350870249 ], [ 127.008428250759081, 37.575752986144735 ], [ 127.008441151999179, 37.575710638994487 ], [ 127.008452130109674, 37.5756827077495 ], [ 127.008468882009126, 37.575659551395404 ], [ 127.008501140872553, 37.575616752603224 ], [ 127.008543812502595, 37.575554131465687 ], [ 127.008550830257832, 37.575545391472566 ], [ 127.008600860180294, 37.575484842145592 ], [ 127.008651229380561, 37.575421679913475 ], [ 127.008676130222256, 37.575382575563452 ], [ 127.008721516245444, 37.575297249317607 ], [ 127.008765431774407, 37.575224717161504 ], [ 127.008781956404604, 37.575194713272396 ], [ 127.008806966880329, 37.575120470385414 ], [ 127.008817491774309, 37.575090647058488 ], [ 127.008840011302851, 37.575011989479727 ], [ 127.008859702637579, 37.574952703297136 ], [ 127.008891048349938, 37.574838816556138 ], [ 127.008906211424559, 37.574778449461981 ], [ 127.008915150196117, 37.574736372796991 ], [ 127.008913900648523, 37.574692584893775 ], [ 127.008907330543636, 37.574647896336046 ], [ 127.008895100749029, 37.574606992277971 ], [ 127.00887200026223, 37.574531761279822 ], [ 127.008840745966438, 37.574422113066689 ], [ 127.008812776963069, 37.574336791298315 ], [ 127.008791941124926, 37.57426633537402 ], [ 127.008782878349166, 37.574197320301167 ], [ 127.008776530273437, 37.574106320968248 ], [ 127.008779239121196, 37.574024240852005 ], [ 127.00878308064101, 37.573949098267796 ], [ 127.008790771936106, 37.573883956405567 ], [ 127.008803332363371, 37.573834581521481 ], [ 127.00881725209058, 37.573794576820717 ], [ 127.008845434498681, 37.573749255408032 ], [ 127.008874976008812, 37.573711412099236 ], [ 127.008901009311515, 37.573683930357689 ], [ 127.008913911797976, 37.573660503876944 ], [ 127.008917419500264, 37.573645367068259 ], [ 127.008914134438356, 37.573622482193109 ], [ 127.008894545341306, 37.573566622196928 ], [ 127.008873258294813, 37.573510942500235 ], [ 127.008859216899509, 37.573463821729803 ], [ 127.008847552634407, 37.573415889921087 ], [ 127.008845399017332, 37.573387058455559 ], [ 127.008851620108928, 37.573337233461622 ], [ 127.008858407375087, 37.573289300505472 ], [ 127.008869041595361, 37.573222897065328 ], [ 127.008870621426311, 37.573172441666614 ], [ 127.008865635782712, 37.573122797564935 ], [ 127.008855670490121, 37.573084416116238 ], [ 127.008818193167315, 37.572998193932627 ], [ 127.008814682539764, 37.572983237756496 ], [ 127.008808563516837, 37.572918817525043 ], [ 127.008820208056648, 37.572707764973181 ], [ 127.008891549060252, 37.572603227959483 ], [ 127.009036262032566, 37.572525898780597 ], [ 127.009106899551313, 37.572498979959782 ], [ 127.009241334578306, 37.572462946154005 ], [ 127.009317385361484, 37.572427691816259 ], [ 127.009375859723562, 37.572370076087317 ], [ 127.009554313615084, 37.572101558943572 ], [ 127.009585464153588, 37.572014651151505 ], [ 127.009606688027645, 37.571809680402758 ], [ 127.009753798561178, 37.571835689857643 ], [ 127.009810975799141, 37.571653584522629 ], [ 127.012556493299883, 37.572245189754447 ], [ 127.015585845536663, 37.57315469664568 ] ] ] } },
{ "type": "Feature", "properties": { "OBJECTID": 3853, "ID": "중심지_37", "CODE": "ZON520", "ENT_NAME": "중심지", "JOSER_ID": null, "GOSI_ID": null, "LABEL": "용산광역중심(도심권)", "GOSI_DATE": null }, "geometry": { "type": "Polygon", "coordinates": [ [ [ 126.974268311211802, 37.537848993648446 ], [ 126.974301011238225, 37.537690903960964 ], [ 126.974301046362129, 37.537690769721117 ], [ 126.974761234303159, 37.537706808937074 ], [ 126.974861327146286, 37.537710815762274 ], [ 126.974871378260403, 37.537595245863997 ], [ 126.974876418413473, 37.537491627405025 ], [ 126.974881450892099, 37.537415909090846 ], [ 126.974891507603317, 37.537284397016251 ], [ 126.974896542886398, 37.537200706713243 ], [ 126.974906602943861, 37.537053252462549 ], [ 126.974906618521089, 37.537009413748898 ], [ 126.974921723097637, 37.536758344623593 ], [ 126.974931797192824, 37.536571037635781 ], [ 126.974941852569785, 37.536439525537595 ], [ 126.974946893112502, 37.536343879042541 ], [ 126.974951910456625, 37.536304027442455 ], [ 126.974951921765893, 37.536272144901368 ], [ 126.974961989503399, 37.536108750253 ], [ 126.974967013887465, 37.536048973187945 ], [ 126.974967030842151, 37.536001147572179 ], [ 126.974972055783965, 37.535949341592811 ], [ 126.974972072735042, 37.53590151687721 ], [ 126.974977078737609, 37.535893547816357 ], [ 126.974977119694046, 37.535777973821247 ], [ 126.974982150542957, 37.535706239672329 ], [ 126.974987177427465, 37.535642475707753 ], [ 126.974992217285887, 37.535538860813141 ], [ 126.974992218697622, 37.535534874819248 ], [ 126.975012258977699, 37.535479085310243 ], [ 126.975022277687614, 37.535447205911176 ], [ 126.975032300061713, 37.535411339616594 ], [ 126.97504732979489, 37.535363518262365 ], [ 126.97507739287235, 37.535263893157399 ], [ 126.975082404447377, 37.535239983718789 ], [ 126.975102446261175, 37.535176223104095 ], [ 126.975107455012164, 37.535160282949384 ], [ 126.975177539932091, 37.535104504589128 ], [ 126.975042414273716, 37.535112445463163 ], [ 126.975017398908818, 37.535092512583233 ], [ 126.975332763659637, 37.534861434881968 ], [ 126.975452898561429, 37.534785741972868 ], [ 126.975613081976121, 37.534670203189521 ], [ 126.975688165515919, 37.534618410711566 ], [ 126.975758248125743, 37.534566617094796 ], [ 126.97584336971525, 37.53443113522831 ], [ 126.975833365627409, 37.534415192677201 ], [ 126.97581338000758, 37.534327510854858 ], [ 126.975798393870079, 37.534243816111747 ], [ 126.975778404941977, 37.53415613608221 ], [ 126.975738444097544, 37.533944905659141 ], [ 126.9756784897898, 37.533653967150975 ], [ 126.975653510522747, 37.533530417445434 ], [ 126.975613547853385, 37.533323172953011 ], [ 126.975503607581857, 37.53287281054223 ], [ 126.97541354692477, 37.532824965926487 ], [ 126.97538352698993, 37.53280503381221 ], [ 126.975358509520305, 37.532793072988504 ], [ 126.975333492321042, 37.532777125262456 ], [ 126.975313477837688, 37.532765164637226 ], [ 126.975238430852784, 37.532717325019227 ], [ 126.975188400229243, 37.532681447119188 ], [ 126.97514837362921, 37.532657525816298 ], [ 126.975098341683477, 37.532625632071671 ], [ 126.975058314010653, 37.532601710737794 ], [ 126.97498827285024, 37.532549886084695 ], [ 126.97492823457543, 37.532510019828827 ], [ 126.974818163242517, 37.532442245673934 ], [ 126.974813159164057, 37.532442244542594 ], [ 126.974783141805489, 37.532422311374042 ], [ 126.974718100551343, 37.532370487690841 ], [ 126.974467955768532, 37.53217913527282 ], [ 126.974347886213138, 37.53208346181588 ], [ 126.974227815833785, 37.531987786433127 ], [ 126.974092742866489, 37.531876167061363 ], [ 126.974012702959755, 37.531796441128172 ], [ 126.973992693009194, 37.531776510987719 ], [ 126.973917665479519, 37.531680847575558 ], [ 126.973792599993516, 37.53156125729825 ], [ 126.973737568642036, 37.531517407410938 ], [ 126.973687543632096, 37.531473556875468 ], [ 126.973657531408165, 37.531441667229934 ], [ 126.973622510674929, 37.531409776393751 ], [ 126.973557472296932, 37.531369908252564 ], [ 126.973507491784574, 37.531198527366875 ], [ 126.973507493274383, 37.531194543172056 ], [ 126.973547562854847, 37.531102890950834 ], [ 126.973572607719035, 37.53103913173544 ], [ 126.973602659136688, 37.530971390403153 ], [ 126.973592651531348, 37.530967401139115 ], [ 126.973557627003714, 37.530955436662907 ], [ 126.973562631338297, 37.530951453652172 ], [ 126.973467561301092, 37.530927519632733 ], [ 126.973447546116617, 37.530919543783853 ], [ 126.973442536527472, 37.530931498783161 ], [ 126.973387497630881, 37.53091554349983 ], [ 126.973352467533431, 37.530915535151394 ], [ 126.973297421530489, 37.530915522011732 ], [ 126.973242372891647, 37.530919494843133 ], [ 126.97316730494633, 37.530935417233188 ], [ 126.973052201744267, 37.53095133173526 ], [ 126.97300716102491, 37.530955305066605 ], [ 126.972967126930001, 37.530955295395849 ], [ 126.972837018212758, 37.530951279677318 ], [ 126.972822005540735, 37.530947290033446 ], [ 126.972791987386159, 37.530935326546427 ], [ 126.97277697890911, 37.530923366705217 ], [ 126.972711939140524, 37.530883498995891 ], [ 126.972691928246732, 37.530867552827239 ], [ 126.972641903961247, 37.530815731651572 ], [ 126.972646910598556, 37.530811746878136 ], [ 126.972561869812566, 37.530728034529737 ], [ 126.972531858366565, 37.530696144594437 ], [ 126.972516855738462, 37.53067223033262 ], [ 126.972506846275252, 37.530676212069935 ], [ 126.972441779436366, 37.530704094448083 ], [ 126.972401740411442, 37.53072002497035 ], [ 126.972386734008012, 37.53070009488669 ], [ 126.97234172163364, 37.530640304625514 ], [ 126.972296700141797, 37.53059247053497 ], [ 126.972261688448569, 37.530548623102369 ], [ 126.972261696230873, 37.53052869672036 ], [ 126.972286743128379, 37.530464937772095 ], [ 126.972231750857446, 37.530325439458167 ], [ 126.972186740821854, 37.530257677139204 ], [ 126.972196772085141, 37.530197900474953 ], [ 126.972216789784909, 37.530189935249098 ], [ 126.972311885186826, 37.53015409022791 ], [ 126.97244701580577, 37.530102314603234 ], [ 126.972396997143306, 37.53004650912267 ], [ 126.97232696995313, 37.529966784491187 ], [ 126.972191848153685, 37.529990664303277 ], [ 126.971951633654399, 37.530026472089531 ], [ 126.971346106689509, 37.530082113016363 ], [ 126.971236010426381, 37.530090054133133 ], [ 126.971040882990152, 37.530002328207658 ], [ 126.970910799463965, 37.529946500508949 ], [ 126.97088578366359, 37.529934538732725 ], [ 126.970810732414918, 37.529902636666201 ], [ 126.970710670516723, 37.529854785840705 ], [ 126.970580584098656, 37.529798958677226 ], [ 126.970450500137957, 37.529743129568622 ], [ 126.970350434762054, 37.529699264433951 ], [ 126.97026537785365, 37.529663375182736 ], [ 126.970225355036632, 37.529643438198896 ], [ 126.970170318845064, 37.529619511219522 ], [ 126.970075257143478, 37.529579633176965 ], [ 126.970025224932172, 37.529555707461739 ], [ 126.969805083152607, 37.529460000818212 ], [ 126.969745046173969, 37.529432088100791 ], [ 126.969675002052526, 37.529400186656922 ], [ 126.969639975491674, 37.529396193012118 ], [ 126.969675025768296, 37.529344393498363 ], [ 126.969675672785101, 37.529344637842222 ], [ 126.969721097925131, 37.529310023971526 ], [ 126.969765292801029, 37.529327226830596 ], [ 126.969912010857499, 37.529307390250558 ], [ 126.969924665344152, 37.529295311303756 ], [ 126.969980678667909, 37.529235977784211 ], [ 126.970010868758891, 37.52919420673922 ], [ 126.970140515283177, 37.529013763095371 ], [ 126.970198226285731, 37.528930211194755 ], [ 126.970247905851338, 37.528947063940784 ], [ 126.970302686330072, 37.528969945665736 ], [ 126.970747344677079, 37.529158946781024 ], [ 126.971105324634365, 37.529309919993558 ], [ 126.971377194003523, 37.529426145857968 ], [ 126.971388017850401, 37.529430770719848 ], [ 126.971408268874711, 37.529402133278545 ], [ 126.971431045335805, 37.529369874480246 ], [ 126.971296104666081, 37.529272037107248 ], [ 126.971030422730408, 37.528967955348868 ], [ 126.97101303840607, 37.528985601337922 ], [ 126.970888652970999, 37.528838238563154 ], [ 126.970703164169421, 37.528641692468362 ], [ 126.970682730657899, 37.528588555500512 ], [ 126.970590345992093, 37.528512000887275 ], [ 126.970352133255076, 37.528406693121703 ], [ 126.97016637096317, 37.528326212192837 ], [ 126.970128072888656, 37.528309263326747 ], [ 126.969985485174163, 37.528245389894906 ], [ 126.969875655099699, 37.528196995144164 ], [ 126.96967721664187, 37.528107878520359 ], [ 126.96957083850036, 37.528054402807207 ], [ 126.969455614174009, 37.528002393217676 ], [ 126.969338376680767, 37.527949445932634 ], [ 126.969337864670138, 37.527948346579919 ], [ 126.969340347420413, 37.527949446469542 ], [ 126.969320348854197, 37.527913574233615 ], [ 126.969320352279581, 37.527905604037862 ], [ 126.969290369094196, 37.527805963896128 ], [ 126.969290403381919, 37.527726257431688 ], [ 126.969290415382687, 37.527698359943614 ], [ 126.969285417348686, 37.527682417284815 ], [ 126.969270447785419, 37.527590751427581 ], [ 126.969265470350791, 37.527526985788249 ], [ 126.96926047806565, 37.52749510273501 ], [ 126.96925050661676, 37.527411407533606 ], [ 126.969245522890247, 37.527367567383351 ], [ 126.969250537513261, 37.527339672161354 ], [ 126.969250546095509, 37.527319745769006 ], [ 126.969240567226933, 37.527255977858239 ], [ 126.969235586991289, 37.527196197312037 ], [ 126.969225600148945, 37.527148371593917 ], [ 126.969185608779824, 37.527056697072005 ], [ 126.969175608813771, 37.527036767938554 ], [ 126.969155612291573, 37.52699690966984 ], [ 126.96912562392734, 37.526913209865619 ], [ 126.969150696976769, 37.526789673262279 ], [ 126.969160709541313, 37.526777720708331 ], [ 126.969250836173927, 37.526646228982948 ], [ 126.969380965701802, 37.526586485269519 ], [ 126.969400982735323, 37.526578520515628 ], [ 126.969471040002887, 37.526578539544452 ], [ 126.969676211494701, 37.526554682636146 ], [ 126.970061521702192, 37.52653485948391 ], [ 126.970171617866413, 37.526514963257199 ], [ 126.970191635393917, 37.52651098166664 ], [ 126.970321761674739, 37.526451236914234 ], [ 126.97039683408984, 37.52642336012191 ], [ 126.97062711474166, 37.526180317792935 ], [ 126.970697205950884, 37.526088674308269 ], [ 126.970717257234682, 37.526004987941626 ], [ 126.970692254259646, 37.525965126818285 ], [ 126.970602282781513, 37.525725986505577 ], [ 126.970507309914069, 37.525482856998678 ], [ 126.970462322424922, 37.525363286771466 ], [ 126.970432299138764, 37.525367264874852 ], [ 126.970177090542023, 37.525391108033837 ], [ 126.970167167837445, 37.525191841383858 ], [ 126.970407337897853, 37.525227771689323 ], [ 126.970432360317631, 37.525219808076976 ], [ 126.970607518752416, 37.525160074839 ], [ 126.970627504164071, 37.525235799674249 ], [ 126.970637503145142, 37.525255728690688 ], [ 126.970747603198163, 37.525215904620396 ], [ 126.970857700504112, 37.525188036648089 ], [ 126.970977814658866, 37.525136258759986 ], [ 126.971042875431579, 37.525104392960166 ], [ 126.971193020677958, 37.52503668219564 ], [ 126.97138320003846, 37.524949053255192 ], [ 126.9714182342192, 37.524929135785257 ], [ 126.971643460041562, 37.524797678343567 ], [ 126.971678495213268, 37.524777761697159 ], [ 126.971808625199785, 37.524698087984333 ], [ 126.971938755598899, 37.524622399227702 ], [ 126.972043859883385, 37.524558660287447 ], [ 126.972068883472602, 37.524546710326078 ], [ 126.972123936870744, 37.524518827433539 ], [ 126.972158970653481, 37.524498909742256 ], [ 126.972199010226504, 37.524478993283154 ], [ 126.972219027956243, 37.524467042047128 ], [ 126.972239047515771, 37.524459076809848 ], [ 126.972334136893423, 37.524411277331509 ], [ 126.972394195896612, 37.524383393747009 ], [ 126.972509303031757, 37.524331614861218 ], [ 126.972529320672677, 37.524319663572257 ], [ 126.972599394288395, 37.524271855935098 ], [ 126.972759591731574, 37.524072630991434 ], [ 126.972869723965985, 37.523941141311106 ], [ 126.972899756424169, 37.523917237984826 ], [ 126.972969833238025, 37.523853489720757 ], [ 126.972984848305089, 37.523841537144371 ], [ 126.973014880687302, 37.523817631986375 ], [ 126.973034901887246, 37.523801696411319 ], [ 126.973104986034116, 37.523718021660386 ], [ 126.97318507512135, 37.52364232127151 ], [ 126.973230125349644, 37.523598493251761 ], [ 126.973300203085344, 37.523530758785945 ], [ 126.973350257789946, 37.523486933716939 ], [ 126.973410322745025, 37.523431153001596 ], [ 126.973420330061501, 37.523427169380106 ], [ 126.973470385757892, 37.523383344259635 ], [ 126.97353045054048, 37.523327563482127 ], [ 126.973575497404539, 37.523291707332483 ], [ 126.973600523649495, 37.523267801739905 ], [ 126.973745677515737, 37.523148276603358 ], [ 126.973785720714474, 37.523112417393847 ], [ 126.973865806995889, 37.523040701636354 ], [ 126.97390584894805, 37.523004843286138 ], [ 126.97396591017241, 37.522957032486175 ], [ 126.974030981409456, 37.522897268416841 ], [ 126.974106057154032, 37.522837506633188 ], [ 126.974146101145408, 37.522801647299715 ], [ 126.97415611092481, 37.522793679415116 ], [ 126.974146105512915, 37.522789691094111 ], [ 126.97420616786367, 37.522737895969513 ], [ 126.974286250762859, 37.522670165023399 ], [ 126.974356327493084, 37.522606415922702 ], [ 126.97439636753532, 37.522574544307005 ], [ 126.97441638810993, 37.522558606692151 ], [ 126.974366344756788, 37.522574537409625 ], [ 126.974336321349512, 37.522582500708509 ], [ 126.974216219417002, 37.522618339828647 ], [ 126.974196200559376, 37.522626305403854 ], [ 126.974156167679922, 37.522638252344173 ], [ 126.974146159376673, 37.522642236028332 ], [ 126.974111130232103, 37.522650198109773 ], [ 126.974091113944354, 37.522654179466748 ], [ 126.974076102211271, 37.522658160181095 ], [ 126.97403106327657, 37.522674091918766 ], [ 126.97391095992019, 37.522709930727579 ], [ 126.973905957623018, 37.522709929558332 ], [ 126.973880936410325, 37.522717893910475 ], [ 126.973870926950624, 37.522721877571001 ], [ 126.973825889407109, 37.52273382322764 ], [ 126.973815881074273, 37.522737805081782 ], [ 126.973795863616203, 37.522741786388337 ], [ 126.973775848074638, 37.522749751892896 ], [ 126.973670758867854, 37.522777625580545 ], [ 126.973665753954023, 37.522781608601385 ], [ 126.973580683281511, 37.522805500924505 ], [ 126.973575678715562, 37.522805499740734 ], [ 126.973555660871128, 37.522813465207342 ], [ 126.973545653643825, 37.522817448840733 ], [ 126.973455574930995, 37.522841338085506 ], [ 126.973360495748423, 37.522869213874365 ], [ 126.973330469853877, 37.522877176916538 ], [ 126.973320462606779, 37.522881158728829 ], [ 126.973315458035799, 37.522881157534023 ], [ 126.973240394021389, 37.522905052000418 ], [ 126.97320536428299, 37.522916999815479 ], [ 126.97316532882796, 37.522928946418709 ], [ 126.973155320433278, 37.52293293001869 ], [ 126.973145313169425, 37.522936911816089 ], [ 126.973110281518444, 37.522944873599684 ], [ 126.973085261273354, 37.522952839585152 ], [ 126.973020204390863, 37.522972750316967 ], [ 126.9729301256762, 37.523004611165732 ], [ 126.972870075943334, 37.523020537023712 ], [ 126.972835047223171, 37.523032484728958 ], [ 126.972759981772938, 37.523056378889002 ], [ 126.972509795214734, 37.523060301912608 ], [ 126.972389684315289, 37.523112081378656 ], [ 126.972354652793896, 37.523128013141147 ], [ 126.972319621256929, 37.523143946695221 ], [ 126.972269578199501, 37.523159874720641 ], [ 126.972204520492639, 37.523183771004803 ], [ 126.972134459282785, 37.523207666008418 ], [ 126.972084414577708, 37.523227579957364 ], [ 126.971989329431793, 37.523259438839489 ], [ 126.971944291955623, 37.52327536797803 ], [ 126.971749156550985, 37.523247422348462 ], [ 126.971398922722983, 37.52318356833257 ], [ 126.970953624045634, 37.52309976230768 ], [ 126.970708463138294, 37.523051875593708 ], [ 126.970523341236444, 37.523015958544242 ], [ 126.970398257639872, 37.522995999246277 ], [ 126.970323203592216, 37.522988009245175 ], [ 126.970143077133329, 37.522972021130172 ], [ 126.970103050107696, 37.522968024488613 ], [ 126.97006802653074, 37.522964030967792 ], [ 126.969912919086639, 37.522944061355879 ], [ 126.96972279044914, 37.522920099719634 ], [ 126.969692768095172, 37.522916105631673 ], [ 126.969687765784485, 37.522916104283766 ], [ 126.969677757769347, 37.522916101586411 ], [ 126.969507643611195, 37.522888158994441 ], [ 126.969322520397483, 37.522860210265371 ], [ 126.969292498088137, 37.522856217877617 ], [ 126.969262478629105, 37.52284823948024 ], [ 126.969207444255431, 37.522840252433234 ], [ 126.969187429964634, 37.522836262755987 ], [ 126.96901231386839, 37.522808316279139 ], [ 126.968787162530447, 37.522772387286714 ], [ 126.968597037681164, 37.522736465830349 ], [ 126.968567018344288, 37.522728487256131 ], [ 126.968461951219979, 37.522704547288185 ], [ 126.968081709957644, 37.522620748619261 ], [ 126.967726481237491, 37.522548912090393 ], [ 126.967146108433965, 37.522433170366256 ], [ 126.966996011081022, 37.522405229978183 ], [ 126.966765866327108, 37.522357337662022 ], [ 126.966670804121577, 37.522337383243794 ], [ 126.966620773396002, 37.522325412265971 ], [ 126.96657074195862, 37.522317427269819 ], [ 126.96654072300575, 37.522309448180231 ], [ 126.966470677586571, 37.522297471210344 ], [ 126.966400632189362, 37.522285495099922 ], [ 126.966330586814607, 37.522273518947934 ], [ 126.966300566032416, 37.522269523997871 ], [ 126.966260541462674, 37.522261541853418 ], [ 126.966205504446535, 37.522253555208273 ], [ 126.966180488207485, 37.522249561723719 ], [ 126.96611044214977, 37.522241570543066 ], [ 126.966040394600554, 37.522229593317299 ], [ 126.965965345181161, 37.522221600547695 ], [ 126.965885290121378, 37.522213604418489 ], [ 126.965815240735225, 37.52220561306175 ], [ 126.965680148376521, 37.522197601947056 ], [ 126.965595091111041, 37.522189604103382 ], [ 126.965485011589053, 37.522185586373048 ], [ 126.965454990887366, 37.522181591208074 ], [ 126.965419966007531, 37.522181580509425 ], [ 126.965409958090959, 37.522181577450525 ], [ 126.965404954698286, 37.522181575920911 ], [ 126.965404956618414, 37.5221775917203 ], [ 126.965394949833652, 37.522177588660462 ], [ 126.965359924955663, 37.522177577944014 ], [ 126.965294878256572, 37.522173572011134 ], [ 126.965264857569878, 37.522169576797808 ], [ 126.965244845133697, 37.522169570653894 ], [ 126.965109743698605, 37.522173515091644 ], [ 126.965044695076344, 37.522173495023594 ], [ 126.964939615426744, 37.522181432734349 ], [ 126.964919600725025, 37.522181426534644 ], [ 126.964899584892095, 37.522181420331179 ], [ 126.964789506860825, 37.522181386154337 ], [ 126.964639390979016, 37.522189309585606 ], [ 126.96456934037802, 37.522193274598145 ], [ 126.964519299114627, 37.522201230039563 ], [ 126.964509293458008, 37.522201226905032 ], [ 126.964494281013785, 37.52220122220043 ], [ 126.964484274225939, 37.522201219063447 ], [ 126.96447927083203, 37.522201217494633 ], [ 126.964469264044183, 37.522201214356372 ], [ 126.964419225870003, 37.522205182852197 ], [ 126.964349168741947, 37.522213131032245 ], [ 126.964269107920316, 37.522217091815328 ], [ 126.964184043972466, 37.52222503516407 ], [ 126.964149015953751, 37.522229010090712 ], [ 126.964053940931791, 37.522240936181234 ], [ 126.964023916296497, 37.522244910855605 ], [ 126.963908822512636, 37.522264800677355 ], [ 126.963768707399964, 37.522288668396151 ], [ 126.963728675051541, 37.522296625799711 ], [ 126.963638601263256, 37.522312539158797 ], [ 126.963553529951753, 37.522332438258118 ], [ 126.963393387686281, 37.522380209704984 ], [ 126.963343350234567, 37.522380193544073 ], [ 126.963288301244418, 37.522396116148123 ], [ 126.963208229983806, 37.522420003520615 ], [ 126.963088125260896, 37.522455832225546 ], [ 126.962963011778285, 37.522499628476268 ], [ 126.9629479960916, 37.522503609576979 ], [ 126.962817877175596, 37.522555376044785 ], [ 126.962557632017123, 37.522658908546433 ], [ 126.962097250322955, 37.522742447438944 ], [ 126.962081375818158, 37.522746656094469 ], [ 126.962067223284734, 37.522750407617472 ], [ 126.962052208631505, 37.522754388604454 ], [ 126.961716910015909, 37.52285390814631 ], [ 126.961691887461782, 37.522861869915431 ], [ 126.961646847755077, 37.522869824924101 ], [ 126.961636842009511, 37.522869821546195 ], [ 126.961586799984516, 37.522877774842833 ], [ 126.961506731924075, 37.522893689956412 ], [ 126.961406651196768, 37.522909598221332 ], [ 126.961376626153694, 37.522913572222045 ], [ 126.961281550955093, 37.522925496079232 ], [ 126.961196477074381, 37.522941407475045 ], [ 126.961161445401672, 37.522953351717049 ], [ 126.961076361951541, 37.522993175434507 ], [ 126.960931215225528, 37.523064861081494 ], [ 126.960781063729925, 37.523140530825707 ], [ 126.960650927862446, 37.523208235299919 ], [ 126.960505782574586, 37.523279922223765 ], [ 126.960280553893114, 37.523391432049706 ], [ 126.960260531223469, 37.523407365462816 ], [ 126.96025552442299, 37.523411349716184 ], [ 126.960225492529162, 37.52342727962629 ], [ 126.960160423024419, 37.523463125475182 ], [ 126.9600453020835, 37.523526848532306 ], [ 126.959689923326081, 37.523733959289785 ], [ 126.959564787873205, 37.523809636334619 ], [ 126.959294489788377, 37.523976923269508 ], [ 126.959164347761174, 37.524056582296772 ], [ 126.95900916183966, 37.524176084978734 ], [ 126.958989139820218, 37.524188033974546 ], [ 126.958874014501291, 37.524255741881753 ], [ 126.9588239587641, 37.524287606406759 ], [ 126.958718841362341, 37.524351333578871 ], [ 126.958628744643732, 37.524403109909038 ], [ 126.9584435381785, 37.5245146307347 ], [ 126.958368455153561, 37.524562428139539 ], [ 126.958073126939425, 37.524741657509985 ], [ 126.95798803518683, 37.524789450989211 ], [ 126.957957999941428, 37.524809366318848 ], [ 126.957812837417293, 37.524896988504956 ], [ 126.957782802018059, 37.524920889790828 ], [ 126.957672674599181, 37.524992584369635 ], [ 126.957662661642431, 37.525000551753656 ], [ 126.957657656930778, 37.525000549895339 ], [ 126.957467571533229, 37.524900846246148 ], [ 126.957432558324385, 37.524876920779576 ], [ 126.957432560669744, 37.524872934779189 ], [ 126.957417554644778, 37.524864959877881 ], [ 126.957357535364423, 37.524821098647472 ], [ 126.957327525794298, 37.524797175921044 ], [ 126.957252500730434, 37.524741352819746 ], [ 126.957227491206055, 37.524725403944025 ], [ 126.957202481788428, 37.5247054672597 ], [ 126.957197481716818, 37.524701479382287 ], [ 126.957192480513456, 37.524697493306206 ], [ 126.957187480442897, 37.524693505428338 ], [ 126.957182478110411, 37.52468951754944 ], [ 126.957177472288279, 37.524689515670367 ], [ 126.957167472246255, 37.524677555713801 ], [ 126.957122459107168, 37.524645658000416 ], [ 126.957087443865262, 37.524621732429786 ], [ 126.95702242491933, 37.524573883145138 ], [ 126.956902386225622, 37.524486162049755 ], [ 126.956847372337549, 37.52443831824845 ], [ 126.956817365462172, 37.524410408489437 ], [ 126.956792358520801, 37.524390472619181 ], [ 126.956712341390627, 37.524318706878255 ], [ 126.956687334629152, 37.524294786785909 ], [ 126.956652327856474, 37.52426289088686 ], [ 126.956642326700205, 37.524254915084256 ], [ 126.956562308727214, 37.524183149239811 ], [ 126.956557308723475, 37.524179163136971 ], [ 126.95655230645886, 37.524175175231044 ], [ 126.956547303062408, 37.524171189126484 ], [ 126.956517299799557, 37.524143279291401 ], [ 126.956487289637352, 37.524119357249702 ], [ 126.956432278682115, 37.524067527251553 ], [ 126.956302248896463, 37.523955889317925 ], [ 126.956277243519295, 37.523931967335884 ], [ 126.956272243548028, 37.523927980319833 ], [ 126.956267242447126, 37.523923991501128 ], [ 126.956257241520177, 37.523912033267678 ], [ 126.956197168387206, 37.523955849045727 ], [ 126.956187157675387, 37.523963815405942 ], [ 126.956182152884892, 37.523967797684939 ], [ 126.95617714582967, 37.523971782665853 ], [ 126.956157123414229, 37.523983730280783 ], [ 126.955551387837232, 37.524441805206166 ], [ 126.954505093180728, 37.525234468881315 ], [ 126.954364910465401, 37.525353973207181 ], [ 126.95424975403715, 37.525461529379648 ], [ 126.954139595598221, 37.525581043642831 ], [ 126.954019394709391, 37.525748378562064 ], [ 126.953924223609903, 37.525903767242937 ], [ 126.95383405209806, 37.526063143861741 ], [ 126.953773921082586, 37.526194634156091 ], [ 126.95373382345403, 37.526298235927705 ], [ 126.95367865248879, 37.5264974775626 ], [ 126.953648564202041, 37.526601084254487 ], [ 126.953628473315888, 37.526716649386593 ], [ 126.953613386069449, 37.526832217443491 ], [ 126.953593239826219, 37.527039443417777 ], [ 126.95351750800927, 37.528087546692667 ], [ 126.953507419838857, 37.528215072935133 ], [ 126.953497350100378, 37.528306730597876 ], [ 126.953487254200169, 37.528446213024964 ], [ 126.953482202968942, 37.528521931431662 ], [ 126.95346710490638, 37.5286534389192 ], [ 126.953457069133677, 37.528697273612551 ], [ 126.953452039736575, 37.52873712434365 ], [ 126.953442009058634, 37.528772988842128 ], [ 126.953426958055871, 37.528832761880523 ], [ 126.95340690574767, 37.528888548682787 ], [ 126.953396879017262, 37.528916441181224 ], [ 126.953366799613192, 37.529004104669312 ], [ 126.953316674556206, 37.529131614546394 ], [ 126.95331166926772, 37.529135596699909 ], [ 126.953311664137757, 37.529143568694394 ], [ 126.953306656585525, 37.529147550846737 ], [ 126.953301645334733, 37.529155520797644 ], [ 126.953296637478061, 37.529163488947717 ], [ 126.953246530997163, 37.529267086413959 ], [ 126.953211455729019, 37.529334821428506 ], [ 126.95320143883886, 37.529350759521776 ], [ 126.953181404224907, 37.52937864790524 ], [ 126.953136323354116, 37.529446378800905 ], [ 126.953106274337202, 37.52948621926064 ], [ 126.953021130484217, 37.529597774254761 ], [ 126.952956028923225, 37.529669482854565 ], [ 126.952951023579573, 37.529673464992399 ], [ 126.952905955252447, 37.529721271218385 ], [ 126.952840864964358, 37.529777037568415 ], [ 126.952835856212246, 37.529781021501861 ], [ 126.952830848264128, 37.529788989631285 ], [ 126.952530320702834, 37.530215293235798 ], [ 126.953210617920973, 37.530634029286837 ], [ 126.954061032788999, 37.531112609011757 ], [ 126.954306156396271, 37.531248207719443 ], [ 126.954781339970822, 37.531599103157291 ], [ 126.95524151586379, 37.531949991685316 ], [ 126.955696729701558, 37.532241095542709 ], [ 126.955981852493139, 37.532444455579693 ], [ 126.956587149319745, 37.53282329034375 ], [ 126.956782242098996, 37.532954878836357 ], [ 126.95685727627729, 37.533006716168146 ], [ 126.956882284978548, 37.533026651996842 ], [ 126.956922304694316, 37.533054565480498 ], [ 126.957022347841232, 37.533126338521299 ], [ 126.957157412799759, 37.533218051009854 ], [ 126.957207436268732, 37.533253936540149 ], [ 126.957277469260092, 37.533301785730565 ], [ 126.957377515339346, 37.533373560270768 ], [ 126.957442546753356, 37.533417422398536 ], [ 126.957657647591432, 37.533564958176107 ], [ 126.957682660156266, 37.533580907839621 ], [ 126.957732686448352, 37.533612808953109 ], [ 126.957792718771785, 37.53364869974542 ], [ 126.957852756992622, 37.533672632523356 ], [ 126.957937810232139, 37.533708532489527 ], [ 126.958092913650816, 37.533768368736503 ], [ 126.958408121980668, 37.533892028438615 ], [ 126.958468160592375, 37.53391596270496 ], [ 126.95865828385395, 37.533995737338635 ], [ 126.958703314636978, 37.534011694047791 ], [ 126.958743340123263, 37.534027650729001 ], [ 126.95926368094014, 37.534239057929319 ], [ 126.959268685152182, 37.534243045714476 ], [ 126.959458810097587, 37.534322819056094 ], [ 126.959528856698284, 37.534350740538123 ], [ 126.95955387102515, 37.53436270561123 ], [ 126.95956388056841, 37.534362709167318 ], [ 126.959769014322518, 37.534450459328234 ], [ 126.959839061158391, 37.534478380625835 ], [ 126.959864076708371, 37.534490346534412 ], [ 126.959969149893638, 37.534530235384018 ], [ 126.96015427089857, 37.534606021649395 ], [ 126.960224320286528, 37.53463394271872 ], [ 126.960339396804969, 37.534681805823425 ], [ 126.960379422998372, 37.53469776194877 ], [ 126.960414447166855, 37.534709730325176 ], [ 126.960614584119043, 37.534789505284529 ], [ 126.960774691820205, 37.534857309919808 ], [ 126.960904778467906, 37.534909163643682 ], [ 126.961184969651796, 37.535024833679458 ], [ 126.961400116764381, 37.535112584417568 ], [ 126.961500186117831, 37.53514848510811 ], [ 126.961605258974203, 37.535192359393292 ], [ 126.961695320004949, 37.535228256535362 ], [ 126.96191546948728, 37.535323978204943 ], [ 126.962020540570521, 37.535367852118881 ], [ 126.962055566447376, 37.535379818205968 ], [ 126.962085588059594, 37.535391784413918 ], [ 126.96212561290929, 37.53541172413744 ], [ 126.962245693069747, 37.535467559036029 ], [ 126.96229572560911, 37.535491488023141 ], [ 126.962360767994227, 37.535523392152662 ], [ 126.962490841416894, 37.535607124864093 ], [ 126.962590901787991, 37.535666938786726 ], [ 126.962781013277635, 37.535786559489388 ], [ 126.962826037577173, 37.535814470799771 ], [ 126.962906082188113, 37.535870291900409 ], [ 126.962986130100504, 37.535922126953565 ], [ 126.963076180397536, 37.535981935393757 ], [ 126.963116204002702, 37.536009844964831 ], [ 126.963171236509723, 37.536045732284876 ], [ 126.963221266562954, 37.536073644167637 ], [ 126.963281300324979, 37.536113516348365 ], [ 126.963321324075991, 37.536141427651373 ], [ 126.96333633095567, 37.536153388682955 ], [ 126.963386363404339, 37.536181302298054 ], [ 126.963451399646331, 37.53622515929731 ], [ 126.963601485911838, 37.536324841199146 ], [ 126.963676532464802, 37.536372688181274 ], [ 126.963701547249769, 37.536388636563736 ], [ 126.963721559713477, 37.536400599148571 ], [ 126.963771588199563, 37.536432497690591 ], [ 126.963811614310629, 37.536456422833311 ], [ 126.96385664166003, 37.536484333748739 ], [ 126.963861640868217, 37.536492307329702 ], [ 126.963966701875719, 37.536564076048762 ], [ 126.964086773306803, 37.536643819616565 ], [ 126.96414680997583, 37.536679705361287 ], [ 126.964151814611014, 37.536683692938105 ], [ 126.964226856496182, 37.536735525559607 ], [ 126.964276887684164, 37.536767423886701 ], [ 126.964286893305839, 37.536771411232614 ], [ 126.964331923284689, 37.536799321966278 ], [ 126.9643969606159, 37.53684318114378 ], [ 126.964421975710579, 37.536859131174545 ], [ 126.964507027005524, 37.536914950951264 ], [ 126.964652113637513, 37.537010643946878 ], [ 126.964762181649277, 37.537082413515122 ], [ 126.964832223869308, 37.537126274008486 ], [ 126.964832221917646, 37.537130258198893 ], [ 126.96487225069103, 37.537150196987298 ], [ 126.964967311443814, 37.53720602133734 ], [ 126.965002333633208, 37.537225958531828 ], [ 126.965067379809838, 37.537257861163063 ], [ 126.965152437516238, 37.537297740105807 ], [ 126.965202476403348, 37.537317681863613 ], [ 126.96526751935059, 37.537349584383158 ], [ 126.965402619322361, 37.537405420664093 ], [ 126.965527709538449, 37.537461251938012 ], [ 126.965542718949806, 37.537469226694654 ], [ 126.965662806866888, 37.537521072110302 ], [ 126.965712841870612, 37.537544999642734 ], [ 126.965742866839818, 37.537552978925234 ], [ 126.965827926371972, 37.537592859182126 ], [ 126.965842940003384, 37.537596847909022 ], [ 126.965897977276441, 37.537620776873688 ], [ 126.966088113339282, 37.537712495680402 ], [ 126.966148153706186, 37.537744396212112 ], [ 126.96621820638741, 37.537776299706209 ], [ 126.966223211568959, 37.53777231520953 ], [ 126.966228215256265, 37.537776302697395 ], [ 126.96634328921219, 37.537848072279047 ], [ 126.966363301357433, 37.537860032611327 ], [ 126.966843600052584, 37.538186970121764 ], [ 126.96691864501976, 37.538246771203838 ], [ 126.966988682242501, 37.538306570773592 ], [ 126.967008695038714, 37.538322518790068 ], [ 126.967058721840019, 37.538366370301929 ], [ 126.967113751344726, 37.538414211043936 ], [ 126.967153775491951, 37.538442119235931 ], [ 126.967243825984426, 37.53851786483861 ], [ 126.967333874838744, 37.538597598165275 ], [ 126.967458947186913, 37.538705236263858 ], [ 126.967483961744833, 37.538725170732071 ], [ 126.967493965987586, 37.538733144697623 ], [ 126.967538992461968, 37.538769025281553 ], [ 126.96758401717409, 37.538808890037501 ], [ 126.967679070118706, 37.53888862273287 ], [ 126.967989249526099, 37.539147755616305 ], [ 126.968124326337886, 37.539267353815241 ], [ 126.968259408253203, 37.539378979875714 ], [ 126.968284421480689, 37.539402899262342 ], [ 126.968394482519898, 37.539498575958405 ], [ 126.968454516503598, 37.539550401659724 ], [ 126.968509550658482, 37.539594255751958 ], [ 126.968564583124589, 37.539642094007156 ], [ 126.968574589867472, 37.539650068781647 ], [ 126.968664643249582, 37.539725813286758 ], [ 126.9687496968631, 37.539793586154616 ], [ 126.968814732420455, 37.539853385040423 ], [ 126.968869765878281, 37.539897237160439 ], [ 126.969104907753774, 37.540092581258293 ], [ 126.969164942705333, 37.540144406593676 ], [ 126.969239989769719, 37.540208192173054 ], [ 126.969305032354214, 37.540256032813893 ], [ 126.969315037544646, 37.540267991713364 ], [ 126.969385080280588, 37.540323806555755 ], [ 126.969390083175625, 37.540327793006767 ], [ 126.969455124253201, 37.540379619554457 ], [ 126.969495150882722, 37.540411511133534 ], [ 126.969500152657233, 37.54041549938151 ], [ 126.969555186359671, 37.540463337168973 ], [ 126.969670257464173, 37.540559014916276 ], [ 126.969705280219657, 37.540586920884962 ], [ 126.969765319362736, 37.540630775732716 ], [ 126.96987538804521, 37.54072246684278 ], [ 126.969925419809371, 37.540762332935763 ], [ 126.970130552635879, 37.540925784414199 ], [ 126.970165574602191, 37.540953692046457 ], [ 126.97035069142747, 37.541105181652703 ], [ 126.970420737981854, 37.541160994973239 ], [ 126.970485780497228, 37.54121281914459 ], [ 126.970530810509302, 37.54125268546548 ], [ 126.970575839338252, 37.541284577986126 ], [ 126.970595852049001, 37.541304509575191 ], [ 126.970600853941775, 37.541308497775979 ], [ 126.970931077258882, 37.541563641184702 ], [ 126.970925963977436, 37.541826670149263 ], [ 126.970935970132942, 37.541834642918658 ], [ 126.970925913502455, 37.541950214197648 ], [ 126.970905596979733, 37.542675531091859 ], [ 126.970900513995034, 37.542866824822276 ], [ 126.970895349986776, 37.543253395945825 ], [ 126.970895328797567, 37.543305204786144 ], [ 126.970890303932222, 37.543357012328372 ], [ 126.97089027621891, 37.543424761517343 ], [ 126.970885241424966, 37.54349251120879 ], [ 126.970875143217015, 37.543711698322788 ], [ 126.970890087111755, 37.543887055061873 ], [ 126.970900041387125, 37.544022557824334 ], [ 126.970869988803472, 37.5440743597688 ], [ 126.970859917581507, 37.544221812593321 ], [ 126.970859901262813, 37.544261665263633 ], [ 126.970854866515054, 37.544337385118489 ], [ 126.970849827862011, 37.544417089157292 ], [ 126.970814642727817, 37.544779740051489 ], [ 126.970814632921602, 37.544803652372202 ], [ 126.970794509142095, 37.54505472112082 ], [ 126.97173777478848, 37.545159248053565 ], [ 126.972426077480264, 37.545258360232459 ], [ 126.972488084125899, 37.545267142141419 ], [ 126.972596652580762, 37.545281963065122 ], [ 126.972617529100418, 37.545284445903405 ], [ 126.972724966586242, 37.545297833855464 ], [ 126.972774696623731, 37.545304351130639 ], [ 126.972872006812167, 37.545317195888387 ], [ 126.9729072874417, 37.54532179949927 ], [ 126.972932316539342, 37.54532509418047 ], [ 126.972977181148551, 37.545330844349529 ], [ 126.972999223031024, 37.54533380492758 ], [ 126.973067249845371, 37.545342380757951 ], [ 126.973149001880543, 37.545352960048774 ], [ 126.973161900977757, 37.54535512552701 ], [ 126.97333738579124, 37.545377398604437 ], [ 126.973347045622958, 37.545330342109928 ], [ 126.973387134188926, 37.545202823489689 ], [ 126.973422226305459, 37.545055375527831 ], [ 126.973427239834663, 37.545035450385846 ], [ 126.97344729125571, 37.544947777838921 ], [ 126.973482377934801, 37.544820257988874 ], [ 126.973512449881142, 37.544712661470328 ], [ 126.973527481682154, 37.544660856200466 ], [ 126.973542523944658, 37.544593110582525 ], [ 126.973552552719653, 37.544545290111166 ], [ 126.973597658414675, 37.544385888288879 ], [ 126.973637757919306, 37.544226487065174 ], [ 126.973667830886029, 37.54411490450795 ], [ 126.973682866203532, 37.544059115027387 ], [ 126.973697898537793, 37.544011293916562 ], [ 126.973707926003826, 37.543963473426892 ], [ 126.973712937555348, 37.543951518443549 ], [ 126.973753035103883, 37.543796101354936 ], [ 126.973778096988738, 37.543700461537732 ], [ 126.97379814582122, 37.543620759085897 ], [ 126.973818197215834, 37.543537074245386 ], [ 126.973843251907809, 37.543457372957704 ], [ 126.973858298058914, 37.543377671121853 ], [ 126.973893378435946, 37.543254135300757 ], [ 126.973913416065045, 37.543210301315597 ], [ 126.973913420472371, 37.543198346953645 ], [ 126.973948506544247, 37.543058868959378 ], [ 126.973953515733356, 37.543046914864391 ], [ 126.973968552089929, 37.542987138447309 ], [ 126.973993612630252, 37.542887512581551 ], [ 126.973998626993378, 37.542867587408082 ], [ 126.974028700337954, 37.54275202054567 ], [ 126.974043739499933, 37.542684273038958 ], [ 126.974058775711157, 37.542624497507646 ], [ 126.974073807516049, 37.542576678139021 ], [ 126.974088843024973, 37.542524872779524 ], [ 126.974103882086183, 37.542457127064459 ], [ 126.974128940485386, 37.542365469535568 ], [ 126.974169040037239, 37.542206068076084 ], [ 126.974189086920248, 37.542126367338938 ], [ 126.974209138608842, 37.542042680608631 ], [ 126.974229181859002, 37.541978920216948 ], [ 126.974239208712746, 37.541931099665312 ], [ 126.974254241395116, 37.541883278466244 ], [ 126.974264268219969, 37.541835457911745 ], [ 126.974279299734931, 37.541787638510414 ], [ 126.974294339289813, 37.541723876950662 ], [ 126.974309377687518, 37.541660115388012 ], [ 126.974334435882739, 37.541564473614784 ], [ 126.974359498035469, 37.541460863459172 ], [ 126.97435950092688, 37.541452891479501 ], [ 126.974389567368831, 37.541353267555508 ], [ 126.974414630818146, 37.541245668691445 ], [ 126.974444698544218, 37.5411420596608 ], [ 126.974469763282926, 37.541030475691926 ], [ 126.974499828583745, 37.54092686484087 ], [ 126.97452489286205, 37.540819268648683 ], [ 126.974554960568355, 37.540711671789666 ], [ 126.974459875253288, 37.540691724593799 ], [ 126.97435978278412, 37.540675760358631 ], [ 126.974339766847933, 37.540671769763271 ], [ 126.974244679378316, 37.540651821492517 ], [ 126.97413958497107, 37.540631870825649 ], [ 126.974059512279865, 37.540615911876323 ], [ 126.973699183763713, 37.540552063408377 ], [ 126.973614109249823, 37.540532116086773 ], [ 126.97356584958105, 37.540523320898345 ], [ 126.973593173844463, 37.54041792655633 ], [ 126.973615440175337, 37.540330940991467 ], [ 126.973644504006415, 37.540220891616599 ], [ 126.973676319931556, 37.540103707020286 ], [ 126.973721302492734, 37.539935835670036 ], [ 126.973766286060666, 37.539764702704773 ], [ 126.973797806174062, 37.539650869689595 ], [ 126.974268311211802, 37.537848993648446 ] ] ] } },
{ "type": "Feature", "properties": { "OBJECTID": 3854, "ID": "중심지_47", "CODE": "ZON540", "ENT_NAME": "중심지", "JOSER_ID": null, "GOSI_ID": null, "LABEL": "신사지구중심(서북권)", "GOSI_DATE": null }, "geometry": { "type": "Polygon", "coordinates": [ [ [ 126.921874091765559, 37.600061121691695 ], [ 126.920853315865799, 37.598643403497178 ], [ 126.920819623251859, 37.59859712127836 ], [ 126.919695393985322, 37.599152999092986 ], [ 126.917267904175262, 37.598619029136607 ], [ 126.917144400585116, 37.598283812951742 ], [ 126.915731866960002, 37.598539069567764 ], [ 126.915376531592258, 37.597196472505743 ], [ 126.915130312938814, 37.597259422669936 ], [ 126.915060514926722, 37.597269783329978 ], [ 126.914550102459728, 37.597352698875426 ], [ 126.914303622080482, 37.597392426973471 ], [ 126.914620551083374, 37.598659376710522 ], [ 126.9146900238038, 37.598930122857944 ], [ 126.915122037947441, 37.600644843185457 ], [ 126.915126296522047, 37.600733343554928 ], [ 126.915898315996941, 37.600761669002111 ], [ 126.916236575784467, 37.60076774505724 ], [ 126.916107002673698, 37.601911321211702 ], [ 126.921057738548683, 37.602288014105426 ], [ 126.921756925942105, 37.602336341675262 ], [ 126.922354791507431, 37.602408568735669 ], [ 126.922209031669396, 37.600985067495309 ], [ 126.922188144290075, 37.600761105122288 ], [ 126.921874091765559, 37.600061121691695 ] ] ] } },
{ "type": "Feature", "properties": { "OBJECTID": 3855, "ID": "중심지_77", "CODE": "ZON540", "ENT_NAME": "중심지", "JOSER_ID": null, "GOSI_ID": null, "LABEL": "노량진지구중심(서남권)", "GOSI_DATE": null }, "geometry": { "type": "Polygon", "coordinates": [ [ [ 126.947444899454894, 37.512612193376064 ], [ 126.947323538984122, 37.512575223926589 ], [ 126.947215294377841, 37.512560406881335 ], [ 126.947101489519937, 37.512539253168811 ], [ 126.947010020273723, 37.512522497508911 ], [ 126.946904412727363, 37.512490075919608 ], [ 126.946815506796952, 37.51246375270884 ], [ 126.946708580527769, 37.512425221575704 ], [ 126.946678173991387, 37.512414215303721 ], [ 126.946672858135827, 37.512413951546769 ], [ 126.946634183665807, 37.512402662115569 ], [ 126.9465250821426, 37.512369274496706 ], [ 126.946398799205866, 37.512321201524401 ], [ 126.946323810894171, 37.512288018840806 ], [ 126.946305876633787, 37.512281847642214 ], [ 126.946254299390844, 37.512266984107995 ], [ 126.946217614668598, 37.512257155085756 ], [ 126.946111437362632, 37.51223141791553 ], [ 126.946052405416609, 37.512217929321388 ], [ 126.946041244435108, 37.512214293063494 ], [ 126.945954030384911, 37.512195195991907 ], [ 126.945905090463299, 37.512177909864235 ], [ 126.94586221045671, 37.512164185508723 ], [ 126.945838661753328, 37.512148713307099 ], [ 126.945772186860381, 37.512105641340334 ], [ 126.945674903933593, 37.512044426720891 ], [ 126.94556849520221, 37.511965710341151 ], [ 126.945485825286895, 37.511890320795125 ], [ 126.945472145978428, 37.51186637482067 ], [ 126.945424017406452, 37.511777982208905 ], [ 126.945386067176585, 37.511721588810666 ], [ 126.945322032508642, 37.511668111233682 ], [ 126.945247875290704, 37.511629215939152 ], [ 126.945217959553148, 37.51161301077201 ], [ 126.945158547801753, 37.511579014860651 ], [ 126.945123070639255, 37.511558347081419 ], [ 126.945074221069419, 37.511527023119953 ], [ 126.945020056346706, 37.511494651439776 ], [ 126.944965772705615, 37.511470046270723 ], [ 126.944909228206697, 37.511443818198849 ], [ 126.944859296572645, 37.511422710933971 ], [ 126.944809207620509, 37.511400279106986 ], [ 126.944802740856574, 37.511396455775667 ], [ 126.944777568666566, 37.511389614131325 ], [ 126.944688563199577, 37.511363018968659 ], [ 126.944687422164137, 37.511346340967378 ], [ 126.944524399922201, 37.511290580820017 ], [ 126.944483155744749, 37.511298246417574 ], [ 126.944428952175727, 37.511278820870942 ], [ 126.944374050753368, 37.51125793714882 ], [ 126.944327899021189, 37.511249166134718 ], [ 126.94432475377323, 37.511265184336857 ], [ 126.944313001403103, 37.511295731451078 ], [ 126.944294995012314, 37.511354945255569 ], [ 126.944265832315168, 37.511463870657664 ], [ 126.944233879454657, 37.511568028424165 ], [ 126.944223814658017, 37.511565870160602 ], [ 126.944197999173156, 37.511645929226688 ], [ 126.944180830762804, 37.511699178817757 ], [ 126.944189790775596, 37.511701012189945 ], [ 126.94417595984811, 37.511742784699905 ], [ 126.944151077371387, 37.511815465042268 ], [ 126.944130720254449, 37.511886651922275 ], [ 126.944109065814814, 37.51195777329567 ], [ 126.944109063551309, 37.511957775096569 ], [ 126.944099020065124, 37.511955788022277 ], [ 126.944083735533198, 37.511990289669953 ], [ 126.944072732706914, 37.512015118494276 ], [ 126.944048196508447, 37.511978154879927 ], [ 126.943988785388271, 37.511965757978793 ], [ 126.943955960286132, 37.511958908828795 ], [ 126.943923136321104, 37.511952059670229 ], [ 126.943912195000763, 37.511949776615367 ], [ 126.943879369912636, 37.511942927444046 ], [ 126.943857487277953, 37.511938361325164 ], [ 126.94383560351487, 37.511933795201678 ], [ 126.943813719754473, 37.511929229074106 ], [ 126.943769954503097, 37.511920097708931 ], [ 126.943737129441033, 37.51191324849809 ], [ 126.943704305516022, 37.511906399278701 ], [ 126.943682421771655, 37.511901833126792 ], [ 126.943660539161002, 37.511897266971395 ], [ 126.94363865655302, 37.511892700811963 ], [ 126.943627714118961, 37.511890417730172 ], [ 126.943605882404583, 37.511885862401556 ], [ 126.943573488171381, 37.511879190852802 ], [ 126.943541080245723, 37.511872681467842 ], [ 126.943497792964365, 37.511864244003888 ], [ 126.943454422911472, 37.511856082188409 ], [ 126.943389218147175, 37.511844357885302 ], [ 126.943334748719408, 37.511835065218619 ], [ 126.943302011938243, 37.511829697169041 ], [ 126.943269235452021, 37.511824486765235 ], [ 126.943225474096153, 37.511817782485537 ], [ 126.943203566759493, 37.511814535292579 ], [ 126.943181645797964, 37.511811357465596 ], [ 126.943155320900814, 37.511807627850779 ], [ 126.94313775508121, 37.511805211707532 ], [ 126.943111416482267, 37.511801653265543 ], [ 126.943088349638003, 37.511798631628096 ], [ 126.943066342439209, 37.511795820442764 ], [ 126.943044321614451, 37.511793079524324 ], [ 126.943022262282412, 37.511790406157431 ], [ 126.943000236825526, 37.511787807585975 ], [ 126.942978193218195, 37.511785279279152 ], [ 126.942956116758054, 37.511782819427715 ], [ 126.942932632187208, 37.511780278685073 ], [ 126.942895116692299, 37.511776381282445 ], [ 126.942861465715723, 37.511772909255349 ], [ 126.942837218783723, 37.511770406858076 ], [ 126.942669957760828, 37.511753560607595 ], [ 126.942644780824153, 37.511751418106229 ], [ 126.942622820327415, 37.511749667334769 ], [ 126.942600858607932, 37.511748034589175 ], [ 126.942578892273019, 37.51174651896681 ], [ 126.942556913405909, 37.511745119562683 ], [ 126.942534918612523, 37.511743837276107 ], [ 126.942512903370016, 37.511742670302795 ], [ 126.942490895951963, 37.511741622260885 ], [ 126.942468861298181, 37.511740689528857 ], [ 126.942446820897345, 37.511739873919424 ], [ 126.942424782666052, 37.511739176337564 ], [ 126.942402756785228, 37.511738594986326 ], [ 126.942380700273603, 37.511738130745258 ], [ 126.942358656110827, 37.511737784536834 ], [ 126.942336585842057, 37.511737554539806 ], [ 126.942314539233237, 37.511737441680111 ], [ 126.942292474434922, 37.511737445936738 ], [ 126.942270419723613, 37.51173756732392 ], [ 126.942248373967431, 37.511737806742047 ], [ 126.942226313415333, 37.511738162377227 ], [ 126.942204257294634, 37.511738635140091 ], [ 126.942182230488555, 37.511739225043151 ], [ 126.942165702962157, 37.511739755536453 ], [ 126.942154686096117, 37.511740138330346 ], [ 126.942074422117187, 37.511749058381803 ], [ 126.941995540134513, 37.511763858980231 ], [ 126.941996587217588, 37.511777034784181 ], [ 126.94200160861719, 37.511863172608443 ], [ 126.94200352248653, 37.51187443603262 ], [ 126.94195002086731, 37.511877202156214 ], [ 126.941842904725775, 37.511882463974572 ], [ 126.941809876675819, 37.511883618581201 ], [ 126.941655595073939, 37.511888856380807 ], [ 126.941588068648286, 37.51189107463447 ], [ 126.941520500016225, 37.51189514707945 ], [ 126.941453028191049, 37.511902613589925 ], [ 126.941346121456931, 37.511906178487315 ], [ 126.941325761111401, 37.511907609709461 ], [ 126.941217289633471, 37.511910347478889 ], [ 126.941092304364872, 37.511913347001766 ], [ 126.941041630059416, 37.511916474558781 ], [ 126.940973876504742, 37.511919773541152 ], [ 126.940834638609402, 37.511924207080611 ], [ 126.940719719281461, 37.511927842077476 ], [ 126.940689178005186, 37.511930889743795 ], [ 126.940446893242168, 37.511943468789852 ], [ 126.940069558480829, 37.511960788488999 ], [ 126.940066443448714, 37.511865677648579 ], [ 126.940066431175538, 37.511853054677189 ], [ 126.940063225701536, 37.511795151351791 ], [ 126.940021800853316, 37.511796043404843 ], [ 126.939980584122907, 37.511796931947771 ], [ 126.939969386097886, 37.511797520771751 ], [ 126.939958199382559, 37.511798110501573 ], [ 126.939917061898882, 37.511798908963982 ], [ 126.939875924414309, 37.511799707412052 ], [ 126.9398503505451, 37.51180030674228 ], [ 126.939824765364847, 37.511800906061048 ], [ 126.939805276673923, 37.511801444588542 ], [ 126.939785787981208, 37.511801984914825 ], [ 126.939775415809052, 37.51180235791275 ], [ 126.939765043636783, 37.511802730909743 ], [ 126.939689361955075, 37.511805313223299 ], [ 126.939613680260763, 37.511807904498284 ], [ 126.939613528693641, 37.511807909824853 ], [ 126.939603466898106, 37.511807718045326 ], [ 126.939593253542199, 37.511807523482538 ], [ 126.939559049586578, 37.511808190305139 ], [ 126.939524845637877, 37.511808848107862 ], [ 126.939446811334406, 37.511811420922363 ], [ 126.939368765715784, 37.511813992778372 ], [ 126.939346834321555, 37.511814044307833 ], [ 126.93931153280208, 37.511815224049272 ], [ 126.939276219979078, 37.511816393863263 ], [ 126.939245793480637, 37.511817413974185 ], [ 126.939215366988847, 37.51181842506729 ], [ 126.939182294149646, 37.511819020297622 ], [ 126.939149210013568, 37.511819598393799 ], [ 126.939065810602131, 37.511908230435459 ], [ 126.939053935333078, 37.511922046348246 ], [ 126.939030159074747, 37.511881468195732 ], [ 126.939013951918199, 37.511881601077924 ], [ 126.939002642311578, 37.511881693301966 ], [ 126.938991331573888, 37.511881785524338 ], [ 126.938980021967225, 37.51188187774622 ], [ 126.938968711228753, 37.511881970867442 ], [ 126.938957401622019, 37.51188206308715 ], [ 126.9389460920153, 37.511882155305784 ], [ 126.9389347812767, 37.511882248423731 ], [ 126.938923471669938, 37.511882340640206 ], [ 126.938912162063119, 37.511882432855586 ], [ 126.938900851325201, 37.511882525069296 ], [ 126.938889541717572, 37.511882618183506 ], [ 126.938878230979626, 37.511882710395042 ], [ 126.938866921372679, 37.511882802606102 ], [ 126.938855610633922, 37.511882895716475 ], [ 126.938844301026961, 37.511882987925375 ], [ 126.938832991419943, 37.511883080133188 ], [ 126.938821680681869, 37.511883172339317 ], [ 126.938810371074055, 37.511883265445952 ], [ 126.938799061466995, 37.511883357650504 ], [ 126.938787750728821, 37.511883449853372 ], [ 126.938776441120936, 37.51188354295676 ], [ 126.938765130382706, 37.511883635157488 ], [ 126.938753820775517, 37.511883727357713 ], [ 126.938742510037258, 37.511883819556267 ], [ 126.93873120042926, 37.511883912655321 ], [ 126.938719890822014, 37.511884004852284 ], [ 126.938708580083656, 37.511884097047584 ], [ 126.938697270475544, 37.511884190143398 ], [ 126.938685960868256, 37.511884282337142 ], [ 126.938674650129798, 37.511884374529167 ], [ 126.938663340521657, 37.511884467621741 ], [ 126.938652029783157, 37.511884559811648 ], [ 126.938640720175727, 37.511884652001029 ], [ 126.938629409437198, 37.511884744188741 ], [ 126.938618099828929, 37.511884837276973 ], [ 126.938606790221414, 37.511884929463129 ], [ 126.938595479482771, 37.511885021647601 ], [ 126.93858416987446, 37.511885114732564 ], [ 126.938572860266831, 37.511885206915466 ], [ 126.938561549528174, 37.511885299096669 ], [ 126.938550239920488, 37.511885391277403 ], [ 126.938538929180993, 37.511885484357464 ], [ 126.938527619573293, 37.511885576536038 ], [ 126.938516309965536, 37.511885668713518 ], [ 126.93850499922597, 37.511885761790317 ], [ 126.938493689618184, 37.511885853965651 ], [ 126.9384823788793, 37.51188594613928 ], [ 126.938471069271472, 37.511886038312447 ], [ 126.93845975966282, 37.511886131385516 ], [ 126.938448448923879, 37.511886223555898 ], [ 126.93843713931598, 37.511886315725825 ], [ 126.9384258285762, 37.511886408795029 ], [ 126.938414518968216, 37.511886500962781 ], [ 126.938403209360203, 37.511886593129439 ], [ 126.938391898621134, 37.511886685294407 ], [ 126.93838058901234, 37.511886778359887 ], [ 126.938365622642479, 37.511886900103349 ], [ 126.938234689520925, 37.511887970695717 ], [ 126.938086526746787, 37.511889180556956 ], [ 126.938075217137239, 37.511889273593205 ], [ 126.938063906397389, 37.511889365726788 ], [ 126.938052596788594, 37.511889457859866 ], [ 126.938041287179743, 37.511889549991885 ], [ 126.938029976439054, 37.511889643023196 ], [ 126.938018666830175, 37.511889735153041 ], [ 126.938007356090168, 37.511889827281202 ], [ 126.937996046480478, 37.511889920309862 ], [ 126.937984735740443, 37.511890012435849 ], [ 126.93797342613145, 37.511890104561346 ], [ 126.937962116522442, 37.511890196685798 ], [ 126.937950805781554, 37.511890289709534 ], [ 126.937939496172476, 37.511890381831797 ], [ 126.937928186563397, 37.511890473952974 ], [ 126.937916875822424, 37.511890566973449 ], [ 126.93790556621326, 37.511890659092472 ], [ 126.937894255473026, 37.511890751209798 ], [ 126.937882945863819, 37.511890843326633 ], [ 126.937871636253831, 37.511890936343384 ], [ 126.937860325513512, 37.51189102845747 ], [ 126.937849015904206, 37.511891120571057 ], [ 126.937837705163076, 37.511891213583979 ], [ 126.937826395553756, 37.5118913056954 ], [ 126.937815085944365, 37.511891397805748 ], [ 126.937803775203136, 37.511891490815401 ], [ 126.937792465593759, 37.511891582923596 ], [ 126.937781154853241, 37.511891675030093 ], [ 126.937769845243778, 37.511891767136106 ], [ 126.937758535633506, 37.511891860142036 ], [ 126.937747224892945, 37.511891952245293 ], [ 126.937735915283383, 37.511892044348038 ], [ 126.93772460454197, 37.511892137350131 ], [ 126.937713294932379, 37.51189222945073 ], [ 126.937701985322747, 37.511892321550249 ], [ 126.937690674582058, 37.511892413648091 ], [ 126.937679363840516, 37.511892506645822 ], [ 126.937668054230826, 37.511892598742101 ], [ 126.937656744621094, 37.511892690837279 ], [ 126.937645435010566, 37.511892783832401 ], [ 126.937634124269749, 37.511892875924808 ], [ 126.937622814659903, 37.51189296801676 ], [ 126.93761150391903, 37.511893060106992 ], [ 126.937600194308402, 37.511893153097773 ], [ 126.937588884698513, 37.511893245186478 ], [ 126.937577573957526, 37.51189333727347 ], [ 126.937566263215743, 37.511893430260386 ], [ 126.937554953605783, 37.511893522345837 ], [ 126.937543643995781, 37.511893614430178 ], [ 126.937532334385793, 37.511893706513455 ], [ 126.937360523090348, 37.511895109881664 ], [ 126.937351372700633, 37.511895184199346 ], [ 126.937340061959077, 37.511895276263616 ], [ 126.937328752347824, 37.511895369228384 ], [ 126.937317442737296, 37.511895461291104 ], [ 126.937306131995712, 37.511895553352112 ], [ 126.937294822384374, 37.511895646313633 ], [ 126.937283512773774, 37.511895738373099 ], [ 126.937272202032105, 37.511895830430866 ], [ 126.937260892421435, 37.511895922488165 ], [ 126.937249581678927, 37.511896015444755 ], [ 126.937238272068228, 37.511896107499872 ], [ 126.937226962457487, 37.511896199553917 ], [ 126.937215651714908, 37.511896292507238 ], [ 126.937204342104152, 37.511896384559144 ], [ 126.93719303136227, 37.511896476609294 ], [ 126.937181721751429, 37.511896568659012 ], [ 126.937170412139807, 37.511896661608624 ], [ 126.937159101397867, 37.511896753655556 ], [ 126.937147791786956, 37.511896845702019 ], [ 126.937136481044178, 37.51189693864778 ], [ 126.937125171433223, 37.511897030692083 ], [ 126.937113861822226, 37.511897122735306 ], [ 126.937102551080145, 37.511897214776816 ], [ 126.937091241468337, 37.511897307718868 ], [ 126.937079930726199, 37.511897399758205 ], [ 126.937068621115131, 37.511897491797072 ], [ 126.937057311503224, 37.51189758473587 ], [ 126.937046000760986, 37.51189767677198 ], [ 126.937034690018763, 37.511897768806996 ], [ 126.937023380407567, 37.51189786084155 ], [ 126.937012070795575, 37.511897953776007 ], [ 126.937000761184322, 37.511898045808401 ], [ 126.936989450441985, 37.511898137839083 ], [ 126.936978140829893, 37.511898230770306 ], [ 126.936966830087528, 37.511898322798814 ], [ 126.936955520476161, 37.511898414826859 ], [ 126.936944210863999, 37.511898507754829 ], [ 126.936932900121533, 37.511898599780103 ], [ 126.936921589379025, 37.511898691804305 ], [ 126.936910279767588, 37.511898783828023 ], [ 126.936898970155326, 37.511898876751651 ], [ 126.936887660543832, 37.51189896877321 ], [ 126.936876349801196, 37.511899060793084 ], [ 126.936865040188863, 37.511899153713465 ], [ 126.936853729446185, 37.511899245731144 ], [ 126.936842419834591, 37.51189933774836 ], [ 126.93683111022294, 37.511899429764497 ], [ 126.936819799479423, 37.51189952267994 ], [ 126.936808488736673, 37.511899614693291 ], [ 126.936797179124966, 37.511899706706188 ], [ 126.936785869512434, 37.511899799619002 ], [ 126.936774559900655, 37.51189989162971 ], [ 126.936763249157806, 37.511899983638749 ], [ 126.936751939545942, 37.511900075647297 ], [ 126.936740628802283, 37.511900168555172 ], [ 126.936729319190405, 37.511900260561561 ], [ 126.936718009578499, 37.511900352566876 ], [ 126.936706698834726, 37.511900445471476 ], [ 126.936695388091692, 37.51190053747402 ], [ 126.936684078479743, 37.511900629476081 ], [ 126.936672768867709, 37.511900721477055 ], [ 126.936661459254893, 37.511900814377952 ], [ 126.936650148511774, 37.511900906376141 ], [ 126.936638838899668, 37.511900998373889 ], [ 126.936627528155725, 37.511901091270921 ], [ 126.936616218543563, 37.511901183266481 ], [ 126.936604908931429, 37.511901275260961 ], [ 126.936593598187386, 37.511901368154753 ], [ 126.936582287444097, 37.511901460146447 ], [ 126.936570977831863, 37.511901552137687 ], [ 126.936559668219573, 37.511901644127832 ], [ 126.936548357475445, 37.511901737017283 ], [ 126.936537047863112, 37.511901829005275 ], [ 126.936525738250779, 37.511901920992173 ], [ 126.936514427506552, 37.51190201387837 ], [ 126.936503117894134, 37.511902105863115 ], [ 126.936491807150674, 37.511902197846119 ], [ 126.936480497538213, 37.511902289828697 ], [ 126.936469187924928, 37.511902382711192 ], [ 126.936457877181354, 37.511902474690956 ], [ 126.936446567568851, 37.511902566670294 ], [ 126.936435256824439, 37.511902659548909 ], [ 126.936423947211878, 37.51190275152608 ], [ 126.936412637599233, 37.511902843502156 ], [ 126.936401326855545, 37.51190293547652 ], [ 126.936400400505548, 37.511902943074858 ], [ 126.936048191285423, 37.51190645419851 ], [ 126.936027934122833, 37.511907477314132 ], [ 126.936007275091882, 37.511908888533036 ], [ 126.935986664377822, 37.511910663777833 ], [ 126.935966101978707, 37.51191280485051 ], [ 126.935945602599716, 37.511915309957274 ], [ 126.935925178684613, 37.511918176402098 ], [ 126.935904848331774, 37.51192140239305 ], [ 126.93588460135976, 37.511924989726531 ], [ 126.935864461524616, 37.511928933910795 ], [ 126.935844443532261, 37.511933232251089 ], [ 126.935824547382467, 37.511937884747489 ], [ 126.935804784388012, 37.51194288870331 ], [ 126.93578551318285, 37.511948146109553 ], [ 126.935766686284964, 37.511953630811163 ], [ 126.935746396153846, 37.511959982354938 ], [ 126.935727274386778, 37.511966362476826 ], [ 126.935708329897324, 37.511973080568161 ], [ 126.935689579655218, 37.511980132133488 ], [ 126.935671027055065, 37.51198751537278 ], [ 126.935652691331953, 37.511995222187963 ], [ 126.935634566828838, 37.512003254377859 ], [ 126.935616670516197, 37.512011606546132 ], [ 126.935599370150229, 37.512020097797695 ], [ 126.935588628067848, 37.51202561491295 ], [ 126.935576222516161, 37.512032038402353 ], [ 126.93556673871214, 37.512036948946182 ], [ 126.935557254906854, 37.512041859489237 ], [ 126.935547772232212, 37.512046769131167 ], [ 126.935538288424439, 37.512051679672687 ], [ 126.935528805746529, 37.512056590214051 ], [ 126.935519321936283, 37.512061500754051 ], [ 126.935509839255857, 37.512066411293894 ], [ 126.935500355443153, 37.512071321832359 ], [ 126.935490871629966, 37.512076231469059 ], [ 126.935481388945846, 37.5120811420066 ], [ 126.935471906260432, 37.512086052543395 ], [ 126.935462421311684, 37.512090963078123 ], [ 126.93545293862384, 37.512095873613383 ], [ 126.935443454804442, 37.51210078324624 ], [ 126.935433972114097, 37.512105693779972 ], [ 126.935424488291417, 37.512110604312298 ], [ 126.9354150055986, 37.512115514844474 ], [ 126.935405521773475, 37.512120425375272 ], [ 126.935396039078128, 37.512125335905914 ], [ 126.935386555251299, 37.512130245534181 ], [ 126.935377072553521, 37.512135156063287 ], [ 126.935367588723409, 37.512140066591023 ], [ 126.93535810489206, 37.512144977117977 ], [ 126.935348622190531, 37.512149887644789 ], [ 126.935339138357477, 37.512154797269226 ], [ 126.935329655653476, 37.512159707794488 ], [ 126.935320171817139, 37.51216461831838 ], [ 126.935310687979594, 37.512169528841504 ], [ 126.93530120527187, 37.5121744393645 ], [ 126.93529172143181, 37.512179349886082 ], [ 126.935282238722394, 37.512184259506547 ], [ 126.935270796100056, 37.512190184351411 ], [ 126.935262607959785, 37.512194384710881 ], [ 126.93525232195887, 37.512199551563441 ], [ 126.935241930826706, 37.512204650781328 ], [ 126.935231474169143, 37.512209661663881 ], [ 126.935220950855111, 37.512214584210447 ], [ 126.935210363145998, 37.512219419323195 ], [ 126.935199712175262, 37.512224164299823 ], [ 126.935189000204318, 37.512228820042559 ], [ 126.935178226102863, 37.512233385649772 ], [ 126.935167392133096, 37.512237861122678 ], [ 126.93515650055798, 37.512242245561573 ], [ 126.935145550247256, 37.512246538064772 ], [ 126.935134544594234, 37.512250738634236 ], [ 126.935123484730696, 37.512254846369501 ], [ 126.93511237065681, 37.512258861270588 ], [ 126.935101203503578, 37.512262783338159 ], [ 126.93508998553483, 37.51226661077142 ], [ 126.935078717880799, 37.512270344472 ], [ 126.935067401674317, 37.512273982638561 ], [ 126.935055263046735, 37.512277768104767 ], [ 126.93504459531664, 37.512280984066521 ], [ 126.935033173047458, 37.512284327544187 ], [ 126.935021673941932, 37.512287583580822 ], [ 126.935010133071259, 37.512290743186171 ], [ 126.934998550436319, 37.512293805459223 ], [ 126.934986928298514, 37.512296771302239 ], [ 126.93497526779133, 37.512299638012855 ], [ 126.934963570043436, 37.512302408294687 ], [ 126.934951836188432, 37.512305079445404 ], [ 126.934940068487663, 37.512307652367248 ], [ 126.934928265810115, 37.512310127059536 ], [ 126.934916432681689, 37.512312501722825 ], [ 126.934904567970548, 37.512314777257494 ], [ 126.934892673938919, 37.512316953664822 ], [ 126.934880751718737, 37.512319030044395 ], [ 126.93486880357213, 37.512321006397485 ], [ 126.934856828368936, 37.512322881822506 ], [ 126.934844830632599, 37.512324657222933 ], [ 126.934832809233001, 37.512326331697167 ], [ 126.934820766432281, 37.512327905246451 ], [ 126.934808703361554, 37.512329377871453 ], [ 126.934796622283002, 37.512330749573437 ], [ 126.934784523197536, 37.512332019451335 ], [ 126.934772408366456, 37.512333188407503 ], [ 126.934760277791483, 37.512334254639903 ], [ 126.934748134864279, 37.512335219952433 ], [ 126.934735917372663, 37.512336087913909 ], [ 126.934723814217847, 37.512336845116216 ], [ 126.934711637630571, 37.512337504067105 ], [ 126.934699454347424, 37.512338061200296 ], [ 126.934687264368449, 37.512338516515854 ], [ 126.934675068825527, 37.512338869113357 ], [ 126.934662868849855, 37.512339118993481 ], [ 126.934650666702765, 37.512339267058501 ], [ 126.93463846351537, 37.512339313309042 ], [ 126.934626260419662, 37.512339256844747 ], [ 126.934614057415615, 37.512339097665603 ], [ 126.934601859026827, 37.512338836675198 ], [ 126.934589664123038, 37.512338472971877 ], [ 126.934577473834551, 37.512338007457309 ], [ 126.934565291555515, 37.512337439232404 ], [ 126.934553116154035, 37.512336769197489 ], [ 126.934540951023408, 37.51233599735454 ], [ 126.934528797295556, 37.512335122803179 ], [ 126.934516654968888, 37.512334147345399 ], [ 126.934504526307208, 37.512333069180478 ], [ 126.934492413571178, 37.512331890111767 ], [ 126.934480316761565, 37.512330609238191 ], [ 126.934468237008701, 37.512329227461422 ], [ 126.934456175444566, 37.512327743881137 ], [ 126.934444135461561, 37.512326159400246 ], [ 126.934432115928686, 37.512324474018087 ], [ 126.934420121370238, 37.512322687737303 ], [ 126.934408149523392, 37.512320801457541 ], [ 126.934396202651044, 37.512318814279134 ], [ 126.934384284144897, 37.512316728005999 ], [ 126.934372392875574, 37.512314540835519 ], [ 126.934360531102811, 37.512312255471976 ], [ 126.934348701091182, 37.512309869213674 ], [ 126.934336902838339, 37.512307384763588 ], [ 126.934325138607292, 37.512304801222058 ], [ 126.934313408397259, 37.512302119490052 ], [ 126.934301713339366, 37.51229933956828 ], [ 126.934290057957909, 37.512296461459243 ], [ 126.93427843999001, 37.512293486062759 ], [ 126.934266861698632, 37.512290412479032 ], [ 126.934255325344409, 37.512287242511412 ], [ 126.934243830927315, 37.512283976159914 ], [ 126.934232380708735, 37.512280614326819 ], [ 126.93422097582139, 37.512277155210796 ], [ 126.934209616262919, 37.512273601514835 ], [ 126.934198305426563, 37.51226995324091 ], [ 126.934187043313131, 37.512266209488011 ], [ 126.934175829921102, 37.512262372058146 ], [ 126.934164668644499, 37.512258440052285 ], [ 126.934153560612785, 37.512254415273077 ], [ 126.934142505826017, 37.512250297720513 ], [ 126.934131506546407, 37.512246087395923 ], [ 126.934120562773913, 37.512241784299327 ], [ 126.93410967676833, 37.512237391135002 ], [ 126.934098849662348, 37.512232906101616 ], [ 126.934088082585461, 37.512228331001836 ], [ 126.934077375538507, 37.51222366493468 ], [ 126.934066731912282, 37.512218910605078 ], [ 126.934056150577405, 37.512214066210419 ], [ 126.934045634924644, 37.512209134455645 ], [ 126.934035184955633, 37.512204113538793 ], [ 126.934024801799026, 37.512199006163492 ], [ 126.934014485455705, 37.512193811428766 ], [ 126.934004239317247, 37.512188531138584 ], [ 126.933994063384517, 37.512183164391949 ], [ 126.933983959917171, 37.512177713893166 ], [ 126.933973927785843, 37.512172177839616 ], [ 126.933963970382138, 37.51216655803524 ], [ 126.933954086573323, 37.512160856281412 ], [ 126.933944319320602, 37.512155094226678 ], [ 126.933935476885395, 37.512149775089583 ], [ 126.933924895948863, 37.512143254829454 ], [ 126.93391532348511, 37.512137226188734 ], [ 126.933905830270916, 37.512131116502864 ], [ 126.933896418565965, 37.512124928476169 ], [ 126.933887089501312, 37.512118662109316 ], [ 126.933877843076985, 37.512112317402341 ], [ 126.933868681554344, 37.512105895257541 ], [ 126.933859604932508, 37.512099396575913 ], [ 126.933850032225379, 37.512092396655234 ], [ 126.933842114408662, 37.512086500501844 ], [ 126.933833851848405, 37.512080348267332 ], [ 126.933825589290294, 37.512074195131262 ], [ 126.933817326732736, 37.512068042895592 ], [ 126.93380906304624, 37.512061889757661 ], [ 126.933800800492236, 37.512055736619828 ], [ 126.933792537938714, 37.512049584382424 ], [ 126.933689070639943, 37.511983930653649 ], [ 126.933632325247856, 37.511933676499034 ], [ 126.933608038110251, 37.511912164757085 ], [ 126.933363553948794, 37.51173011271004 ], [ 126.933345781551324, 37.511721398826154 ], [ 126.933236258684431, 37.511667692024027 ], [ 126.93315516486733, 37.511632972963874 ], [ 126.933065263755736, 37.511600503038629 ], [ 126.933080930014114, 37.511562183712023 ], [ 126.933009898079106, 37.511523992532723 ], [ 126.932996391362067, 37.511516120798795 ], [ 126.932976815935959, 37.511512586544896 ], [ 126.932961782461078, 37.511514424864707 ], [ 126.932924883529566, 37.5114937886379 ], [ 126.932891244307356, 37.511496654092028 ], [ 126.932858144376183, 37.511502231850429 ], [ 126.932766238523925, 37.511529815572928 ], [ 126.932763565159476, 37.511537942810158 ], [ 126.932751330385486, 37.51153434071135 ], [ 126.932741087778467, 37.51155376023943 ], [ 126.932723572364722, 37.511548614358659 ], [ 126.932711550169088, 37.511545079053334 ], [ 126.932540172093383, 37.511595170035044 ], [ 126.932522347651357, 37.511598900564408 ], [ 126.932522957269299, 37.511633335215699 ], [ 126.932368760112695, 37.51163272247647 ], [ 126.9323444533713, 37.511632953316777 ], [ 126.93234525019426, 37.511651963013477 ], [ 126.932212190880236, 37.511643380515089 ], [ 126.932195183623037, 37.511644031867483 ], [ 126.93218388504053, 37.511644464021956 ], [ 126.932172587588127, 37.511644897077055 ], [ 126.932161290136392, 37.511645329230028 ], [ 126.932149992683748, 37.511645762282939 ], [ 126.932144606372873, 37.51164596905214 ], [ 126.932080705046786, 37.511696917113525 ], [ 126.932077090281254, 37.511757843994154 ], [ 126.932070200233937, 37.511881943236602 ], [ 126.932066908299333, 37.511882517939149 ], [ 126.932052444498737, 37.512099478456612 ], [ 126.932044182384203, 37.512227243939947 ], [ 126.932038000778633, 37.512245872915827 ], [ 126.932018618085067, 37.512534477775901 ], [ 126.932011945207549, 37.512619356743009 ], [ 126.932006672616566, 37.512682252215008 ], [ 126.932000171407793, 37.512752742364476 ], [ 126.932000245975772, 37.512769906393736 ], [ 126.931997680605775, 37.512828532732961 ], [ 126.931997470020647, 37.512958023838728 ], [ 126.931986572091745, 37.513040886584328 ], [ 126.932085401959455, 37.513041769126993 ], [ 126.93226124682667, 37.513046845853921 ], [ 126.932583595192696, 37.513045926175941 ], [ 126.933227308971141, 37.513042867267473 ], [ 126.933226388559106, 37.513035100144918 ], [ 126.933258353707117, 37.513034298713201 ], [ 126.933260958361288, 37.513043247114197 ], [ 126.933456567802239, 37.513043414039231 ], [ 126.933756677708757, 37.513043964989336 ], [ 126.933756166587415, 37.513046325307165 ], [ 126.933806083511783, 37.513043885199771 ], [ 126.933928093938505, 37.513043396455998 ], [ 126.93413572656857, 37.513043821414151 ], [ 126.934268673854831, 37.51304413143361 ], [ 126.934413537821044, 37.513049962172545 ], [ 126.934603140905949, 37.513063161207249 ], [ 126.935000090764063, 37.513066427160375 ], [ 126.934976603601896, 37.513074302157513 ], [ 126.935272070966832, 37.513784668821998 ], [ 126.935272491286483, 37.513800532902508 ], [ 126.93535319793753, 37.513804797501379 ], [ 126.935359515275678, 37.513849454424268 ], [ 126.935394560849872, 37.513870305084779 ], [ 126.935419732309001, 37.513929253350035 ], [ 126.935440738031986, 37.513927832517581 ], [ 126.935461740414922, 37.514020043229571 ], [ 126.935554947184656, 37.514233690029194 ], [ 126.935466700882202, 37.514256818851202 ], [ 126.935282116498797, 37.514307865060907 ], [ 126.935044213609345, 37.514382207785893 ], [ 126.934844537923837, 37.514435245029134 ], [ 126.934747240270028, 37.514447984220446 ], [ 126.934491904498884, 37.514473481973305 ], [ 126.934136719577637, 37.514505977062207 ], [ 126.933938122396029, 37.514553553349074 ], [ 126.933858498042625, 37.514572482752385 ], [ 126.933762766287458, 37.514591853362276 ], [ 126.93375990468995, 37.514654299776616 ], [ 126.933755951487029, 37.514744360200105 ], [ 126.933924831141823, 37.514755071593072 ], [ 126.934136901564798, 37.514769077104731 ], [ 126.934784453858597, 37.514816134332165 ], [ 126.935365212383743, 37.514865997771253 ], [ 126.93544393175938, 37.514872754251684 ], [ 126.935469040525803, 37.514874912664808 ], [ 126.935511226676908, 37.514879792615233 ], [ 126.935599197816558, 37.514889979749469 ], [ 126.935859901622479, 37.51492015424963 ], [ 126.936241178739166, 37.514982894702122 ], [ 126.936548254558161, 37.515033590964471 ], [ 126.937157105371625, 37.515131655331245 ], [ 126.937450477524706, 37.515177405221614 ], [ 126.937814706388366, 37.515232681007795 ], [ 126.937843297161351, 37.515237219424058 ], [ 126.938473324583427, 37.515336801190408 ], [ 126.938754177069796, 37.51538229879143 ], [ 126.939278779364557, 37.515463233546484 ], [ 126.939322038671705, 37.515470509351061 ], [ 126.939565331116427, 37.515511812727162 ], [ 126.939717468259545, 37.515537566306918 ], [ 126.939728677236843, 37.515539465163712 ], [ 126.939729957412283, 37.515539773073058 ], [ 126.939795063671113, 37.515550701956542 ], [ 126.939841512358626, 37.515558564884834 ], [ 126.940150875909723, 37.515611623494195 ], [ 126.940404008582902, 37.5156547142264 ], [ 126.940740132065599, 37.515711785556704 ], [ 126.941019888289105, 37.515759582854123 ], [ 126.94117065815766, 37.515784860838295 ], [ 126.94143872204144, 37.515828975105102 ], [ 126.941904525644404, 37.515906687758488 ], [ 126.942273021582281, 37.515967167813599 ], [ 126.942441322797976, 37.515994957736098 ], [ 126.94267352501997, 37.516032789335839 ], [ 126.942923823587819, 37.516073125216082 ], [ 126.943223693736144, 37.516121323706038 ], [ 126.943468633450024, 37.516160391689162 ], [ 126.944583426120687, 37.516374747852588 ], [ 126.945337509794768, 37.516510989928143 ], [ 126.945613108245041, 37.516526915143587 ], [ 126.945618152221698, 37.516528109548446 ], [ 126.945643638558522, 37.516528679323116 ], [ 126.946585455105236, 37.516583094328269 ], [ 126.947299251489255, 37.516565543846674 ], [ 126.947513257371654, 37.516538227272221 ], [ 126.947497712179768, 37.516508388183233 ], [ 126.947547533084688, 37.516494220267887 ], [ 126.947624850962868, 37.516471882934198 ], [ 126.947660378708775, 37.516457835489632 ], [ 126.947678019249324, 37.51644928406823 ], [ 126.947693821743528, 37.516432785020903 ], [ 126.947754078799704, 37.516414918678997 ], [ 126.947767864085051, 37.516403670609904 ], [ 126.947814025824329, 37.516371895452487 ], [ 126.94787032791902, 37.516332521376249 ], [ 126.947911589563574, 37.516303825361547 ], [ 126.947954673026786, 37.516274112032775 ], [ 126.948020571960114, 37.516227749604326 ], [ 126.948040617484821, 37.516225127772252 ], [ 126.948086523694286, 37.516218273945249 ], [ 126.94810685262614, 37.516214769253843 ], [ 126.948129318707842, 37.516212228689788 ], [ 126.948168104694901, 37.516197056319214 ], [ 126.948247846882381, 37.516168837067383 ], [ 126.948306714115347, 37.516148419095728 ], [ 126.948370378762235, 37.51612595078398 ], [ 126.948449712826545, 37.516098811506261 ], [ 126.948540158817863, 37.516065597237002 ], [ 126.948775272629874, 37.515973016971074 ], [ 126.948836024567441, 37.515948607262217 ], [ 126.948783251218714, 37.515902832028388 ], [ 126.948742792481823, 37.515868333735668 ], [ 126.948722660742604, 37.51584899837097 ], [ 126.948716477541339, 37.515843238241473 ], [ 126.948706257289686, 37.51583596263319 ], [ 126.948696545627968, 37.515829281007967 ], [ 126.948679212399412, 37.515819453298171 ], [ 126.948608828305936, 37.515779120232857 ], [ 126.948596642480737, 37.515768212719848 ], [ 126.948170430894962, 37.515387341078487 ], [ 126.947607937716953, 37.515006949960885 ], [ 126.947359115331622, 37.51488809833922 ], [ 126.947106961450331, 37.514772412560021 ], [ 126.946947946491179, 37.514699610780866 ], [ 126.946901394724364, 37.514677686044557 ], [ 126.94688222743045, 37.514670837717347 ], [ 126.946750188840127, 37.514614842717627 ], [ 126.94670666775842, 37.51459400140606 ], [ 126.946486527242399, 37.514492238729893 ], [ 126.946457230434575, 37.514478440733754 ], [ 126.94628602791137, 37.514399553356043 ], [ 126.946407696749063, 37.514291196884407 ], [ 126.946557540081614, 37.514008179914157 ], [ 126.946651386516308, 37.513564224167908 ], [ 126.946677719609639, 37.513364584565899 ], [ 126.94817058430111, 37.512989805773167 ], [ 126.94811745645211, 37.512930719635911 ], [ 126.948067659610714, 37.51292730486221 ], [ 126.948042245028063, 37.512911875505203 ], [ 126.947997485873785, 37.512883347700352 ], [ 126.947890985678342, 37.51281673376662 ], [ 126.947824734725145, 37.51277436583829 ], [ 126.947703384563809, 37.512706654777617 ], [ 126.947606070853539, 37.512669237062774 ], [ 126.947583638467577, 37.512657838224719 ], [ 126.947563681701496, 37.512648449735735 ], [ 126.947485926009634, 37.512624573823373 ], [ 126.947444899454894, 37.512612193376064 ] ] ] } },
{ "type": "Feature", "properties": { "OBJECTID": 3857, "ID": "중심지_48", "CODE": "ZON520", "ENT_NAME": "중심지", "JOSER_ID": null, "GOSI_ID": null, "LABEL": "상암수색광역중심(서북권)", "GOSI_DATE": null }, "geometry": { "type": "Polygon", "coordinates": [ [ [ 126.894205584309177, 37.58268741460418 ], [ 126.894311943629702, 37.582626847880249 ], [ 126.89448999734158, 37.582909585558205 ], [ 126.894503330905451, 37.582927527259159 ], [ 126.894523097550476, 37.582959530164338 ], [ 126.894618590901786, 37.583080168545173 ], [ 126.894625614810167, 37.583076931357475 ], [ 126.89468449723293, 37.583148432814298 ], [ 126.894726423727931, 37.583202439783847 ], [ 126.894745843332402, 37.583238947264036 ], [ 126.894827195208251, 37.583353626174983 ], [ 126.894916242355734, 37.583470023849593 ], [ 126.894990131628234, 37.583417833391906 ], [ 126.895017495677365, 37.583402694496165 ], [ 126.895037365019348, 37.583426426358564 ], [ 126.895542201712786, 37.583154206384755 ], [ 126.895576045339126, 37.583135496262798 ], [ 126.895583037275443, 37.583131626497611 ], [ 126.895836460570081, 37.582991508923342 ], [ 126.895916539491282, 37.582967214331525 ], [ 126.895921724882328, 37.58297349343362 ], [ 126.895934640295039, 37.582966309715019 ], [ 126.895984383263169, 37.582925317905321 ], [ 126.896043006593331, 37.582926114512915 ], [ 126.89609199514318, 37.582894989577674 ], [ 126.896076056753486, 37.582880635255812 ], [ 126.896139336868742, 37.582841837657881 ], [ 126.896014737832189, 37.582718579653552 ], [ 126.896089369337204, 37.582669650731482 ], [ 126.896101422189162, 37.582661525594879 ], [ 126.896147593784733, 37.582630403525428 ], [ 126.896199418925875, 37.58259547351048 ], [ 126.89624582954319, 37.582564193041932 ], [ 126.896293109296423, 37.582532324085065 ], [ 126.896431314103438, 37.582407766996837 ], [ 126.896484446662271, 37.582359876439114 ], [ 126.896511457266328, 37.582335536013645 ], [ 126.896623931751407, 37.582234168800689 ], [ 126.89667720801539, 37.582186155748261 ], [ 126.896692608219979, 37.582170912132284 ], [ 126.89669566355353, 37.582167882127401 ], [ 126.896741289971047, 37.582134387944251 ], [ 126.896774705473192, 37.582112029904749 ], [ 126.896782513966386, 37.582102989134206 ], [ 126.896785237155569, 37.582079248774463 ], [ 126.896816979563212, 37.582047836133796 ], [ 126.896858448536136, 37.582023346272571 ], [ 126.896876546942309, 37.582012658606139 ], [ 126.896886505250549, 37.581942183318439 ], [ 126.896915547820242, 37.581943677662942 ], [ 126.896915915735136, 37.581943696008629 ], [ 126.897030033588237, 37.582023318072551 ], [ 126.897009321414259, 37.582150428823809 ], [ 126.89733730817845, 37.582488242387598 ], [ 126.899195947039587, 37.58135639370235 ], [ 126.899075839834623, 37.58124228959786 ], [ 126.899077433659272, 37.581234992995398 ], [ 126.899082328358787, 37.581223834027782 ], [ 126.899044639929031, 37.581207574563038 ], [ 126.899031520696909, 37.581116113107264 ], [ 126.899035113771063, 37.581055173540676 ], [ 126.89897219388952, 37.580986220509757 ], [ 126.89887714380761, 37.58089412021436 ], [ 126.898930804591643, 37.580826492002977 ], [ 126.899523557755117, 37.580464106492371 ], [ 126.899193773654545, 37.5801136438795 ], [ 126.899193580349746, 37.580113436485163 ], [ 126.898970675545428, 37.579847208912234 ], [ 126.899010728576627, 37.579823567585443 ], [ 126.899112345487339, 37.579765506135097 ], [ 126.899172168341551, 37.579730140250071 ], [ 126.899260950791856, 37.579677653657093 ], [ 126.899476878775104, 37.579540892406989 ], [ 126.899804383139809, 37.579342637332168 ], [ 126.900731273599902, 37.578781535843746 ], [ 126.900797676216555, 37.578734831328205 ], [ 126.900940682545752, 37.578631159631485 ], [ 126.900972080368192, 37.578602733230042 ], [ 126.901103279740937, 37.578483943538849 ], [ 126.901165447188347, 37.578427655924806 ], [ 126.901337956602291, 37.578271463292964 ], [ 126.901447335040416, 37.578172357462648 ], [ 126.901477369950243, 37.578145263228883 ], [ 126.901522934184825, 37.578104036656057 ], [ 126.901557504044305, 37.578072747646161 ], [ 126.901743887263962, 37.577904024426537 ], [ 126.902098378135477, 37.577583121830159 ], [ 126.902119912084416, 37.577563588556806 ], [ 126.902290151759146, 37.577409482885685 ], [ 126.902337528654414, 37.577366545642001 ], [ 126.902338283527854, 37.577309513831054 ], [ 126.902339293904248, 37.577231399149902 ], [ 126.902057198416927, 37.576966001488238 ], [ 126.901946510472612, 37.576861934334232 ], [ 126.901932037621407, 37.576848046933456 ], [ 126.901947618338866, 37.576836734674373 ], [ 126.901810190473441, 37.576708201068477 ], [ 126.901752789230954, 37.576654547476359 ], [ 126.901645116758985, 37.5765539027282 ], [ 126.901501417437885, 37.576417641996258 ], [ 126.90118530557217, 37.576112715941079 ], [ 126.901059965542728, 37.575996281159483 ], [ 126.901023155113961, 37.575960940162169 ], [ 126.901005505180933, 37.57594438302074 ], [ 126.900914752418245, 37.575859288614396 ], [ 126.900861931385094, 37.575809112689903 ], [ 126.900694467152277, 37.575650774540335 ], [ 126.90066353573458, 37.575620438926101 ], [ 126.900626435674042, 37.57558608864106 ], [ 126.900632901992481, 37.575581765826605 ], [ 126.898781268081251, 37.57352726675839 ], [ 126.893693230421377, 37.568182485984615 ], [ 126.893206042951959, 37.568202339306133 ], [ 126.892450936096495, 37.568728385049738 ], [ 126.891133261159212, 37.569819334068384 ], [ 126.889858933824485, 37.571174658849529 ], [ 126.890002023679315, 37.571335052709102 ], [ 126.8899733738821, 37.571950490051577 ], [ 126.890402704124185, 37.57204504806738 ], [ 126.890581597461804, 37.571939350301015 ], [ 126.890618320794374, 37.572289868825948 ], [ 126.890876882532325, 37.572277048007336 ], [ 126.890987470938484, 37.572971181080256 ], [ 126.891453495933519, 37.572981257024352 ], [ 126.891645595832586, 37.573520496504166 ], [ 126.891987835822079, 37.573726960336472 ], [ 126.893223127882735, 37.573884816692967 ], [ 126.895133097665735, 37.575704502302628 ], [ 126.892546392577501, 37.577191475588727 ], [ 126.891672369854703, 37.576277350880332 ], [ 126.88827823556791, 37.572910625125168 ], [ 126.888014409796455, 37.573137472770071 ], [ 126.887619444557572, 37.573390116568952 ], [ 126.887069563164616, 37.573790331171153 ], [ 126.886635102134406, 37.574106537617048 ], [ 126.886634739814184, 37.574342408413862 ], [ 126.890498736839646, 37.578301593008177 ], [ 126.882203736695061, 37.5831923860027 ], [ 126.884330137832279, 37.584764012666724 ], [ 126.885743931899327, 37.585842301179092 ], [ 126.887167527792428, 37.586847074330123 ], [ 126.887470571780341, 37.586586835993714 ], [ 126.888550956614651, 37.585665138229082 ], [ 126.88952153604761, 37.584851795901372 ], [ 126.890336328010093, 37.584393034792932 ], [ 126.890596446479279, 37.584290175239744 ], [ 126.890733749289154, 37.584232821309413 ], [ 126.890867538468427, 37.584177986684267 ], [ 126.890993740340562, 37.584125036872628 ], [ 126.891122273647653, 37.584071746731368 ], [ 126.891389217013639, 37.583961066748365 ], [ 126.891630626759834, 37.583860741745333 ], [ 126.891710346172673, 37.583826866796358 ], [ 126.891747424674136, 37.583811116016172 ], [ 126.893687567801237, 37.582966698590909 ], [ 126.893854557279809, 37.582888915755241 ], [ 126.89393817955775, 37.582839978375276 ], [ 126.894032335514055, 37.582787626781915 ], [ 126.894107686502934, 37.582743186677519 ], [ 126.894205584309177, 37.58268741460418 ] ] ] } },
{ "type": "Feature", "properties": { "OBJECTID": 3858, "ID": "중심지_56", "CODE": "ZON540", "ENT_NAME": "중심지", "JOSER_ID": null, "GOSI_ID": null, "LABEL": "시흥지구중심(서남권)", "GOSI_DATE": null }, "geometry": { "type": "Polygon", "coordinates": [ [ [ 126.898645489581114, 37.458834165947735 ], [ 126.898754265922264, 37.458552839867664 ], [ 126.899853779748469, 37.458813849554069 ], [ 126.899902075572967, 37.458482526780408 ], [ 126.900123829522798, 37.458144201628556 ], [ 126.900454836673617, 37.457357697956738 ], [ 126.90066134131348, 37.45678954925534 ], [ 126.900744827673464, 37.456688179015607 ], [ 126.900748178424465, 37.456687629556413 ], [ 126.90077304987021, 37.456623949703477 ], [ 126.900822384422185, 37.45649758163843 ], [ 126.900873306560911, 37.456367159477999 ], [ 126.900893346490406, 37.456315819251493 ], [ 126.900955473487912, 37.456156664527498 ], [ 126.901013993696708, 37.456006787052246 ], [ 126.901015694818412, 37.456002462773128 ], [ 126.901032865327281, 37.455958419122297 ], [ 126.901113024005596, 37.455753058069106 ], [ 126.901170863046602, 37.455604981937228 ], [ 126.901195189501152, 37.455542625998199 ], [ 126.901196867985504, 37.455538310706949 ], [ 126.901261363871981, 37.455373139095975 ], [ 126.90126329184821, 37.45536818520258 ], [ 126.901291757451403, 37.455295318921763 ], [ 126.90133575964289, 37.455182909870359 ], [ 126.901365756197251, 37.45510606242366 ], [ 126.9013742051809, 37.455084372474651 ], [ 126.901450642190781, 37.454888558663605 ], [ 126.901456858201158, 37.454888654927693 ], [ 126.901518906856694, 37.45488843713936 ], [ 126.901580959588799, 37.454885155002799 ], [ 126.901619391831034, 37.454881241089161 ], [ 126.901642564184243, 37.454878900939505 ], [ 126.901697955491201, 37.454870495402169 ], [ 126.90170349459838, 37.454869672056212 ], [ 126.901739557883104, 37.454862377332915 ], [ 126.901763750822923, 37.454857469254911 ], [ 126.90182288064949, 37.454842382255769 ], [ 126.90187582998999, 37.454825964637919 ], [ 126.90188077105141, 37.454824410965131 ], [ 126.901937082842196, 37.454803645199526 ], [ 126.901991815898583, 37.454780174160703 ], [ 126.90204463103214, 37.454754090368773 ], [ 126.902073110818435, 37.454738058419238 ], [ 126.902095301963783, 37.454725571134091 ], [ 126.902109802701759, 37.454716869708328 ], [ 126.902242775189364, 37.454636927146481 ], [ 126.902336305945312, 37.454580692834412 ], [ 126.902346632889532, 37.454574484562741 ], [ 126.902364730472044, 37.45456361650244 ], [ 126.902423660769401, 37.454528166313068 ], [ 126.902438025722873, 37.454519528704246 ], [ 126.902525007107656, 37.454467253174819 ], [ 126.902545819279823, 37.45445474572832 ], [ 126.902722722512479, 37.45434839489198 ], [ 126.902928445404157, 37.454224723477182 ], [ 126.903081164932175, 37.454132904063485 ], [ 126.903160793382725, 37.454085036864797 ], [ 126.903271865727064, 37.454018363838102 ], [ 126.903372418461345, 37.453958287242514 ], [ 126.903257491009626, 37.453801327601973 ], [ 126.903215913120007, 37.453704930491583 ], [ 126.903138346996158, 37.453705875081063 ], [ 126.903045217909749, 37.453707013885847 ], [ 126.902960904429264, 37.453708051847784 ], [ 126.902867888369613, 37.453709180696031 ], [ 126.902758145202966, 37.453710539668123 ], [ 126.902567027112724, 37.453712876507957 ], [ 126.902492094359303, 37.453713786837703 ], [ 126.902490964147404, 37.45371380391088 ], [ 126.902458236218365, 37.453677736266087 ], [ 126.902646375783092, 37.453190538999728 ], [ 126.902691737558115, 37.453073086709118 ], [ 126.902721506140537, 37.452996012546286 ], [ 126.902742451871887, 37.452941761583389 ], [ 126.902765733668105, 37.452881477632367 ], [ 126.902788357606937, 37.452822957295652 ], [ 126.90281429301605, 37.452755764837057 ], [ 126.902841543759138, 37.452685238848161 ], [ 126.902770258142596, 37.452577689338057 ], [ 126.902708909848627, 37.452562438102696 ], [ 126.902606075252649, 37.452536871650459 ], [ 126.902416517249648, 37.452489724520902 ], [ 126.902330556384527, 37.452468373364766 ], [ 126.902719021067625, 37.4514387392015 ], [ 126.902726292845969, 37.451366273774944 ], [ 126.902173718200757, 37.451239325626872 ], [ 126.901576817345344, 37.45125355027163 ], [ 126.901538416653906, 37.451243641870704 ], [ 126.901309560499712, 37.451184585353936 ], [ 126.901290580349126, 37.451179794830878 ], [ 126.901014693078295, 37.451108291001773 ], [ 126.90092871951434, 37.451085241316434 ], [ 126.900707511881365, 37.451028830089008 ], [ 126.900490936244708, 37.450973864015872 ], [ 126.900330137031077, 37.450958374227625 ], [ 126.900285799375482, 37.450976598751026 ], [ 126.899928921720203, 37.450884273728164 ], [ 126.899720713282036, 37.450826996947889 ], [ 126.899685796020364, 37.450832201714896 ], [ 126.899584039701665, 37.45084736803436 ], [ 126.8995617826113, 37.450850692470745 ], [ 126.899396872148699, 37.450875282718322 ], [ 126.899236008334299, 37.450899263553445 ], [ 126.89908299778601, 37.450973823535527 ], [ 126.899075645073481, 37.450978773596553 ], [ 126.898850876315208, 37.451131208970921 ], [ 126.898678621817638, 37.451195038749468 ], [ 126.898605396035322, 37.451222177283462 ], [ 126.897716085840756, 37.451299426737258 ], [ 126.897692563247844, 37.451310577648499 ], [ 126.89751738736156, 37.451393766681569 ], [ 126.89738751516883, 37.451406357420154 ], [ 126.897261599775192, 37.451401723374076 ], [ 126.89714940377965, 37.451397587852064 ], [ 126.896900972455441, 37.451333216611779 ], [ 126.896874383780641, 37.451330462126457 ], [ 126.896814867173461, 37.451324309610349 ], [ 126.896766277674743, 37.451319220925676 ], [ 126.896571133560698, 37.451214441043192 ], [ 126.89653862686724, 37.451208880000451 ], [ 126.896377483266647, 37.451181283120263 ], [ 126.896195900839743, 37.451149775464515 ], [ 126.896162230475852, 37.451143979920779 ], [ 126.89612358796785, 37.451137818630698 ], [ 126.896096744308096, 37.451204090701189 ], [ 126.896079246836138, 37.451246295325895 ], [ 126.895896219971817, 37.451687499511358 ], [ 126.895655316239086, 37.452304391811026 ], [ 126.895616827957227, 37.452493081974993 ], [ 126.895553165244522, 37.452653457076636 ], [ 126.895471275538526, 37.452859732833488 ], [ 126.895449736503281, 37.452858225946244 ], [ 126.895444262027681, 37.452861357433754 ], [ 126.894843822703095, 37.453160029277875 ], [ 126.892981467290141, 37.457234664184703 ], [ 126.893453662362404, 37.457507112036346 ], [ 126.894348899459601, 37.456941895185594 ], [ 126.897125405437237, 37.457809715161922 ], [ 126.896849371065798, 37.458773201927208 ], [ 126.896924370989225, 37.458833239194455 ], [ 126.898471262892642, 37.459284426392678 ], [ 126.898645489581114, 37.458834165947735 ] ] ] } },
{ "type": "Feature", "properties": { "OBJECTID": 3859, "ID": "중심지_04", "CODE": "ZON540", "ENT_NAME": "중심지", "JOSER_ID": null, "GOSI_ID": null, "LABEL": "오금지구중심(동남권)", "GOSI_DATE": null }, "geometry": { "type": "Polygon", "coordinates": [ [ [ 127.128144491211373, 37.501982459919489 ], [ 127.129724640871089, 37.500936444930694 ], [ 127.13051004447523, 37.500411824469765 ], [ 127.130751802697603, 37.500255302848721 ], [ 127.131101726384045, 37.500064353926312 ], [ 127.132128753312841, 37.49952172752004 ], [ 127.12999427605854, 37.497766159772524 ], [ 127.129145683785651, 37.497065507075085 ], [ 127.126318901574436, 37.499219475358636 ], [ 127.126003964598596, 37.499452640920623 ], [ 127.125741870713853, 37.499631922642415 ], [ 127.125775040815867, 37.499703727956977 ], [ 127.125881472445784, 37.499925917466257 ], [ 127.125949624919059, 37.50006816197908 ], [ 127.126035057891841, 37.500224177113203 ], [ 127.12612712438046, 37.500385243388301 ], [ 127.126194336254756, 37.500501291317875 ], [ 127.126213548037228, 37.50053402953229 ], [ 127.126292645904172, 37.5006419252393 ], [ 127.126411435822945, 37.500803887476998 ], [ 127.126532775881515, 37.500966194677076 ], [ 127.12666498224182, 37.501112272272096 ], [ 127.126814783666134, 37.50127454721779 ], [ 127.12699427923944, 37.501461378669099 ], [ 127.127039815287787, 37.501504629556443 ], [ 127.125357882497298, 37.502628579544094 ], [ 127.125887354673452, 37.503177307616255 ], [ 127.12618295594558, 37.503502404889446 ], [ 127.126769255519477, 37.504120049312561 ], [ 127.128857828665986, 37.502727403136269 ], [ 127.128144491211373, 37.501982459919489 ] ] ] } },
{ "type": "Feature", "properties": { "OBJECTID": 3860, "ID": "중심지_05", "CODE": "ZON540", "ENT_NAME": "중심지", "JOSER_ID": null, "GOSI_ID": null, "LABEL": "도곡지구중심(동남권)", "GOSI_DATE": null }, "geometry": { "type": "Polygon", "coordinates": [ [ [ 127.055353031036617, 37.490531334318554 ], [ 127.055554069939845, 37.489893154217938 ], [ 127.055577869993741, 37.489812053309628 ], [ 127.055598514864968, 37.489730413239556 ], [ 127.055601208284628, 37.489717888103158 ], [ 127.055615970641526, 37.489648234024877 ], [ 127.055630158312468, 37.489565695903195 ], [ 127.055641066652598, 37.489482897990904 ], [ 127.055648695653133, 37.489399813258814 ], [ 127.05565104696818, 37.48936764647074 ], [ 127.05565295080234, 37.489342147289776 ], [ 127.055694051510358, 37.488635924366534 ], [ 127.055694696104268, 37.488589072049116 ], [ 127.055691270192767, 37.488542311697813 ], [ 127.055683773913501, 37.488495823512338 ], [ 127.055672207469101, 37.488449877791929 ], [ 127.055656570996874, 37.488404654735405 ], [ 127.05563709091237, 37.488360523647721 ], [ 127.05561376720209, 37.48831745749689 ], [ 127.055586826292782, 37.488275843607319 ], [ 127.05555615524132, 37.488235853218299 ], [ 127.055522206399999, 37.488197576220209 ], [ 127.055484866959915, 37.488161373061992 ], [ 127.055162179949562, 37.487869145347887 ], [ 127.054966903600757, 37.487705161648989 ], [ 127.054865993540005, 37.487632766810215 ], [ 127.053799868006067, 37.487000921147157 ], [ 127.05285795964511, 37.486442713743259 ], [ 127.052591802655925, 37.486284973760398 ], [ 127.052398378615976, 37.486170359813002 ], [ 127.052256428058229, 37.486095817989757 ], [ 127.052134735116852, 37.486048297343068 ], [ 127.052028767333638, 37.486013564060826 ], [ 127.051909124347958, 37.485987576224659 ], [ 127.051864571868364, 37.485981828812406 ], [ 127.051819569300207, 37.485979325177993 ], [ 127.051774455900585, 37.48598015527665 ], [ 127.051729649959128, 37.485984237840469 ], [ 127.051685479287585, 37.485991455600477 ], [ 127.051642249247308, 37.486001934567923 ], [ 127.051600581560407, 37.486015458240132 ], [ 127.05156041965877, 37.486031981592632 ], [ 127.051522475762638, 37.486051351155332 ], [ 127.051486761092136, 37.486073440785511 ], [ 127.051453761644609, 37.48609796195953 ], [ 127.051423816502876, 37.48612473433618 ], [ 127.051396925607634, 37.486153667817746 ], [ 127.051341681531383, 37.486223068189005 ], [ 127.051098901074454, 37.486529510584099 ], [ 127.051045805460532, 37.48659999111203 ], [ 127.05098741287199, 37.48669678305464 ], [ 127.050952066033005, 37.486763021402382 ], [ 127.050740423138762, 37.487140899354507 ], [ 127.050588203763354, 37.487443698887837 ], [ 127.05026826602554, 37.488042185812247 ], [ 127.050295896503258, 37.488105604844918 ], [ 127.050402218013588, 37.488350182537189 ], [ 127.050418309555226, 37.488387206997743 ], [ 127.051286733612073, 37.488784365769774 ], [ 127.051371656427065, 37.48879324987044 ], [ 127.051454902557722, 37.488831236931773 ], [ 127.051474933637863, 37.48884032856769 ], [ 127.051494150365414, 37.48884906014456 ], [ 127.05210775399847, 37.489128829916268 ], [ 127.052180616048204, 37.489193220219924 ], [ 127.052269631554296, 37.489233907231316 ], [ 127.05228376999807, 37.489240388359583 ], [ 127.052308902484256, 37.48925188333228 ], [ 127.052684872707914, 37.489423812168233 ], [ 127.053036164353131, 37.489584424992472 ], [ 127.053294391502803, 37.489702523346033 ], [ 127.054080728133599, 37.490062116711229 ], [ 127.055058682604468, 37.490509303472123 ], [ 127.055211609232146, 37.490579241780992 ], [ 127.055238740519243, 37.490570039246435 ], [ 127.055264289151509, 37.49056138703569 ], [ 127.055353031036617, 37.490531334318554 ] ] ] } },
{ "type": "Feature", "properties": { "OBJECTID": 3861, "ID": "중심지_40", "CODE": "ZON530", "ENT_NAME": "중심지", "JOSER_ID": null, "GOSI_ID": null, "LABEL": "연신내불광지역중심(서북권)", "GOSI_DATE": null }, "geometry": { "type": "Polygon", "coordinates": [ [ [ 126.92873811797368, 37.612085566016944 ], [ 126.928772340170568, 37.612081968775712 ], [ 126.928940585070336, 37.612139194578418 ], [ 126.928991808365225, 37.612096060053879 ], [ 126.929073225353335, 37.612125040570433 ], [ 126.929146834062649, 37.612017598660962 ], [ 126.92947837207474, 37.61210105217986 ], [ 126.929582883389998, 37.612129226546919 ], [ 126.929763040007757, 37.612166817044546 ], [ 126.929792933353852, 37.612175124244359 ], [ 126.929897884609886, 37.612216002435993 ], [ 126.930014707309994, 37.612277430100946 ], [ 126.930107293539663, 37.612222075810884 ], [ 126.930174106818356, 37.612111926205849 ], [ 126.930190104785922, 37.612082023296033 ], [ 126.930170531201739, 37.612062189875054 ], [ 126.930074091157749, 37.612002576665816 ], [ 126.929991051778643, 37.611906481755177 ], [ 126.929961406193229, 37.611877271987993 ], [ 126.929916613729333, 37.611818320639479 ], [ 126.929853364649802, 37.611752510608703 ], [ 126.929732334528765, 37.61170846916049 ], [ 126.929979261086942, 37.61177698556714 ], [ 126.930125819304578, 37.611797814907696 ], [ 126.930257521451097, 37.611815220377387 ], [ 126.930351507847163, 37.611822942640359 ], [ 126.930349035606255, 37.611814437687364 ], [ 126.93044270193738, 37.611810980307915 ], [ 126.930790874046977, 37.611799413655028 ], [ 126.930795976330657, 37.611786233553225 ], [ 126.930953754316292, 37.611630629403891 ], [ 126.930972566287977, 37.61164272281102 ], [ 126.931029941408738, 37.611693123755593 ], [ 126.931122173112684, 37.611772014678444 ], [ 126.931202322083408, 37.611810624462514 ], [ 126.931300034930501, 37.611841045713092 ], [ 126.931406801883355, 37.611878499916536 ], [ 126.931499076921142, 37.61191062963595 ], [ 126.931631998809564, 37.61195647827676 ], [ 126.931783532860123, 37.611961973802337 ], [ 126.931891014887171, 37.611961766969195 ], [ 126.931881787970056, 37.611897161161707 ], [ 126.931866260396347, 37.611787772859955 ], [ 126.931848315250548, 37.611721630233866 ], [ 126.931823826470819, 37.611627192924146 ], [ 126.931809628271623, 37.611549790235379 ], [ 126.931796021076565, 37.611444727763164 ], [ 126.931801173867967, 37.61138571652306 ], [ 126.931807052574143, 37.611275800258767 ], [ 126.9318173624454, 37.611149488746328 ], [ 126.931817504037795, 37.61111912575408 ], [ 126.931796081700782, 37.611017031897219 ], [ 126.931800636928529, 37.610867741952049 ], [ 126.931802395903688, 37.610803322811975 ], [ 126.931815378533813, 37.610728008423926 ], [ 126.931847225206184, 37.61058332959108 ], [ 126.931868482061276, 37.610498469673935 ], [ 126.93189245225517, 37.610419918223627 ], [ 126.931969804154136, 37.610178500761343 ], [ 126.931983080682599, 37.610150938546582 ], [ 126.932101655673904, 37.609910716543709 ], [ 126.932122840605828, 37.609843020229548 ], [ 126.932171421774839, 37.609691188321179 ], [ 126.932273938627588, 37.60945911057383 ], [ 126.932274279392288, 37.609458029595679 ], [ 126.932274052959187, 37.60945794837447 ], [ 126.932275892629619, 37.609439167588391 ], [ 126.93231537551479, 37.609300803553047 ], [ 126.933758316598158, 37.609660793776797 ], [ 126.935181868253338, 37.609664283839578 ], [ 126.935220476466398, 37.609542074748454 ], [ 126.935167199750254, 37.609161716976466 ], [ 126.935010773831195, 37.609212417273106 ], [ 126.935012258504884, 37.609071324359356 ], [ 126.935249040861279, 37.608979827701638 ], [ 126.935429249457727, 37.608825320269119 ], [ 126.935092180985677, 37.608356283485683 ], [ 126.934998843493702, 37.608188889737853 ], [ 126.935162511450216, 37.608114607613537 ], [ 126.935209386035709, 37.607965887240994 ], [ 126.935139467808298, 37.607742726952331 ], [ 126.935349879173813, 37.607668470842803 ], [ 126.935513119927919, 37.607485120504165 ], [ 126.935410093679991, 37.607353872642861 ], [ 126.93530658701961, 37.607222013553432 ], [ 126.93514109459295, 37.607067975186339 ], [ 126.9349452729288, 37.607009630811952 ], [ 126.934722075475065, 37.607069156925462 ], [ 126.93469779079382, 37.607006258230243 ], [ 126.934426504718985, 37.607053150006699 ], [ 126.934170698679637, 37.607097365066899 ], [ 126.933833360909404, 37.607134076314331 ], [ 126.933626812896705, 37.607154346904096 ], [ 126.933417676616358, 37.60713155229832 ], [ 126.933203790073989, 37.607108239210639 ], [ 126.932986363994814, 37.607058411380464 ], [ 126.932043767708933, 37.608100121693717 ], [ 126.931827662430834, 37.608052584612068 ], [ 126.931757293358046, 37.608006400148476 ], [ 126.931488979367927, 37.607964934826342 ], [ 126.931208624881378, 37.607949786612842 ], [ 126.930668436788537, 37.60789395947188 ], [ 126.930224512600518, 37.60784973503349 ], [ 126.929556292458869, 37.607776515725455 ], [ 126.929452370854833, 37.607833652056662 ], [ 126.928649671162802, 37.607981985184956 ], [ 126.928133536175295, 37.608075897282475 ], [ 126.927312231783048, 37.608279005653507 ], [ 126.926689642083232, 37.608315644712341 ], [ 126.926478261455756, 37.60868372376661 ], [ 126.926232416295576, 37.608819723568487 ], [ 126.92620884383409, 37.608835385612494 ], [ 126.926187312785828, 37.608847084634839 ], [ 126.925971203808132, 37.608980562096285 ], [ 126.925944121517702, 37.608996221840158 ], [ 126.925920674048044, 37.609000171143038 ], [ 126.925930972777053, 37.609006304415495 ], [ 126.92582772841601, 37.609075794038795 ], [ 126.925817419604698, 37.609078490372191 ], [ 126.925795209981416, 37.609091360163504 ], [ 126.925728111946057, 37.609142492857252 ], [ 126.925664871765022, 37.609186420137959 ], [ 126.925540088763213, 37.609274365787563 ], [ 126.925414062550701, 37.609360598636826 ], [ 126.925323513653453, 37.609419464416156 ], [ 126.925312975418805, 37.609424953600495 ], [ 126.925260701783571, 37.609464941443051 ], [ 126.924991750503636, 37.60959401317853 ], [ 126.924892787393375, 37.609708000632715 ], [ 126.925573965585144, 37.610252033778828 ], [ 126.925999422215398, 37.610679642341623 ], [ 126.926197117787282, 37.610801705715865 ], [ 126.926686751505343, 37.611103662189691 ], [ 126.927200158416881, 37.611415904581406 ], [ 126.927331277724818, 37.611475972617754 ], [ 126.926862920718975, 37.61179865386908 ], [ 126.926118050402764, 37.612410261972279 ], [ 126.925507964723693, 37.612433380817052 ], [ 126.924959483794638, 37.613047300847306 ], [ 126.92475921553806, 37.613056416627984 ], [ 126.924445174737372, 37.61334406460972 ], [ 126.925925654771561, 37.614585240579103 ], [ 126.926214343136621, 37.614509387758901 ], [ 126.927916405599674, 37.61251360995729 ], [ 126.928281846288186, 37.612137329840237 ], [ 126.92873811797368, 37.612085566016944 ] ] ] } },
{ "type": "Feature", "properties": { "OBJECTID": 3862, "ID": "중심지_73", "CODE": "ZON540", "ENT_NAME": "중심지", "JOSER_ID": null, "GOSI_ID": null, "LABEL": "미림지구중심(서남권)", "GOSI_DATE": null }, "geometry": { "type": "Polygon", "coordinates": [ [ [ 126.939475013095318, 37.470393096701073 ], [ 126.939718761689946, 37.470389486154659 ], [ 126.939796410090892, 37.47039139181063 ], [ 126.939822939611759, 37.470393730251537 ], [ 126.939854001807447, 37.470396548583345 ], [ 126.940008332121664, 37.470407241926644 ], [ 126.940214083771252, 37.470420963896508 ], [ 126.940453612655901, 37.470449109105623 ], [ 126.940517668053374, 37.470457385464513 ], [ 126.940752854456491, 37.47048777222426 ], [ 126.940910208234683, 37.470506439822103 ], [ 126.940957343135622, 37.470512077235526 ], [ 126.941130310561547, 37.47052809548223 ], [ 126.941353602218513, 37.470552294085948 ], [ 126.941354408828047, 37.470543077234431 ], [ 126.941371853022289, 37.470343712135033 ], [ 126.941380594240101, 37.470227171821854 ], [ 126.941393245902759, 37.47011167775797 ], [ 126.941403900929259, 37.469990847834715 ], [ 126.941365786564774, 37.469957772434363 ], [ 126.941296385965884, 37.469947726943587 ], [ 126.941194297168778, 37.469932790303517 ], [ 126.941128728320635, 37.469923323312166 ], [ 126.941005743702277, 37.46990115879364 ], [ 126.940929834740473, 37.469887604852197 ], [ 126.94079502768146, 37.469863253624681 ], [ 126.940669894541657, 37.469842195886478 ], [ 126.940646418896591, 37.469837958091752 ], [ 126.940559751595615, 37.469823191026222 ], [ 126.940409427948339, 37.469793920886254 ], [ 126.940392019577828, 37.4697908034221 ], [ 126.940279831984157, 37.469770220487561 ], [ 126.940135639214105, 37.469761279809397 ], [ 126.94004768507601, 37.469783137482182 ], [ 126.940013249478582, 37.469772577827534 ], [ 126.940021079893043, 37.469749218888069 ], [ 126.939977599892686, 37.469726058490572 ], [ 126.939824368087301, 37.469700894666495 ], [ 126.939678344031663, 37.469653740925665 ], [ 126.939515105954868, 37.469549139014703 ], [ 126.93935792844546, 37.469443296679941 ], [ 126.939337750590411, 37.469429338533885 ], [ 126.939281236648256, 37.469393178552799 ], [ 126.939249046080619, 37.469374781128309 ], [ 126.939212793576061, 37.469363598590157 ], [ 126.939108076446388, 37.469340711911869 ], [ 126.93898049673642, 37.469313524268806 ], [ 126.938903178313993, 37.469296841797195 ], [ 126.938740371320947, 37.469273752810231 ], [ 126.938593018369744, 37.469279080463437 ], [ 126.938426366682506, 37.469281856802155 ], [ 126.938379521624199, 37.469282201195334 ], [ 126.938287700635797, 37.469278223728828 ], [ 126.938024804434932, 37.469257188510049 ], [ 126.937981940637471, 37.469254985045104 ], [ 126.937829907942188, 37.469244055130751 ], [ 126.937676615783261, 37.469105758508789 ], [ 126.937661053237306, 37.469088522916756 ], [ 126.937659442512881, 37.4690418590828 ], [ 126.937656899581484, 37.468934935639446 ], [ 126.937651637393714, 37.468861951522165 ], [ 126.937648155040392, 37.468809583323313 ], [ 126.937645726762639, 37.468740655251054 ], [ 126.937643962710297, 37.468688215899398 ], [ 126.937644383751618, 37.468552065500049 ], [ 126.93764172775002, 37.468466478648985 ], [ 126.937621836790782, 37.468466755316342 ], [ 126.937581230703358, 37.468468751602678 ], [ 126.937543008429458, 37.468472335832608 ], [ 126.937531433783818, 37.468459493871201 ], [ 126.937520172986765, 37.468460394183161 ], [ 126.937403540460821, 37.468469719421698 ], [ 126.937402247135765, 37.468461934050296 ], [ 126.937221026176289, 37.468480593584943 ], [ 126.937092147838584, 37.468493859149063 ], [ 126.937002385179142, 37.468503099526274 ], [ 126.936845458739583, 37.468519258846321 ], [ 126.936690137565847, 37.468535247647822 ], [ 126.93666764035666, 37.468537558992629 ], [ 126.936621402361425, 37.468542318840015 ], [ 126.936401969641039, 37.468564911533704 ], [ 126.936244600225933, 37.468583206090592 ], [ 126.936022898987503, 37.468614348250554 ], [ 126.935917279492855, 37.468632922419722 ], [ 126.935910543450007, 37.468634107103881 ], [ 126.93590298930873, 37.468634923724082 ], [ 126.935895120882392, 37.468635774407389 ], [ 126.935842957818153, 37.468642350686743 ], [ 126.935823925742895, 37.468637663 ], [ 126.93578718382723, 37.468641606985067 ], [ 126.935655475528563, 37.46865874372245 ], [ 126.935522975548963, 37.468676256490255 ], [ 126.935367073187535, 37.468696865375016 ], [ 126.935248931018634, 37.468712486556136 ], [ 126.935223089841571, 37.468699550773202 ], [ 126.935108969647601, 37.468730518158289 ], [ 126.934984846653862, 37.468747062846766 ], [ 126.934823053676951, 37.468768631770608 ], [ 126.934699710640842, 37.4687850684792 ], [ 126.934659169402053, 37.468790127209438 ], [ 126.934520632263059, 37.468807942679319 ], [ 126.934407679050352, 37.468822789295679 ], [ 126.934241612527188, 37.468844626198162 ], [ 126.934100293676508, 37.468863204543339 ], [ 126.933970053825149, 37.468880700640312 ], [ 126.933834500245695, 37.468898975621428 ], [ 126.933686510481095, 37.468918929086918 ], [ 126.933596857364307, 37.468931014109785 ], [ 126.933439031625028, 37.468952295096678 ], [ 126.933305286677196, 37.46897032904343 ], [ 126.933149817603564, 37.469010333853504 ], [ 126.932996245214028, 37.469065197103347 ], [ 126.932790000341726, 37.469138877621027 ], [ 126.932827693345374, 37.469207827190026 ], [ 126.932890213726864, 37.469322741433295 ], [ 126.932960295481763, 37.469451534577452 ], [ 126.933027680274265, 37.469575371497399 ], [ 126.933095494112266, 37.469700020428746 ], [ 126.933153614014373, 37.469806822946573 ], [ 126.933162236087227, 37.469822667570511 ], [ 126.933230964467015, 37.469949027052081 ], [ 126.93329750369972, 37.470071350535171 ], [ 126.933136952558598, 37.470227580892626 ], [ 126.93305032067812, 37.470271788908747 ], [ 126.932733785719122, 37.470359011410579 ], [ 126.93282159850429, 37.470482337735461 ], [ 126.932887587272461, 37.47065013294204 ], [ 126.932914408210308, 37.470729292625442 ], [ 126.932921858251447, 37.470790710220221 ], [ 126.932937928144227, 37.470944745117606 ], [ 126.932948900215592, 37.471048782195439 ], [ 126.932967798955232, 37.471162824101071 ], [ 126.932990450858412, 37.471227330132336 ], [ 126.933014798010817, 37.471279963723902 ], [ 126.933130865140924, 37.471511994162377 ], [ 126.933285292878921, 37.47187715179264 ], [ 126.93330555245393, 37.471925069812364 ], [ 126.933265810425794, 37.471994089816235 ], [ 126.933216115802253, 37.472080396101049 ], [ 126.933297287578625, 37.472249804494489 ], [ 126.933305601992529, 37.472268667283416 ], [ 126.933652422699055, 37.473089374152941 ], [ 126.933704149100336, 37.473081754334167 ], [ 126.933787227893333, 37.473069520411315 ], [ 126.934108639813644, 37.473026321808824 ], [ 126.934133208115441, 37.473023019229529 ], [ 126.934154962133704, 37.473019032080877 ], [ 126.934186187096259, 37.473017806492138 ], [ 126.934170667130516, 37.47291529867617 ], [ 126.934161522753357, 37.472850971779287 ], [ 126.934146536474444, 37.472733310295858 ], [ 126.934145384207113, 37.472707206687623 ], [ 126.934148796223582, 37.472633876917449 ], [ 126.934178932306935, 37.472535693799031 ], [ 126.934241688387417, 37.472443457844612 ], [ 126.934359981329465, 37.472367192169578 ], [ 126.934380926067135, 37.472357770570824 ], [ 126.934461017801866, 37.472322135431725 ], [ 126.934755146942862, 37.472191052880369 ], [ 126.934846027301589, 37.472150550950161 ], [ 126.934994584720826, 37.472083681146195 ], [ 126.935102146521828, 37.472034888368739 ], [ 126.935174115644145, 37.472005123618629 ], [ 126.935301172416047, 37.471949531822276 ], [ 126.935365147932544, 37.471920977928967 ], [ 126.935521931739544, 37.471882628805893 ], [ 126.935483240678039, 37.47178733604494 ], [ 126.935472945542671, 37.47173210692133 ], [ 126.935471802079761, 37.471721187027732 ], [ 126.93546560492311, 37.471698027788669 ], [ 126.935453486273019, 37.471621084373254 ], [ 126.935431129029553, 37.471501832240243 ], [ 126.935402796097364, 37.471339132195496 ], [ 126.935138340618451, 37.470926458812322 ], [ 126.935185277798951, 37.470913868421675 ], [ 126.935193021317133, 37.470912650106726 ], [ 126.935433998491121, 37.470874726736277 ], [ 126.935456384440272, 37.470871226241336 ], [ 126.935591488244214, 37.470853822228328 ], [ 126.93575180371262, 37.470833277682146 ], [ 126.935789451848336, 37.470828434111937 ], [ 126.935792223802039, 37.47082574075344 ], [ 126.935965055720658, 37.470802312460464 ], [ 126.936207348425242, 37.470771686366696 ], [ 126.936381309403501, 37.470749563642045 ], [ 126.936390218276273, 37.470748459417287 ], [ 126.936473959428042, 37.470738054802702 ], [ 126.936588542429263, 37.470723818893831 ], [ 126.936769998453713, 37.470701213172745 ], [ 126.936837041048705, 37.470692870556761 ], [ 126.937042987158634, 37.470667309012498 ], [ 126.937043030120165, 37.470667303629931 ], [ 126.937048321187419, 37.470666621754162 ], [ 126.937108490110248, 37.470658869896127 ], [ 126.937266430585225, 37.470638594102624 ], [ 126.937343081687203, 37.470630436623665 ], [ 126.937364404288957, 37.470627601030877 ], [ 126.9374920911537, 37.470610604377732 ], [ 126.937634882337008, 37.470591670486712 ], [ 126.937650484138061, 37.470589697613654 ], [ 126.937752008950795, 37.470576777992861 ], [ 126.938132299471164, 37.470525544308643 ], [ 126.938412652566541, 37.47049470884825 ], [ 126.938424907691271, 37.470493362985984 ], [ 126.938462883351193, 37.470488473688349 ], [ 126.938710111602489, 37.470460781463188 ], [ 126.938875160839913, 37.470441543450058 ], [ 126.938943445637861, 37.470434181489352 ], [ 126.939305663275277, 37.470404927943477 ], [ 126.939475013095318, 37.470393096701073 ] ] ] } },
{ "type": "Feature", "properties": { "OBJECTID": 3863, "ID": "중심지_09", "CODE": "ZON510", "ENT_NAME": "중심지", "JOSER_ID": null, "GOSI_ID": null, "LABEL": "강남도심(동남권)", "GOSI_DATE": null }, "geometry": { "type": "Polygon", "coordinates": [ [ [ 127.020429772208729, 37.519622378684609 ], [ 127.020444413007169, 37.51959957303832 ], [ 127.02065447881057, 37.519256596776081 ], [ 127.020683985026636, 37.51921463982562 ], [ 127.021138755209364, 37.518552614317088 ], [ 127.021168968174962, 37.518507559499142 ], [ 127.021401116115342, 37.518153036411633 ], [ 127.021422669553075, 37.518120088764981 ], [ 127.021672311759588, 37.517740179311886 ], [ 127.022265171619708, 37.517990144500352 ], [ 127.022305703886431, 37.518008608692526 ], [ 127.022681987972348, 37.517442491115823 ], [ 127.022747920306387, 37.517469920019906 ], [ 127.023577296231778, 37.517828906860224 ], [ 127.025299396775921, 37.51853579144084 ], [ 127.026389116245369, 37.519002331519786 ], [ 127.027894741631798, 37.519662171700048 ], [ 127.028978727959398, 37.519977464161215 ], [ 127.030528412281342, 37.520474928030232 ], [ 127.03362428629373, 37.52146234886024 ], [ 127.036086923342054, 37.522237418905185 ], [ 127.038967191217722, 37.523163094567408 ], [ 127.039408055463312, 37.523223274687631 ], [ 127.043494537498589, 37.523732221202081 ], [ 127.044690613661061, 37.523872593969486 ], [ 127.046279663202753, 37.524066058755935 ], [ 127.047149828969424, 37.52417608775481 ], [ 127.047539525231997, 37.524230136809521 ], [ 127.050448870335885, 37.52459031049311 ], [ 127.052838724459448, 37.524888066159974 ], [ 127.052839542431755, 37.524888167616993 ], [ 127.053453834160493, 37.524962123055083 ], [ 127.053479144742383, 37.524964938343686 ], [ 127.053504529672608, 37.524967296789747 ], [ 127.053529974243588, 37.524969197498677 ], [ 127.053555466011048, 37.524970640475999 ], [ 127.053580992529945, 37.524971624826115 ], [ 127.053606541354668, 37.524972148752518 ], [ 127.053632097779612, 37.524972214063645 ], [ 127.053657649358527, 37.524971818062042 ], [ 127.053683182517602, 37.524970963456674 ], [ 127.053708685943164, 37.524969649351547 ], [ 127.053734144929578, 37.524967877555191 ], [ 127.053759548163072, 37.524965647171634 ], [ 127.053784880938693, 37.524962960910393 ], [ 127.053810130812082, 37.524959818777049 ], [ 127.053835285340753, 37.524956223480118 ], [ 127.053860332081669, 37.524952176827185 ], [ 127.053885256329224, 37.524947680626816 ], [ 127.053910047902875, 37.524942736685631 ], [ 127.053934692098281, 37.524937348614145 ], [ 127.053959177603105, 37.524931517318521 ], [ 127.05398349197678, 37.524925248210366 ], [ 127.054007621645084, 37.524918543097748 ], [ 127.054031555296902, 37.524911404688851 ], [ 127.054055280491738, 37.524903838395232 ], [ 127.054078784787322, 37.524895846925595 ], [ 127.054102055741907, 37.524887433889575 ], [ 127.054125083178334, 37.524878605598772 ], [ 127.054147853522991, 37.524869364762417 ], [ 127.054170356597439, 37.524859715890102 ], [ 127.054192579961949, 37.524849665294532 ], [ 127.054214513438126, 37.524839217485372 ], [ 127.054236143454375, 37.524828377874798 ], [ 127.05425746096364, 37.524817150972005 ], [ 127.054278455789344, 37.524805543989665 ], [ 127.054299114360106, 37.524793562339958 ], [ 127.054319428761332, 37.524781212333579 ], [ 127.054339387684138, 37.524768499381729 ], [ 127.054358980952131, 37.524755430697105 ], [ 127.054378198388392, 37.524742012591368 ], [ 127.054397029817153, 37.524728253178253 ], [ 127.054415467323437, 37.524714157867422 ], [ 127.054433499599682, 37.524699733872126 ], [ 127.054451117601545, 37.524684989305527 ], [ 127.054468314547236, 37.524669932279785 ], [ 127.054485079128668, 37.524654569107142 ], [ 127.054501403433463, 37.524638908801286 ], [ 127.054517279547326, 37.524622957672875 ], [ 127.054532698427352, 37.524606725637099 ], [ 127.054547654423118, 37.524590220805663 ], [ 127.054562137358545, 37.524573450391252 ], [ 127.054576141584491, 37.524556424307526 ], [ 127.054589659187471, 37.524539149766127 ], [ 127.05460268338723, 37.524521636681264 ], [ 127.054615207402719, 37.524503894066036 ], [ 127.054627225584369, 37.524485930933167 ], [ 127.054638730019406, 37.524467755395236 ], [ 127.054649717321951, 37.524449378265921 ], [ 127.054660179579301, 37.524430807657851 ], [ 127.055710222735556, 37.522509169407911 ], [ 127.057009652831766, 37.520126718083802 ], [ 127.059945058517854, 37.514716453413179 ], [ 127.060199120774342, 37.514247552546784 ], [ 127.064854281818896, 37.515043375161113 ], [ 127.066667971787908, 37.515433584217398 ], [ 127.069815324526289, 37.51573493303129 ], [ 127.069718312814999, 37.516377887673741 ], [ 127.069696035704908, 37.517169317430202 ], [ 127.069695008872117, 37.517188240740275 ], [ 127.06969455893632, 37.517207178133241 ], [ 127.069694684756982, 37.517226118797801 ], [ 127.069695386323858, 37.517245051021057 ], [ 127.069696663628392, 37.51726396489196 ], [ 127.069698515528358, 37.517282847797311 ], [ 127.069700940884076, 37.517301689826731 ], [ 127.069703938554142, 37.51732047926788 ], [ 127.069707507398817, 37.517339206210472 ], [ 127.069711645144722, 37.517357858041777 ], [ 127.069716348389846, 37.517376424852749 ], [ 127.069721614861621, 37.517394894931719 ], [ 127.069727441157994, 37.517413258369579 ], [ 127.069733825007148, 37.517431504355649 ], [ 127.06974076074313, 37.51744962118012 ], [ 127.069748246094946, 37.517467598933308 ], [ 127.06975627652848, 37.517485426805735 ], [ 127.0697648463793, 37.517503094889598 ], [ 127.069773951113348, 37.517520592375497 ], [ 127.069783585066077, 37.517537909355603 ], [ 127.06979374257223, 37.517555035021111 ], [ 127.069804419098375, 37.517571959463531 ], [ 127.069815606718606, 37.517588673677395 ], [ 127.069827298635516, 37.517605165953526 ], [ 127.069839489187061, 37.517621429087086 ], [ 127.069852171575775, 37.51763745136887 ], [ 127.069865336744442, 37.517653223794049 ], [ 127.069878977898981, 37.517668738257427 ], [ 127.069893085981221, 37.517683984853093 ], [ 127.069907655327313, 37.51769895457425 ], [ 127.069922674618425, 37.517713639318309 ], [ 127.069938135928396, 37.517728030079716 ], [ 127.069954031330127, 37.517742116951943 ], [ 127.069970349507201, 37.517755894535398 ], [ 127.069987082531682, 37.517769352022547 ], [ 127.0700042190863, 37.517782483112846 ], [ 127.070021751245505, 37.517795279701694 ], [ 127.070039666560007, 37.517807734588253 ], [ 127.07005795597307, 37.517819839668526 ], [ 127.070076607036114, 37.5178315886427 ], [ 127.070095610692462, 37.517842973406871 ], [ 127.070114955626224, 37.517853989462452 ], [ 127.070134629386388, 37.517864627806567 ], [ 127.070154620657064, 37.517874883940628 ], [ 127.070174918120699, 37.517884751564083 ], [ 127.070195510459854, 37.517894224376413 ], [ 127.070216384095389, 37.517903296979384 ], [ 127.070237527710617, 37.517911963973432 ], [ 127.070258928858365, 37.517920220860681 ], [ 127.070280575090749, 37.517928062242291 ], [ 127.070302452829424, 37.517935483621066 ], [ 127.070324549627273, 37.51794248049908 ], [ 127.070346853037876, 37.517949049279579 ], [ 127.070369350614087, 37.517955185464622 ], [ 127.070392027647202, 37.517960885458756 ], [ 127.070414870561322, 37.517966147467803 ], [ 127.070437868039534, 37.517970966092292 ], [ 127.070461004243569, 37.517975339539376 ], [ 127.070484266727874, 37.517979265113233 ], [ 127.070507643047634, 37.517982741019118 ], [ 127.071342297961735, 37.518145918269809 ], [ 127.071357394757712, 37.518148696124655 ], [ 127.071372580608241, 37.518151143259466 ], [ 127.071387845330975, 37.51815325787819 ], [ 127.071403177612481, 37.518155038185533 ], [ 127.071418565009751, 37.518156484188822 ], [ 127.071433996208484, 37.518157593191745 ], [ 127.071721005040416, 37.518175070764471 ], [ 127.071982194530207, 37.518166520662263 ], [ 127.072349886991987, 37.518125360393825 ], [ 127.072801012722024, 37.518041879341631 ], [ 127.073136038163668, 37.517973113604853 ], [ 127.073271694913004, 37.517946322155204 ], [ 127.075882476108518, 37.517444114037573 ], [ 127.076930510106962, 37.516789664397379 ], [ 127.076944114552674, 37.516780895326931 ], [ 127.076957372532021, 37.51677179400869 ], [ 127.076970269350966, 37.516762371264086 ], [ 127.076982794837392, 37.516752635208633 ], [ 127.07699493542674, 37.516742594861185 ], [ 127.077006680947775, 37.516732259238232 ], [ 127.077018018969866, 37.516721640060844 ], [ 127.077028939321877, 37.516710746345545 ], [ 127.077039430703365, 37.516699588911685 ], [ 127.077049484075332, 37.516688177676052 ], [ 127.077059089270321, 37.516676525259228 ], [ 127.077068238379596, 37.516664640676368 ], [ 127.077076920104616, 37.516652536548712 ], [ 127.0770851276705, 37.516640224593665 ], [ 127.077092853170399, 37.516627715628303 ], [ 127.077100088699197, 37.516615022271765 ], [ 127.077106828614205, 37.516602157141662 ], [ 127.077113065009442, 37.516589131956096 ], [ 127.077118792242189, 37.516575959332705 ], [ 127.077124005800883, 37.516562651888407 ], [ 127.077128698911622, 37.516549222241537 ], [ 127.077132869325197, 37.516535683007532 ], [ 127.077767632313211, 37.514327486484142 ], [ 127.078217043396023, 37.512356781915358 ], [ 127.078254665965147, 37.512051536741886 ], [ 127.07833684564379, 37.511717868560901 ], [ 127.076233783434844, 37.511424035619001 ], [ 127.071713003757566, 37.510733612161054 ], [ 127.070498806671793, 37.510597962447868 ], [ 127.067685269030207, 37.510101945854885 ], [ 127.067697961644285, 37.509852229203766 ], [ 127.06785639145113, 37.508644446396048 ], [ 127.067744641551315, 37.50758210705574 ], [ 127.067249673159438, 37.505889212625306 ], [ 127.064011187639025, 37.504849941126672 ], [ 127.058633145628434, 37.503090435895118 ], [ 127.05085511052161, 37.500553332068392 ], [ 127.044686932403337, 37.498509723890884 ], [ 127.039249316351984, 37.495868802040555 ], [ 127.033400197132735, 37.494065979196215 ], [ 127.035051671112996, 37.490612602913004 ], [ 127.036779934479767, 37.491147314527154 ], [ 127.037415124340015, 37.489777638087119 ], [ 127.037426910956341, 37.489406483639854 ], [ 127.037426835256042, 37.489307395247245 ], [ 127.037452006167186, 37.488634280814864 ], [ 127.03747277712614, 37.488423714285716 ], [ 127.0380440197209, 37.485917629979404 ], [ 127.038224719093861, 37.485137727925341 ], [ 127.03768157680436, 37.485057815350395 ], [ 127.037722448771333, 37.484881411157822 ], [ 127.037895096147309, 37.484473841647215 ], [ 127.038248382413059, 37.483723604726769 ], [ 127.038058649497216, 37.483661039467215 ], [ 127.038197427683571, 37.483288582911165 ], [ 127.03834671000223, 37.482933941998574 ], [ 127.038567882857294, 37.4820321758639 ], [ 127.03837588277959, 37.481981592422649 ], [ 127.037923124287119, 37.481841427036898 ], [ 127.037623598141607, 37.481753068528114 ], [ 127.036807780708571, 37.481492081324653 ], [ 127.037054716376289, 37.481214246542038 ], [ 127.036870800570938, 37.481194030079315 ], [ 127.0368279378566, 37.481166742547437 ], [ 127.036868664796074, 37.481153094610768 ], [ 127.036545784828803, 37.481022035568898 ], [ 127.036371711695992, 37.480951103433306 ], [ 127.036276349461886, 37.480815440674554 ], [ 127.036045413229161, 37.480804915308546 ], [ 127.035770960788071, 37.480966220429423 ], [ 127.035598711810238, 37.481165824081977 ], [ 127.035464604385652, 37.481321198069196 ], [ 127.035202000322727, 37.481345055163239 ], [ 127.035192165291193, 37.48163502009529 ], [ 127.035183425902304, 37.481895084964911 ], [ 127.034904220364993, 37.482166107051029 ], [ 127.034663525524252, 37.482376441528388 ], [ 127.034591318471712, 37.482589521569217 ], [ 127.034548866933406, 37.482674326686485 ], [ 127.034473340342927, 37.482754915320839 ], [ 127.034191994656823, 37.482958994585218 ], [ 127.033847649941009, 37.48285664905913 ], [ 127.033648588743304, 37.482797471530098 ], [ 127.03364530584409, 37.482798507673408 ], [ 127.033345680014278, 37.482712174624893 ], [ 127.032996586306382, 37.482611587548824 ], [ 127.032945134383326, 37.48258051940013 ], [ 127.031866008908949, 37.48215877243176 ], [ 127.031760290767409, 37.482117443570807 ], [ 127.0306828248046, 37.481736482686621 ], [ 127.030509392419503, 37.481628369143209 ], [ 127.029997907071319, 37.481581749580144 ], [ 127.029529723811692, 37.481584314032261 ], [ 127.028765214649951, 37.481948288402684 ], [ 127.028690114539614, 37.483409009174288 ], [ 127.028680832837665, 37.48358930887229 ], [ 127.028662990695523, 37.483790648008913 ], [ 127.027921530375238, 37.484000752021345 ], [ 127.027736944475009, 37.484091195082854 ], [ 127.027526192852775, 37.484191977199934 ], [ 127.027334528701218, 37.484280776860778 ], [ 127.027084357489727, 37.484402994402863 ], [ 127.026853726050263, 37.484513681617926 ], [ 127.0266498625964, 37.484608696082589 ], [ 127.026329448185265, 37.484758067796584 ], [ 127.025892736459014, 37.485008996497648 ], [ 127.025690148697976, 37.485200645900903 ], [ 127.025564601397676, 37.48536444917687 ], [ 127.025467728418121, 37.485510467053565 ], [ 127.025115314937793, 37.485881016040622 ], [ 127.024590185893899, 37.487271186512878 ], [ 127.023220131941187, 37.490867877639879 ], [ 127.02317903879802, 37.490975501539836 ], [ 127.022918324225998, 37.490897695433844 ], [ 127.022382480271375, 37.490736099596205 ], [ 127.021980289873525, 37.490613974494607 ], [ 127.021006513773713, 37.490319787778226 ], [ 127.020938635679997, 37.490299084960448 ], [ 127.01952299781756, 37.48986971856646 ], [ 127.017375446571009, 37.489219094129304 ], [ 127.01538045113449, 37.488616605495608 ], [ 127.012759910932132, 37.48781826496149 ], [ 127.010666698147091, 37.487193925103433 ], [ 127.010234404276915, 37.487066034608503 ], [ 127.010025406637126, 37.487001632796314 ], [ 127.009776163910672, 37.487494869991423 ], [ 127.009297418925925, 37.488482576653439 ], [ 127.008932821255343, 37.489234752595308 ], [ 127.008437533274261, 37.490264034976853 ], [ 127.007865152925433, 37.491444052980398 ], [ 127.007468219057273, 37.492179026568223 ], [ 127.006596647436751, 37.494020495559184 ], [ 127.006874352364179, 37.493979121999772 ], [ 127.007446940392171, 37.49409727787139 ], [ 127.00791275541232, 37.494147148228699 ], [ 127.008560121304725, 37.494357665112453 ], [ 127.00928851173623, 37.494566714420678 ], [ 127.009812963815321, 37.494560989844118 ], [ 127.010877728726243, 37.494905479539732 ], [ 127.013088032719466, 37.495555964838395 ], [ 127.013241012784178, 37.495609605173271 ], [ 127.01302627218459, 37.496486576180921 ], [ 127.012966615396508, 37.496748195227646 ], [ 127.014073045433705, 37.496897032405251 ], [ 127.015074452154622, 37.49707321574121 ], [ 127.015830004815626, 37.497175675644307 ], [ 127.015964018231983, 37.497195536275079 ], [ 127.01610126980998, 37.497246946642434 ], [ 127.017952762091895, 37.498153357346077 ], [ 127.018584584616448, 37.497289598844674 ], [ 127.018619990596761, 37.497246364684798 ], [ 127.018830626051795, 37.497284021897862 ], [ 127.019530784672412, 37.497471486316478 ], [ 127.019783563147101, 37.497447530480223 ], [ 127.02035378669288, 37.497366305963034 ], [ 127.020574951751087, 37.497293509403789 ], [ 127.020762742621955, 37.497338690197751 ], [ 127.018600933160343, 37.50304229317193 ], [ 127.018134156486894, 37.504037612288201 ], [ 127.0166514515861, 37.508085789349536 ], [ 127.016180964501544, 37.509405190915338 ], [ 127.016077552213503, 37.509661125681113 ], [ 127.015526982812702, 37.511115578275181 ], [ 127.015378805268668, 37.511535821666087 ], [ 127.015339663175197, 37.511704335211498 ], [ 127.015283164602366, 37.512001670798149 ], [ 127.015249270525771, 37.512208904029627 ], [ 127.015204080326029, 37.512497228269382 ], [ 127.015181509734106, 37.512776539895327 ], [ 127.01517025637871, 37.513091890066072 ], [ 127.015170353758649, 37.513626481132597 ], [ 127.01521566772125, 37.514010901417166 ], [ 127.015317599294079, 37.514731686791578 ], [ 127.015385964193911, 37.514967508305091 ], [ 127.015534790763795, 37.515350645775378 ], [ 127.015724143227303, 37.515928467253502 ], [ 127.015966435604582, 37.516464314403791 ], [ 127.016181717182619, 37.516911939722227 ], [ 127.016331021885122, 37.517213157436501 ], [ 127.016488898372771, 37.517519293298797 ], [ 127.016654622659487, 37.517840644850295 ], [ 127.016735640821054, 37.517997743815741 ], [ 127.017020563323371, 37.51836711510721 ], [ 127.017460864918633, 37.51887976820953 ], [ 127.017821044230928, 37.519204933487927 ], [ 127.018185935913664, 37.519596815720014 ], [ 127.018958160673847, 37.519058464655892 ], [ 127.019491023104067, 37.519162316443136 ], [ 127.019560755633663, 37.519195389476543 ], [ 127.020429772208729, 37.519622378684609 ] ] ] } },
{ "type": "Feature", "properties": { "OBJECTID": 3856, "ID": "중심지_68", "CODE": "ZON540", "ENT_NAME": "중심지", "JOSER_ID": null, "GOSI_ID": null, "LABEL": "신정네거리지구중심(서남권)", "GOSI_DATE": null }, "geometry": { "type": "Polygon", "coordinates": [ [ [ 126.852758068079424, 37.522172164850076 ], [ 126.852807320038352, 37.522150062403888 ], [ 126.85406497528146, 37.522292218584951 ], [ 126.855322635337245, 37.52243436318372 ], [ 126.856580302472722, 37.52257649349977 ], [ 126.856653088890027, 37.522171058667027 ], [ 126.85666824756278, 37.522053857863398 ], [ 126.856774655085204, 37.521424614722974 ], [ 126.856932548886562, 37.521442407232009 ], [ 126.857011222582045, 37.520999950221807 ], [ 126.856012257200646, 37.520886985190252 ], [ 126.855859013084711, 37.520869676513662 ], [ 126.85480564565961, 37.520750613731998 ], [ 126.854733713052184, 37.520686914133655 ], [ 126.854395641939064, 37.520318796656149 ], [ 126.85402037173516, 37.520173628874623 ], [ 126.854008977421088, 37.520158028335977 ], [ 126.854078118200647, 37.519282887299724 ], [ 126.854113794718629, 37.519317800332111 ], [ 126.854695225761503, 37.519383535771809 ], [ 126.85475011327587, 37.518961086881369 ], [ 126.854637511019916, 37.518531557894256 ], [ 126.854351358986051, 37.518445123355399 ], [ 126.854104800822242, 37.518369491819492 ], [ 126.854022028609648, 37.518354792371227 ], [ 126.853932234630889, 37.518401893258051 ], [ 126.853937128323039, 37.518339716293184 ], [ 126.853564952447599, 37.518273618620697 ], [ 126.853565091066784, 37.518271014017401 ], [ 126.853629150660254, 37.51818349228261 ], [ 126.853920197609156, 37.517504924898873 ], [ 126.85341528951939, 37.517361259922055 ], [ 126.853329047239512, 37.51738594354503 ], [ 126.853136603412096, 37.517841501930512 ], [ 126.85301860725238, 37.518182726299877 ], [ 126.852628990442341, 37.51905950590502 ], [ 126.852241750470611, 37.519940101901675 ], [ 126.852179690888093, 37.520121946929251 ], [ 126.852121500455993, 37.520206945275952 ], [ 126.851744584975066, 37.520708038229962 ], [ 126.851646209330568, 37.520810897146795 ], [ 126.85070146839827, 37.521484810854247 ], [ 126.850519340763555, 37.5215608626769 ], [ 126.8500809579471, 37.521663286026865 ], [ 126.849726533136419, 37.521689530263153 ], [ 126.849797370062561, 37.52226033102469 ], [ 126.849797467179556, 37.522260414040922 ], [ 126.849763746633002, 37.522263184527979 ], [ 126.849413530837424, 37.52229144965284 ], [ 126.849217129273072, 37.52230753070274 ], [ 126.8485533855591, 37.522361293085929 ], [ 126.848541054487796, 37.522806033186157 ], [ 126.848578882180988, 37.522839600064025 ], [ 126.848431370523045, 37.523392889787637 ], [ 126.848928088341367, 37.523508499397522 ], [ 126.850315073930304, 37.523830991068749 ], [ 126.851702071506637, 37.524153468263329 ], [ 126.852230076794129, 37.523162816934743 ], [ 126.852758068079424, 37.522172164850076 ] ] ] } }
]
}
